Log file open, 02/11/26 10:12:50
LogWindows: Failed to load 'aqProf.dll' (GetLastError=126)
LogWindows: File 'aqProf.dll' does not exist
LogWindows: Failed to load 'VtuneApi.dll' (GetLastError=126)
LogWindows: File 'VtuneApi.dll' does not exist
LogWindows: Failed to load 'VtuneApi32e.dll' (GetLastError=126)
LogWindows: File 'VtuneApi32e.dll' does not exist
LogConsoleResponse: Display: Failed to find resolution value strings in scalability ini. Falling back to default.
LogConsoleResponse: Display: Failed to find resolution value strings in scalability ini. Falling back to default.
LogInit: Display: Running engine for game: Dormitory
LogPlatformFile: Not using cached read wrapper
LogTaskGraph: Started task graph with 5 named threads and 35 total threads with 3 sets of task threads.
LogStats: Stats thread started at 0.185036
LogICUInternationalization: ICU TimeZone Detection - Raw Offset: +8:00, Platform Override: ''
LogInit: Display: Loading text-based GConfig....
LogPluginManager: Mounting plugin MeshPainting
LogPluginManager: Mounting plugin XGEController
LogPluginManager: Mounting plugin AISupport
LogPluginManager: Mounting plugin Paper2D
LogPluginManager: Mounting plugin EnvironmentQueryEditor
LogPluginManager: Mounting plugin LiveLink
LogPluginManager: Mounting plugin LightPropagationVolume
LogPluginManager: Mounting plugin CameraShakePreviewer
LogPluginManager: Mounting plugin AssetManagerEditor
LogPluginManager: Mounting plugin CryptoKeys
LogPluginManager: Mounting plugin DataValidation
LogPluginManager: Mounting plugin CurveEditorTools
LogPluginManager: Mounting plugin FacialAnimation
LogPluginManager: Mounting plugin GameplayTagsEditor
LogPluginManager: Mounting plugin MacGraphicsSwitching
LogPluginManager: Mounting plugin MaterialAnalyzer
LogPluginManager: Mounting plugin PluginBrowser
LogPluginManager: Mounting plugin GeometryMode
LogPluginManager: Mounting plugin MobileLauncherProfileWizard
LogPluginManager: Mounting plugin SpeedTreeImporter
LogPluginManager: Mounting plugin StylusInput
LogPluginManager: Mounting plugin OodleData
LogPluginManager: Mounting plugin DatasmithContent
LogPluginManager: Mounting plugin AlembicImporter
LogPluginManager: Mounting plugin VariantManagerContent
LogPluginManager: Mounting plugin AutomationUtils
LogPluginManager: Mounting plugin BackChannel
LogPluginManager: Mounting plugin ChaosCloth
LogPluginManager: Mounting plugin ChaosClothEditor
LogPluginManager: Mounting plugin ChaosEditor
LogPluginManager: Mounting plugin ChaosSolverPlugin
LogPluginManager: Mounting plugin ChaosNiagara
LogPluginManager: Mounting plugin CharacterAI
LogPluginManager: Mounting plugin GeometryCache
LogPluginManager: Mounting plugin OodleNetwork
LogPluginManager: Mounting plugin GeometryCollectionPlugin
LogPluginManager: Mounting plugin GeometryProcessing
LogPluginManager: Mounting plugin MeshModelingToolset
LogPluginManager: Mounting plugin MotoSynth
LogPluginManager: Mounting plugin ModelingToolsEditorMode
LogPluginManager: Mounting plugin OpenImageDenoise
LogPluginManager: Mounting plugin PlanarCut
LogPluginManager: Mounting plugin PythonScriptPlugin
LogPluginManager: Mounting plugin ProxyLODPlugin
LogPluginManager: Mounting plugin PlatformCrypto
LogPluginManager: Mounting plugin SkeletalReduction
LogPluginManager: Mounting plugin Niagara
LogPluginManager: Mounting plugin AnimationSharing
LogPluginManager: Mounting plugin CLionSourceCodeAccess
LogPluginManager: Mounting plugin CodeLiteSourceCodeAccess
LogPluginManager: Mounting plugin GitSourceControl
LogPluginManager: Mounting plugin KDevelopSourceCodeAccess
LogPluginManager: Mounting plugin PlasticSourceControl
LogPluginManager: Mounting plugin PixWinPlugin
LogPluginManager: Mounting plugin NullSourceCodeAccess
LogPluginManager: Mounting plugin PerforceSourceControl
LogPluginManager: Mounting plugin PluginUtils
LogPluginManager: Mounting plugin PropertyAccessNode
LogPluginManager: Mounting plugin SubversionSourceControl
LogPluginManager: Mounting plugin TextureFormatOodle
LogPluginManager: Mounting plugin RiderSourceCodeAccess
LogPluginManager: Mounting plugin UObjectPlugin
LogPluginManager: Mounting plugin XCodeSourceCodeAccess
LogPluginManager: Mounting plugin VisualStudioSourceCodeAccess
LogPluginManager: Mounting plugin VisualStudioCodeSourceCodeAccess
LogPluginManager: Mounting plugin AndroidMedia
LogPluginManager: Mounting plugin AvfMedia
LogPluginManager: Mounting plugin ImgMedia
LogPluginManager: Mounting plugin MediaCompositing
LogPluginManager: Mounting plugin MediaPlayerEditor
LogPluginManager: Mounting plugin WebMMedia
LogPluginManager: Mounting plugin WmfMedia
LogPluginManager: Mounting plugin LuminPlatformFeatures
LogPluginManager: Mounting plugin MagicLeap
LogPluginManager: Mounting plugin MagicLeapLightEstimation
LogPluginManager: Mounting plugin MagicLeapMedia
LogPluginManager: Mounting plugin MagicLeapPassableWorld
LogPluginManager: Mounting plugin MLSDK
LogPluginManager: Mounting plugin TcpMessaging
LogPluginManager: Mounting plugin UdpMessaging
LogPluginManager: Mounting plugin OnlineSubsystem
LogPluginManager: Mounting plugin OnlineSubsystemNull
LogPluginManager: Mounting plugin OnlineSubsystemUtils
LogPluginManager: Mounting plugin ActorSequence
LogPluginManager: Mounting plugin LauncherChunkInstaller
LogPluginManager: Mounting plugin LevelSequenceEditor
LogPluginManager: Mounting plugin MatineeToLevelSequence
LogPluginManager: Mounting plugin TemplateSequence
LogPluginManager: Mounting plugin ScreenshotTools
LogPluginManager: Mounting plugin Takes
LogPluginManager: Mounting plugin ActorLayerUtilities
LogPluginManager: Mounting plugin AndroidDeviceProfileSelector
LogPluginManager: Mounting plugin AndroidMoviePlayer
LogPluginManager: Mounting plugin AndroidPermission
LogPluginManager: Mounting plugin AppleImageUtils
LogPluginManager: Mounting plugin AppleMoviePlayer
LogPluginManager: Mounting plugin ArchVisCharacter
LogPluginManager: Mounting plugin AudioCapture
LogPluginManager: Mounting plugin AssetTags
LogPluginManager: Mounting plugin AudioSynesthesia
LogPluginManager: Mounting plugin CableComponent
LogPluginManager: Mounting plugin ChunkDownloader
LogPluginManager: Mounting plugin CustomMeshComponent
LogPluginManager: Mounting plugin EditableMesh
LogPluginManager: Mounting plugin ExampleDeviceProfileSelector
LogPluginManager: Mounting plugin GoogleCloudMessaging
LogPluginManager: Mounting plugin GooglePAD
LogPluginManager: Mounting plugin HairStrands
LogPluginManager: Mounting plugin IOSDeviceProfileSelector
LogPluginManager: Mounting plugin LinuxDeviceProfileSelector
LogPluginManager: Mounting plugin LocationServicesBPLibrary
LogPluginManager: Mounting plugin MobilePatchingUtils
LogPluginManager: Mounting plugin OpenXR
LogPluginManager: Mounting plugin OpenXREyeTracker
LogPluginManager: Mounting plugin OpenXRHandTracking
LogPluginManager: Mounting plugin PhysXVehicles
LogPluginManager: Mounting plugin PostSplashScreen
LogPluginManager: Mounting plugin ProceduralMeshComponent
LogPluginManager: Mounting plugin PropertyAccessEditor
LogPluginManager: Mounting plugin RuntimePhysXCooking
LogPluginManager: Mounting plugin SignificanceManager
LogPluginManager: Mounting plugin SoundFields
LogPluginManager: Mounting plugin Synthesis
LogPluginManager: Mounting plugin WebMMoviePlayer
LogPluginManager: Mounting plugin WindowsMoviePlayer
LogPluginManager: Mounting plugin GameplayCameras
LogPluginManager: Mounting plugin ContentBrowserAssetDataSource
LogPluginManager: Mounting plugin ContentBrowserClassDataSource
LogPluginManager: Mounting plugin ContentBrowserFileDataSource
LogPluginManager: Mounting plugin OnlineSubsystemGooglePlay
LogPluginManager: Mounting plugin OnlineSubsystemIOS
LogPluginManager: Mounting plugin OculusVR
LogPluginManager: Mounting plugin SteamVR
PixWinPlugin: PIX capture plugin failed to initialize! Check that the process is launched from PIX.
LogInit: Using libcurl 7.55.1-DEV
LogInit:  - built for x86_64-pc-win32
LogInit:  - supports SSL with OpenSSL/1.1.1
LogInit:  - supports HTTP deflate (compression) using libz 1.2.8
LogInit:  - other features:
LogInit:      CURL_VERSION_SSL
LogInit:      CURL_VERSION_LIBZ
LogInit:      CURL_VERSION_IPV6
LogInit:      CURL_VERSION_ASYNCHDNS
LogInit:      CURL_VERSION_LARGEFILE
LogInit:      CURL_VERSION_IDN
LogInit:  CurlRequestOptions (configurable via config and command line):
LogInit:  - bVerifyPeer = true  - Libcurl will verify peer certificate
LogInit:  - bUseHttpProxy = false  - Libcurl will NOT use HTTP proxy
LogInit:  - bDontReuseConnections = false  - Libcurl will reuse connections
LogInit:  - MaxHostConnections = 16  - Libcurl will limit the number of connections to a host
LogInit:  - LocalHostAddr = Default
LogInit:  - BufferSize = 65536
LogOnline: OSS: Creating online subsystem instance for: NULL
LogInit: WinSock: version 1.1 (2.2), MaxSocks=32767, MaxUdp=65467
LogOnline: OSS: TryLoadSubsystemAndSetDefault: Loaded subsystem for module [NULL]
LogOculusPluginWrapper: OculusPlugin initialized successfully
LogHMD: Failed initializing OVRPlugin 1.59.0
LogInit: Build: ++UE4+Release-4.27-CL-18319896
LogInit: Engine Version: 4.27.2-18319896+++UE4+Release-4.27
LogInit: Compatible Engine Version: 4.27.0-17155196+++UE4+Release-4.27
LogInit: Net CL: 17155196
LogInit: OS: Windows 10 (Release 2009) (), CPU: 12th Gen Intel(R) Core(TM) i5-12400F, GPU: NVIDIA GeForce GTX 1660
LogInit: Compiled (64-bit): Nov 30 2021 07:12:08
LogInit: Compiled with Visual C++: 19.24.28315.00
LogInit: Build Configuration: Development
LogInit: Branch Name: ++UE4+Release-4.27
LogInit: Command Line: 
LogInit: Base Directory: C:/Program Files/Epic Games/UE_4.27/Engine/Binaries/Win64/
LogInit: Allocator: TBB
LogInit: Installed Engine Build: 1
LogDevObjectVersion: Number of dev versions registered: 29
LogDevObjectVersion:   Dev-Blueprints (B0D832E4-1F89-4F0D-ACCF-7EB736FD4AA2): 10
LogDevObjectVersion:   Dev-Build (E1C64328-A22C-4D53-A36C-8E866417BD8C): 0
LogDevObjectVersion:   Dev-Core (375EC13C-06E4-48FB-B500-84F0262A717E): 4
LogDevObjectVersion:   Dev-Editor (E4B068ED-F494-42E9-A231-DA0B2E46BB41): 40
LogDevObjectVersion:   Dev-Framework (CFFC743F-43B0-4480-9391-14DF171D2073): 37
LogDevObjectVersion:   Dev-Mobile (B02B49B5-BB20-44E9-A304-32B752E40360): 3
LogDevObjectVersion:   Dev-Networking (A4E4105C-59A1-49B5-A7C5-40C4547EDFEE): 0
LogDevObjectVersion:   Dev-Online (39C831C9-5AE6-47DC-9A44-9C173E1C8E7C): 0
LogDevObjectVersion:   Dev-Physics (78F01B33-EBEA-4F98-B9B4-84EACCB95AA2): 14
LogDevObjectVersion:   Dev-Platform (6631380F-2D4D-43E0-8009-CF276956A95A): 0
LogDevObjectVersion:   Dev-Rendering (12F88B9F-8875-4AFC-A67C-D90C383ABD29): 45
LogDevObjectVersion:   Dev-Sequencer (7B5AE74C-D270-4C10-A958-57980B212A5A): 13
LogDevObjectVersion:   Dev-VR (D7296918-1DD6-4BDD-9DE2-64A83CC13884): 3
LogDevObjectVersion:   Dev-LoadTimes (C2A15278-BFE7-4AFE-6C17-90FF531DF755): 1
LogDevObjectVersion:   Private-Geometry (6EACA3D4-40EC-4CC1-B786-8BED09428FC5): 3
LogDevObjectVersion:   Dev-AnimPhys (29E575DD-E0A3-4627-9D10-D276232CDCEA): 17
LogDevObjectVersion:   Dev-Anim (AF43A65D-7FD3-4947-9873-3E8ED9C1BB05): 15
LogDevObjectVersion:   Dev-ReflectionCapture (6B266CEC-1EC7-4B8F-A30B-E4D90942FC07): 1
LogDevObjectVersion:   Dev-Automation (0DF73D61-A23F-47EA-B727-89E90C41499A): 1
LogDevObjectVersion:   FortniteMain (601D1886-AC64-4F84-AA16-D3DE0DEAC7D6): 47
LogDevObjectVersion:   FortniteRelease (E7086368-6B23-4C58-8439-1B7016265E91): 1
LogDevObjectVersion:   Dev-Enterprise (9DFFBCD6-494F-0158-E221-12823C92A888): 10
LogDevObjectVersion:   Dev-Niagara (F2AED0AC-9AFE-416F-8664-AA7FFA26D6FC): 1
LogDevObjectVersion:   Dev-Destruction (174F1F0B-B4C6-45A5-B13F-2EE8D0FB917D): 10
LogDevObjectVersion:   Dev-Physics-Ext (35F94A83-E258-406C-A318-09F59610247C): 41
LogDevObjectVersion:   Dev-PhysicsMaterial-Chaos (B68FC16E-8B1B-42E2-B453-215C058844FE): 1
LogDevObjectVersion:   Dev-CineCamera (B2E18506-4273-CFC2-A54E-F4BB758BBA07): 1
LogDevObjectVersion:   Dev-VirtualProduction (64F58936-FD1B-42BA-BA96-7289D5D0FA4E): 1
LogDevObjectVersion:   Dev-MediaFramework (6F0ED827-A609-4895-9C91-998D90180EA4): 2
LogInit: Presizing for max 25165824 objects, including 0 objects not considered by GC, pre-allocating 0 bytes for permanent pool.
LogConfig: Applying CVar settings from Section [/Script/Engine.StreamingSettings] File [E:/F盘/上传官网/su-z2/Dormitory/Saved/Config/Windows/Engine.ini]
LogConfig: Setting CVar [[s.MinBulkDataSizeForAsyncLoading:131072]]
LogConfig: Setting CVar [[s.AsyncLoadingThreadEnabled:0]]
LogConfig: Setting CVar [[s.EventDrivenLoaderEnabled:1]]
LogConfig: Setting CVar [[s.WarnIfTimeLimitExceeded:0]]
LogConfig: Setting CVar [[s.TimeLimitExceededMultiplier:1.5]]
LogConfig: Setting CVar [[s.TimeLimitExceededMinTime:0.005]]
LogConfig: Setting CVar [[s.UseBackgroundLevelStreaming:1]]
LogConfig: Setting CVar [[s.PriorityAsyncLoadingExtraTime:15.0]]
LogConfig: Setting CVar [[s.LevelStreamingActorsUpdateTimeLimit:5.0]]
LogConfig: Setting CVar [[s.PriorityLevelStreamingActorsUpdateExtraTime:5.0]]
LogConfig: Setting CVar [[s.LevelStreamingComponentsRegistrationGranularity:10]]
LogConfig: Setting CVar [[s.UnregisterComponentsTimeLimit:1.0]]
LogConfig: Setting CVar [[s.LevelStreamingComponentsUnregistrationGranularity:5]]
LogConfig: Setting CVar [[s.FlushStreamingOnExit:1]]
LogInit: Object subsystem initialized
LogConfig: Setting CVar [[con.DebugEarlyDefault:1]]
LogConfig: Setting CVar [[r.setres:1280x720]]
LogConfig: Setting CVar [[fx.NiagaraAllowRuntimeScalabilityChanges:1]]
[2026.02.11-02.12.51:440][  0]LogConfig: Setting CVar [[r.VSync:0]]
[2026.02.11-02.12.51:440][  0]LogConfig: Setting CVar [[r.RHICmdBypass:0]]
[2026.02.11-02.12.51:440][  0]LogConfig: Applying CVar settings from Section [/Script/Engine.RendererSettings] File [E:/F盘/上传官网/su-z2/Dormitory/Saved/Config/Windows/Engine.ini]
[2026.02.11-02.12.51:440][  0]LogConfig: Setting CVar [[r.GPUCrashDebugging:0]]
[2026.02.11-02.12.51:440][  0]LogConfig: Setting CVar [[r.AllowGlobalClipPlane:1]]
[2026.02.11-02.12.51:440][  0]LogConfig: Applying CVar settings from Section [/Script/Engine.RendererOverrideSettings] File [E:/F盘/上传官网/su-z2/Dormitory/Saved/Config/Windows/Engine.ini]
[2026.02.11-02.12.51:440][  0]LogConfig: Applying CVar settings from Section [/Script/Engine.StreamingSettings] File [E:/F盘/上传官网/su-z2/Dormitory/Saved/Config/Windows/Engine.ini]
[2026.02.11-02.12.51:440][  0]LogConfig: Setting CVar [[s.MinBulkDataSizeForAsyncLoading:131072]]
[2026.02.11-02.12.51:440][  0]LogConfig: Setting CVar [[s.AsyncLoadingThreadEnabled:0]]
[2026.02.11-02.12.51:440][  0]LogConfig: Setting CVar [[s.EventDrivenLoaderEnabled:1]]
[2026.02.11-02.12.51:440][  0]LogConfig: Setting CVar [[s.WarnIfTimeLimitExceeded:0]]
[2026.02.11-02.12.51:440][  0]LogConfig: Setting CVar [[s.TimeLimitExceededMultiplier:1.5]]
[2026.02.11-02.12.51:440][  0]LogConfig: Setting CVar [[s.TimeLimitExceededMinTime:0.005]]
[2026.02.11-02.12.51:440][  0]LogConfig: Setting CVar [[s.UseBackgroundLevelStreaming:1]]
[2026.02.11-02.12.51:440][  0]LogConfig: Setting CVar [[s.PriorityAsyncLoadingExtraTime:15.0]]
[2026.02.11-02.12.51:440][  0]LogConfig: Setting CVar [[s.LevelStreamingActorsUpdateTimeLimit:5.0]]
[2026.02.11-02.12.51:440][  0]LogConfig: Setting CVar [[s.PriorityLevelStreamingActorsUpdateExtraTime:5.0]]
[2026.02.11-02.12.51:440][  0]LogConfig: Setting CVar [[s.LevelStreamingComponentsRegistrationGranularity:10]]
[2026.02.11-02.12.51:440][  0]LogConfig: Setting CVar [[s.UnregisterComponentsTimeLimit:1.0]]
[2026.02.11-02.12.51:440][  0]LogConfig: Setting CVar [[s.LevelStreamingComponentsUnregistrationGranularity:5]]
[2026.02.11-02.12.51:440][  0]LogConfig: Setting CVar [[s.FlushStreamingOnExit:1]]
[2026.02.11-02.12.51:440][  0]LogConfig: Applying CVar settings from Section [/Script/Engine.GarbageCollectionSettings] File [E:/F盘/上传官网/su-z2/Dormitory/Saved/Config/Windows/Engine.ini]
[2026.02.11-02.12.51:440][  0]LogConfig: Setting CVar [[gc.MaxObjectsNotConsideredByGC:1]]
[2026.02.11-02.12.51:440][  0]LogConfig: Setting CVar [[gc.SizeOfPermanentObjectPool:0]]
[2026.02.11-02.12.51:440][  0]LogConfig: Setting CVar [[gc.FlushStreamingOnGC:0]]
[2026.02.11-02.12.51:440][  0]LogConfig: Setting CVar [[gc.NumRetriesBeforeForcingGC:10]]
[2026.02.11-02.12.51:440][  0]LogConfig: Setting CVar [[gc.AllowParallelGC:1]]
[2026.02.11-02.12.51:440][  0]LogConfig: Setting CVar [[gc.TimeBetweenPurgingPendingKillObjects:61.1]]
[2026.02.11-02.12.51:440][  0]LogConfig: Setting CVar [[gc.MaxObjectsInEditor:25165824]]
[2026.02.11-02.12.51:440][  0]LogConfig: Setting CVar [[gc.IncrementalBeginDestroyEnabled:1]]
[2026.02.11-02.12.51:440][  0]LogConfig: Setting CVar [[gc.CreateGCClusters:1]]
[2026.02.11-02.12.51:440][  0]LogConfig: Setting CVar [[gc.MinGCClusterSize:5]]
[2026.02.11-02.12.51:440][  0]LogConfig: Setting CVar [[gc.ActorClusteringEnabled:0]]
[2026.02.11-02.12.51:440][  0]LogConfig: Setting CVar [[gc.BlueprintClusteringEnabled:0]]
[2026.02.11-02.12.51:440][  0]LogConfig: Setting CVar [[gc.UseDisregardForGCOnDedicatedServers:0]]
[2026.02.11-02.12.51:440][  0]LogConfig: Setting CVar [[gc.MultithreadedDestructionEnabled:1]]
[2026.02.11-02.12.51:440][  0]LogConfig: Applying CVar settings from Section [/Script/Engine.NetworkSettings] File [E:/F盘/上传官网/su-z2/Dormitory/Saved/Config/Windows/Engine.ini]
[2026.02.11-02.12.51:440][  0]LogConfig: Applying CVar settings from Section [/Script/UnrealEd.CookerSettings] File [E:/F盘/上传官网/su-z2/Dormitory/Saved/Config/Windows/Engine.ini]
[2026.02.11-02.12.51:445][  0]LogConfig: Applying CVar settings from Section [ViewDistanceQuality@3] File [E:/F盘/上传官网/su-z2/Dormitory/Saved/Config/Windows/Scalability.ini]
[2026.02.11-02.12.51:445][  0]LogConfig: Setting CVar [[r.SkeletalMeshLODBias:0]]
[2026.02.11-02.12.51:445][  0]LogConfig: Setting CVar [[r.ViewDistanceScale:1.0]]
[2026.02.11-02.12.51:445][  0]LogConfig: Applying CVar settings from Section [AntiAliasingQuality@3] File [E:/F盘/上传官网/su-z2/Dormitory/Saved/Config/Windows/Scalability.ini]
[2026.02.11-02.12.51:445][  0]LogConfig: Setting CVar [[r.PostProcessAAQuality:4]]
[2026.02.11-02.12.51:445][  0]LogConfig: Applying CVar settings from Section [ShadowQuality@3] File [E:/F盘/上传官网/su-z2/Dormitory/Saved/Config/Windows/Scalability.ini]
[2026.02.11-02.12.51:445][  0]LogConfig: Setting CVar [[r.LightFunctionQuality:1]]
[2026.02.11-02.12.51:445][  0]LogConfig: Setting CVar [[r.ShadowQuality:5]]
[2026.02.11-02.12.51:445][  0]LogConfig: Setting CVar [[r.Shadow.CSM.MaxCascades:10]]
[2026.02.11-02.12.51:445][  0]LogConfig: Setting CVar [[r.Shadow.MaxResolution:2048]]
[2026.02.11-02.12.51:445][  0]LogConfig: Setting CVar [[r.Shadow.MaxCSMResolution:2048]]
[2026.02.11-02.12.51:445][  0]LogConfig: Setting CVar [[r.Shadow.RadiusThreshold:0.01]]
[2026.02.11-02.12.51:445][  0]LogConfig: Setting CVar [[r.Shadow.DistanceScale:1.0]]
[2026.02.11-02.12.51:445][  0]LogConfig: Setting CVar [[r.Shadow.CSM.TransitionScale:1.0]]
[2026.02.11-02.12.51:445][  0]LogConfig: Setting CVar [[r.Shadow.PreShadowResolutionFactor:1.0]]
[2026.02.11-02.12.51:445][  0]LogConfig: Setting CVar [[r.DistanceFieldShadowing:1]]
[2026.02.11-02.12.51:445][  0]LogConfig: Setting CVar [[r.DistanceFieldAO:1]]
[2026.02.11-02.12.51:445][  0]LogConfig: Setting CVar [[r.AOQuality:2]]
[2026.02.11-02.12.51:445][  0]LogConfig: Setting CVar [[r.VolumetricFog:1]]
[2026.02.11-02.12.51:445][  0]LogConfig: Setting CVar [[r.VolumetricFog.GridPixelSize:8]]
[2026.02.11-02.12.51:445][  0]LogConfig: Setting CVar [[r.VolumetricFog.GridSizeZ:128]]
[2026.02.11-02.12.51:445][  0]LogConfig: Setting CVar [[r.VolumetricFog.HistoryMissSupersampleCount:4]]
[2026.02.11-02.12.51:445][  0]LogConfig: Setting CVar [[r.LightMaxDrawDistanceScale:1]]
[2026.02.11-02.12.51:445][  0]LogConfig: Setting CVar [[r.CapsuleShadows:1]]
[2026.02.11-02.12.51:445][  0]LogConfig: Applying CVar settings from Section [PostProcessQuality@3] File [E:/F盘/上传官网/su-z2/Dormitory/Saved/Config/Windows/Scalability.ini]
[2026.02.11-02.12.51:445][  0]LogConfig: Setting CVar [[r.MotionBlurQuality:4]]
[2026.02.11-02.12.51:445][  0]LogConfig: Setting CVar [[r.AmbientOcclusionMipLevelFactor:0.4]]
[2026.02.11-02.12.51:445][  0]LogConfig: Setting CVar [[r.AmbientOcclusionMaxQuality:100]]
[2026.02.11-02.12.51:445][  0]LogConfig: Setting CVar [[r.AmbientOcclusionLevels:-1]]
[2026.02.11-02.12.51:445][  0]LogConfig: Setting CVar [[r.AmbientOcclusionRadiusScale:1.0]]
[2026.02.11-02.12.51:445][  0]LogConfig: Setting CVar [[r.DepthOfFieldQuality:2]]
[2026.02.11-02.12.51:445][  0]LogConfig: Setting CVar [[r.RenderTargetPoolMin:400]]
[2026.02.11-02.12.51:445][  0]LogConfig: Setting CVar [[r.LensFlareQuality:2]]
[2026.02.11-02.12.51:445][  0]LogConfig: Setting CVar [[r.SceneColorFringeQuality:1]]
[2026.02.11-02.12.51:445][  0]LogConfig: Setting CVar [[r.EyeAdaptationQuality:2]]
[2026.02.11-02.12.51:445][  0]LogConfig: Setting CVar [[r.BloomQuality:5]]
[2026.02.11-02.12.51:445][  0]LogConfig: Setting CVar [[r.FastBlurThreshold:100]]
[2026.02.11-02.12.51:445][  0]LogConfig: Setting CVar [[r.Upscale.Quality:3]]
[2026.02.11-02.12.51:445][  0]LogConfig: Setting CVar [[r.Tonemapper.GrainQuantization:1]]
[2026.02.11-02.12.51:445][  0]LogConfig: Setting CVar [[r.LightShaftQuality:1]]
[2026.02.11-02.12.51:445][  0]LogConfig: Setting CVar [[r.Filter.SizeScale:1]]
[2026.02.11-02.12.51:445][  0]LogConfig: Setting CVar [[r.Tonemapper.Quality:5]]
[2026.02.11-02.12.51:445][  0]LogConfig: Setting CVar [[r.DOF.Gather.AccumulatorQuality:1        ; higher gathering accumulator quality]]
[2026.02.11-02.12.51:445][  0]LogConfig: Setting CVar [[r.DOF.Gather.PostfilterMethod:1          ; Median3x3 postfilering method]]
[2026.02.11-02.12.51:445][  0]LogConfig: Setting CVar [[r.DOF.Gather.EnableBokehSettings:0       ; no bokeh simulation when gathering]]
[2026.02.11-02.12.51:445][  0]LogConfig: Setting CVar [[r.DOF.Gather.RingCount:4                 ; medium number of samples when gathering]]
[2026.02.11-02.12.51:445][  0]LogConfig: Setting CVar [[r.DOF.Scatter.ForegroundCompositing:1    ; additive foreground scattering]]
[2026.02.11-02.12.51:445][  0]LogConfig: Setting CVar [[r.DOF.Scatter.BackgroundCompositing:2    ; additive background scattering]]
[2026.02.11-02.12.51:445][  0]LogConfig: Setting CVar [[r.DOF.Scatter.EnableBokehSettings:1      ; bokeh simulation when scattering]]
[2026.02.11-02.12.51:445][  0]LogConfig: Setting CVar [[r.DOF.Scatter.MaxSpriteRatio:0.1         ; only a maximum of 10% of scattered bokeh]]
[2026.02.11-02.12.51:445][  0]LogConfig: Setting CVar [[r.DOF.Recombine.Quality:1                ; cheap slight out of focus]]
[2026.02.11-02.12.51:445][  0]LogConfig: Setting CVar [[r.DOF.Recombine.EnableBokehSettings:0    ; no bokeh simulation on slight out of focus]]
[2026.02.11-02.12.51:445][  0]LogConfig: Setting CVar [[r.DOF.TemporalAAQuality:1                ; more stable temporal accumulation]]
[2026.02.11-02.12.51:445][  0]LogConfig: Setting CVar [[r.DOF.Kernel.MaxForegroundRadius:0.025]]
[2026.02.11-02.12.51:445][  0]LogConfig: Setting CVar [[r.DOF.Kernel.MaxBackgroundRadius:0.025]]
[2026.02.11-02.12.51:445][  0]LogConfig: Applying CVar settings from Section [TextureQuality@3] File [E:/F盘/上传官网/su-z2/Dormitory/Saved/Config/Windows/Scalability.ini]
[2026.02.11-02.12.51:445][  0]LogConfig: Setting CVar [[r.Streaming.MipBias:0]]
[2026.02.11-02.12.51:445][  0]LogConfig: Setting CVar [[r.Streaming.AmortizeCPUToGPUCopy:0]]
[2026.02.11-02.12.51:445][  0]LogConfig: Setting CVar [[r.Streaming.MaxNumTexturesToStreamPerFrame:0]]
[2026.02.11-02.12.51:445][  0]LogConfig: Setting CVar [[r.Streaming.Boost:1]]
[2026.02.11-02.12.51:445][  0]LogConfig: Setting CVar [[r.MaxAnisotropy:8]]
[2026.02.11-02.12.51:445][  0]LogConfig: Setting CVar [[r.VT.MaxAnisotropy:8]]
[2026.02.11-02.12.51:445][  0]LogConfig: Setting CVar [[r.Streaming.LimitPoolSizeToVRAM:0]]
[2026.02.11-02.12.51:445][  0]LogConfig: Setting CVar [[r.Streaming.PoolSize:1000]]
[2026.02.11-02.12.51:445][  0]LogConfig: Setting CVar [[r.Streaming.MaxEffectiveScreenSize:0]]
[2026.02.11-02.12.51:445][  0]LogConfig: Applying CVar settings from Section [EffectsQuality@3] File [E:/F盘/上传官网/su-z2/Dormitory/Saved/Config/Windows/Scalability.ini]
[2026.02.11-02.12.51:445][  0]LogConfig: Setting CVar [[r.TranslucencyLightingVolumeDim:64]]
[2026.02.11-02.12.51:445][  0]LogConfig: Setting CVar [[r.RefractionQuality:2]]
[2026.02.11-02.12.51:445][  0]LogConfig: Setting CVar [[r.SSR.Quality:3]]
[2026.02.11-02.12.51:445][  0]LogConfig: Setting CVar [[r.SSR.HalfResSceneColor:0]]
[2026.02.11-02.12.51:445][  0]LogConfig: Setting CVar [[r.SceneColorFormat:4]]
[2026.02.11-02.12.51:445][  0]LogConfig: Setting CVar [[r.DetailMode:2]]
[2026.02.11-02.12.51:446][  0]LogConfig: Setting CVar [[r.TranslucencyVolumeBlur:1]]
[2026.02.11-02.12.51:446][  0]LogConfig: Setting CVar [[r.MaterialQualityLevel:1 ; High quality]]
[2026.02.11-02.12.51:446][  0]LogConfig: Setting CVar [[r.AnisotropicMaterials:1]]
[2026.02.11-02.12.51:446][  0]LogConfig: Setting CVar [[r.SSS.Scale:1]]
[2026.02.11-02.12.51:446][  0]LogConfig: Setting CVar [[r.SSS.SampleSet:2]]
[2026.02.11-02.12.51:446][  0]LogConfig: Setting CVar [[r.SSS.Quality:1]]
[2026.02.11-02.12.51:446][  0]LogConfig: Setting CVar [[r.SSS.HalfRes:0]]
[2026.02.11-02.12.51:446][  0]LogConfig: Setting CVar [[r.SSGI.Quality:3]]
[2026.02.11-02.12.51:446][  0]LogConfig: Setting CVar [[r.EmitterSpawnRateScale:1.0]]
[2026.02.11-02.12.51:446][  0]LogConfig: Setting CVar [[r.ParticleLightQuality:2]]
[2026.02.11-02.12.51:446][  0]LogConfig: Setting CVar [[r.SkyAtmosphere.AerialPerspectiveLUT.FastApplyOnOpaque:1 ; Always have FastSkyLUT 1 in this case to avoid wrong sky]]
[2026.02.11-02.12.51:446][  0]LogConfig: Setting CVar [[r.SkyAtmosphere.AerialPerspectiveLUT.SampleCountMaxPerSlice:4]]
[2026.02.11-02.12.51:446][  0]LogConfig: Setting CVar [[r.SkyAtmosphere.AerialPerspectiveLUT.DepthResolution:16.0]]
[2026.02.11-02.12.51:446][  0]LogConfig: Setting CVar [[r.SkyAtmosphere.FastSkyLUT:1]]
[2026.02.11-02.12.51:446][  0]LogConfig: Setting CVar [[r.SkyAtmosphere.FastSkyLUT.SampleCountMin:4.0]]
[2026.02.11-02.12.51:446][  0]LogConfig: Setting CVar [[r.SkyAtmosphere.FastSkyLUT.SampleCountMax:128.0]]
[2026.02.11-02.12.51:446][  0]LogConfig: Setting CVar [[r.SkyAtmosphere.SampleCountMin:4.0]]
[2026.02.11-02.12.51:446][  0]LogConfig: Setting CVar [[r.SkyAtmosphere.SampleCountMax:128.0]]
[2026.02.11-02.12.51:446][  0]LogConfig: Setting CVar [[r.SkyAtmosphere.TransmittanceLUT.UseSmallFormat:0]]
[2026.02.11-02.12.51:446][  0]LogConfig: Setting CVar [[r.SkyAtmosphere.TransmittanceLUT.SampleCount:10.0]]
[2026.02.11-02.12.51:446][  0]LogConfig: Setting CVar [[r.SkyAtmosphere.MultiScatteringLUT.SampleCount:15.0]]
[2026.02.11-02.12.51:446][  0]LogConfig: Setting CVar [[r.SkyLight.RealTimeReflectionCapture:1]]
[2026.02.11-02.12.51:446][  0]LogConfig: Setting CVar [[fx.Niagara.QualityLevel:3]]
[2026.02.11-02.12.51:446][  0]LogConfig: Applying CVar settings from Section [FoliageQuality@3] File [E:/F盘/上传官网/su-z2/Dormitory/Saved/Config/Windows/Scalability.ini]
[2026.02.11-02.12.51:446][  0]LogConfig: Setting CVar [[foliage.DensityScale:1.0]]
[2026.02.11-02.12.51:446][  0]LogConfig: Setting CVar [[grass.DensityScale:1.0]]
[2026.02.11-02.12.51:446][  0]LogConfig: Applying CVar settings from Section [ShadingQuality@3] File [E:/F盘/上传官网/su-z2/Dormitory/Saved/Config/Windows/Scalability.ini]
[2026.02.11-02.12.51:446][  0]LogConfig: Setting CVar [[r.HairStrands.SkyLighting.IntegrationType:2]]
[2026.02.11-02.12.51:446][  0]LogConfig: Setting CVar [[r.HairStrands.SkyAO.SampleCount:4]]
[2026.02.11-02.12.51:446][  0]LogConfig: Setting CVar [[r.HairStrands.Visibility.MSAA.SamplePerPixel:4]]
[2026.02.11-02.12.51:446][  0]LogConfig: Setting CVar [[r.HairStrands.Interpolation.UseSingleGuide:0]]
[2026.02.11-02.12.51:446][  0]LogInit: Selected Device Profile: [Windows]
[2026.02.11-02.12.51:446][  0]LogInit: Applying CVar settings loaded from the selected device profile: [Windows]
[2026.02.11-02.12.51:446][  0]LogHAL: Display: Platform has ~ 32 GB [34160525312 / 34359738368 / 32], which maps to Largest [LargestMinGB=32, LargerMinGB=12, DefaultMinGB=8, SmallerMinGB=6, SmallestMinGB=0)
[2026.02.11-02.12.51:446][  0]LogInit: Going up to parent DeviceProfile []
[2026.02.11-02.12.51:446][  0]LogConfig: Applying CVar settings from Section [ViewDistanceQuality@3] File [E:/F盘/上传官网/su-z2/Dormitory/Saved/Config/Windows/Scalability.ini]
[2026.02.11-02.12.51:446][  0]LogConfig: Setting CVar [[r.SkeletalMeshLODBias:0]]
[2026.02.11-02.12.51:446][  0]LogConfig: Setting CVar [[r.ViewDistanceScale:1.0]]
[2026.02.11-02.12.51:446][  0]LogConfig: Applying CVar settings from Section [AntiAliasingQuality@3] File [E:/F盘/上传官网/su-z2/Dormitory/Saved/Config/Windows/Scalability.ini]
[2026.02.11-02.12.51:446][  0]LogConfig: Setting CVar [[r.PostProcessAAQuality:4]]
[2026.02.11-02.12.51:446][  0]LogConfig: Applying CVar settings from Section [ShadowQuality@3] File [E:/F盘/上传官网/su-z2/Dormitory/Saved/Config/Windows/Scalability.ini]
[2026.02.11-02.12.51:446][  0]LogConfig: Setting CVar [[r.LightFunctionQuality:1]]
[2026.02.11-02.12.51:446][  0]LogConfig: Setting CVar [[r.ShadowQuality:5]]
[2026.02.11-02.12.51:446][  0]LogConfig: Setting CVar [[r.Shadow.CSM.MaxCascades:10]]
[2026.02.11-02.12.51:446][  0]LogConfig: Setting CVar [[r.Shadow.MaxResolution:2048]]
[2026.02.11-02.12.51:446][  0]LogConfig: Setting CVar [[r.Shadow.MaxCSMResolution:2048]]
[2026.02.11-02.12.51:446][  0]LogConfig: Setting CVar [[r.Shadow.RadiusThreshold:0.01]]
[2026.02.11-02.12.51:446][  0]LogConfig: Setting CVar [[r.Shadow.DistanceScale:1.0]]
[2026.02.11-02.12.51:446][  0]LogConfig: Setting CVar [[r.Shadow.CSM.TransitionScale:1.0]]
[2026.02.11-02.12.51:446][  0]LogConfig: Setting CVar [[r.Shadow.PreShadowResolutionFactor:1.0]]
[2026.02.11-02.12.51:446][  0]LogConfig: Setting CVar [[r.DistanceFieldShadowing:1]]
[2026.02.11-02.12.51:446][  0]LogConfig: Setting CVar [[r.DistanceFieldAO:1]]
[2026.02.11-02.12.51:446][  0]LogConfig: Setting CVar [[r.AOQuality:2]]
[2026.02.11-02.12.51:446][  0]LogConfig: Setting CVar [[r.VolumetricFog:1]]
[2026.02.11-02.12.51:446][  0]LogConfig: Setting CVar [[r.VolumetricFog.GridPixelSize:8]]
[2026.02.11-02.12.51:446][  0]LogConfig: Setting CVar [[r.VolumetricFog.GridSizeZ:128]]
[2026.02.11-02.12.51:446][  0]LogConfig: Setting CVar [[r.VolumetricFog.HistoryMissSupersampleCount:4]]
[2026.02.11-02.12.51:446][  0]LogConfig: Setting CVar [[r.LightMaxDrawDistanceScale:1]]
[2026.02.11-02.12.51:446][  0]LogConfig: Setting CVar [[r.CapsuleShadows:1]]
[2026.02.11-02.12.51:446][  0]LogConfig: Applying CVar settings from Section [PostProcessQuality@3] File [E:/F盘/上传官网/su-z2/Dormitory/Saved/Config/Windows/Scalability.ini]
[2026.02.11-02.12.51:446][  0]LogConfig: Setting CVar [[r.MotionBlurQuality:4]]
[2026.02.11-02.12.51:446][  0]LogConfig: Setting CVar [[r.AmbientOcclusionMipLevelFactor:0.4]]
[2026.02.11-02.12.51:446][  0]LogConfig: Setting CVar [[r.AmbientOcclusionMaxQuality:100]]
[2026.02.11-02.12.51:446][  0]LogConfig: Setting CVar [[r.AmbientOcclusionLevels:-1]]
[2026.02.11-02.12.51:446][  0]LogConfig: Setting CVar [[r.AmbientOcclusionRadiusScale:1.0]]
[2026.02.11-02.12.51:446][  0]LogConfig: Setting CVar [[r.DepthOfFieldQuality:2]]
[2026.02.11-02.12.51:446][  0]LogConfig: Setting CVar [[r.RenderTargetPoolMin:400]]
[2026.02.11-02.12.51:446][  0]LogConfig: Setting CVar [[r.LensFlareQuality:2]]
[2026.02.11-02.12.51:446][  0]LogConfig: Setting CVar [[r.SceneColorFringeQuality:1]]
[2026.02.11-02.12.51:446][  0]LogConfig: Setting CVar [[r.EyeAdaptationQuality:2]]
[2026.02.11-02.12.51:446][  0]LogConfig: Setting CVar [[r.BloomQuality:5]]
[2026.02.11-02.12.51:446][  0]LogConfig: Setting CVar [[r.FastBlurThreshold:100]]
[2026.02.11-02.12.51:446][  0]LogConfig: Setting CVar [[r.Upscale.Quality:3]]
[2026.02.11-02.12.51:446][  0]LogConfig: Setting CVar [[r.Tonemapper.GrainQuantization:1]]
[2026.02.11-02.12.51:446][  0]LogConfig: Setting CVar [[r.LightShaftQuality:1]]
[2026.02.11-02.12.51:446][  0]LogConfig: Setting CVar [[r.Filter.SizeScale:1]]
[2026.02.11-02.12.51:446][  0]LogConfig: Setting CVar [[r.Tonemapper.Quality:5]]
[2026.02.11-02.12.51:446][  0]LogConfig: Setting CVar [[r.DOF.Gather.AccumulatorQuality:1        ; higher gathering accumulator quality]]
[2026.02.11-02.12.51:446][  0]LogConfig: Setting CVar [[r.DOF.Gather.PostfilterMethod:1          ; Median3x3 postfilering method]]
[2026.02.11-02.12.51:446][  0]LogConfig: Setting CVar [[r.DOF.Gather.EnableBokehSettings:0       ; no bokeh simulation when gathering]]
[2026.02.11-02.12.51:446][  0]LogConfig: Setting CVar [[r.DOF.Gather.RingCount:4                 ; medium number of samples when gathering]]
[2026.02.11-02.12.51:446][  0]LogConfig: Setting CVar [[r.DOF.Scatter.ForegroundCompositing:1    ; additive foreground scattering]]
[2026.02.11-02.12.51:446][  0]LogConfig: Setting CVar [[r.DOF.Scatter.BackgroundCompositing:2    ; additive background scattering]]
[2026.02.11-02.12.51:446][  0]LogConfig: Setting CVar [[r.DOF.Scatter.EnableBokehSettings:1      ; bokeh simulation when scattering]]
[2026.02.11-02.12.51:446][  0]LogConfig: Setting CVar [[r.DOF.Scatter.MaxSpriteRatio:0.1         ; only a maximum of 10% of scattered bokeh]]
[2026.02.11-02.12.51:446][  0]LogConfig: Setting CVar [[r.DOF.Recombine.Quality:1                ; cheap slight out of focus]]
[2026.02.11-02.12.51:446][  0]LogConfig: Setting CVar [[r.DOF.Recombine.EnableBokehSettings:0    ; no bokeh simulation on slight out of focus]]
[2026.02.11-02.12.51:446][  0]LogConfig: Setting CVar [[r.DOF.TemporalAAQuality:1                ; more stable temporal accumulation]]
[2026.02.11-02.12.51:446][  0]LogConfig: Setting CVar [[r.DOF.Kernel.MaxForegroundRadius:0.025]]
[2026.02.11-02.12.51:446][  0]LogConfig: Setting CVar [[r.DOF.Kernel.MaxBackgroundRadius:0.025]]
[2026.02.11-02.12.51:446][  0]LogConfig: Applying CVar settings from Section [TextureQuality@3] File [E:/F盘/上传官网/su-z2/Dormitory/Saved/Config/Windows/Scalability.ini]
[2026.02.11-02.12.51:446][  0]LogConfig: Setting CVar [[r.Streaming.MipBias:0]]
[2026.02.11-02.12.51:446][  0]LogConfig: Setting CVar [[r.Streaming.AmortizeCPUToGPUCopy:0]]
[2026.02.11-02.12.51:446][  0]LogConfig: Setting CVar [[r.Streaming.MaxNumTexturesToStreamPerFrame:0]]
[2026.02.11-02.12.51:446][  0]LogConfig: Setting CVar [[r.Streaming.Boost:1]]
[2026.02.11-02.12.51:446][  0]LogConfig: Setting CVar [[r.MaxAnisotropy:8]]
[2026.02.11-02.12.51:446][  0]LogConfig: Setting CVar [[r.VT.MaxAnisotropy:8]]
[2026.02.11-02.12.51:446][  0]LogConfig: Setting CVar [[r.Streaming.LimitPoolSizeToVRAM:0]]
[2026.02.11-02.12.51:446][  0]LogConfig: Setting CVar [[r.Streaming.PoolSize:1000]]
[2026.02.11-02.12.51:446][  0]LogConfig: Setting CVar [[r.Streaming.MaxEffectiveScreenSize:0]]
[2026.02.11-02.12.51:446][  0]LogConfig: Applying CVar settings from Section [EffectsQuality@3] File [E:/F盘/上传官网/su-z2/Dormitory/Saved/Config/Windows/Scalability.ini]
[2026.02.11-02.12.51:446][  0]LogConfig: Setting CVar [[r.TranslucencyLightingVolumeDim:64]]
[2026.02.11-02.12.51:446][  0]LogConfig: Setting CVar [[r.RefractionQuality:2]]
[2026.02.11-02.12.51:446][  0]LogConfig: Setting CVar [[r.SSR.Quality:3]]
[2026.02.11-02.12.51:446][  0]LogConfig: Setting CVar [[r.SSR.HalfResSceneColor:0]]
[2026.02.11-02.12.51:446][  0]LogConfig: Setting CVar [[r.SceneColorFormat:4]]
[2026.02.11-02.12.51:446][  0]LogConfig: Setting CVar [[r.DetailMode:2]]
[2026.02.11-02.12.51:446][  0]LogConfig: Setting CVar [[r.TranslucencyVolumeBlur:1]]
[2026.02.11-02.12.51:446][  0]LogConfig: Setting CVar [[r.MaterialQualityLevel:1 ; High quality]]
[2026.02.11-02.12.51:446][  0]LogConfig: Setting CVar [[r.AnisotropicMaterials:1]]
[2026.02.11-02.12.51:446][  0]LogConfig: Setting CVar [[r.SSS.Scale:1]]
[2026.02.11-02.12.51:446][  0]LogConfig: Setting CVar [[r.SSS.SampleSet:2]]
[2026.02.11-02.12.51:446][  0]LogConfig: Setting CVar [[r.SSS.Quality:1]]
[2026.02.11-02.12.51:446][  0]LogConfig: Setting CVar [[r.SSS.HalfRes:0]]
[2026.02.11-02.12.51:446][  0]LogConfig: Setting CVar [[r.SSGI.Quality:3]]
[2026.02.11-02.12.51:446][  0]LogConfig: Setting CVar [[r.EmitterSpawnRateScale:1.0]]
[2026.02.11-02.12.51:446][  0]LogConfig: Setting CVar [[r.ParticleLightQuality:2]]
[2026.02.11-02.12.51:446][  0]LogConfig: Setting CVar [[r.SkyAtmosphere.AerialPerspectiveLUT.FastApplyOnOpaque:1 ; Always have FastSkyLUT 1 in this case to avoid wrong sky]]
[2026.02.11-02.12.51:446][  0]LogConfig: Setting CVar [[r.SkyAtmosphere.AerialPerspectiveLUT.SampleCountMaxPerSlice:4]]
[2026.02.11-02.12.51:446][  0]LogConfig: Setting CVar [[r.SkyAtmosphere.AerialPerspectiveLUT.DepthResolution:16.0]]
[2026.02.11-02.12.51:446][  0]LogConfig: Setting CVar [[r.SkyAtmosphere.FastSkyLUT:1]]
[2026.02.11-02.12.51:446][  0]LogConfig: Setting CVar [[r.SkyAtmosphere.FastSkyLUT.SampleCountMin:4.0]]
[2026.02.11-02.12.51:446][  0]LogConfig: Setting CVar [[r.SkyAtmosphere.FastSkyLUT.SampleCountMax:128.0]]
[2026.02.11-02.12.51:446][  0]LogConfig: Setting CVar [[r.SkyAtmosphere.SampleCountMin:4.0]]
[2026.02.11-02.12.51:446][  0]LogConfig: Setting CVar [[r.SkyAtmosphere.SampleCountMax:128.0]]
[2026.02.11-02.12.51:446][  0]LogConfig: Setting CVar [[r.SkyAtmosphere.TransmittanceLUT.UseSmallFormat:0]]
[2026.02.11-02.12.51:447][  0]LogConfig: Setting CVar [[r.SkyAtmosphere.TransmittanceLUT.SampleCount:10.0]]
[2026.02.11-02.12.51:447][  0]LogConfig: Setting CVar [[r.SkyAtmosphere.MultiScatteringLUT.SampleCount:15.0]]
[2026.02.11-02.12.51:447][  0]LogConfig: Setting CVar [[r.SkyLight.RealTimeReflectionCapture:1]]
[2026.02.11-02.12.51:447][  0]LogConfig: Setting CVar [[fx.Niagara.QualityLevel:3]]
[2026.02.11-02.12.51:447][  0]LogConfig: Applying CVar settings from Section [FoliageQuality@3] File [E:/F盘/上传官网/su-z2/Dormitory/Saved/Config/Windows/Scalability.ini]
[2026.02.11-02.12.51:447][  0]LogConfig: Setting CVar [[foliage.DensityScale:1.0]]
[2026.02.11-02.12.51:447][  0]LogConfig: Setting CVar [[grass.DensityScale:1.0]]
[2026.02.11-02.12.51:447][  0]LogConfig: Applying CVar settings from Section [ShadingQuality@3] File [E:/F盘/上传官网/su-z2/Dormitory/Saved/Config/Windows/Scalability.ini]
[2026.02.11-02.12.51:447][  0]LogConfig: Setting CVar [[r.HairStrands.SkyLighting.IntegrationType:2]]
[2026.02.11-02.12.51:447][  0]LogConfig: Setting CVar [[r.HairStrands.SkyAO.SampleCount:4]]
[2026.02.11-02.12.51:447][  0]LogConfig: Setting CVar [[r.HairStrands.Visibility.MSAA.SamplePerPixel:4]]
[2026.02.11-02.12.51:447][  0]LogConfig: Setting CVar [[r.HairStrands.Interpolation.UseSingleGuide:0]]
[2026.02.11-02.12.51:447][  0]LogConfig: Applying CVar settings from Section [Startup] File [../../../Engine/Config/ConsoleVariables.ini]
[2026.02.11-02.12.51:447][  0]LogConfig: Setting CVar [[net.UseAdaptiveNetUpdateFrequency:0]]
[2026.02.11-02.12.51:447][  0]LogConfig: Setting CVar [[p.chaos.AllowCreatePhysxBodies:1]]
[2026.02.11-02.12.51:447][  0]LogConfig: Setting CVar [[fx.SkipVectorVMBackendOptimizations:1]]
[2026.02.11-02.12.51:447][  0]LogConfig: Applying CVar settings from Section [ConsoleVariables] File [E:/F盘/上传官网/su-z2/Dormitory/Saved/Config/Windows/Engine.ini]
[2026.02.11-02.12.51:447][  0]LogConfig: Applying CVar settings from Section [ConsoleVariables] File [E:/F盘/上传官网/su-z2/Dormitory/Saved/Config/Windows/Editor.ini]
[2026.02.11-02.12.51:447][  0]LogInit: Computer: NEW
[2026.02.11-02.12.51:447][  0]LogInit: User: zhang
[2026.02.11-02.12.51:447][  0]LogInit: CPU Page size=4096, Cores=6
[2026.02.11-02.12.51:447][  0]LogInit: High frequency timer resolution =10.000000 MHz
[2026.02.11-02.12.51:447][  0]LogMemory: Memory total: Physical=31.8GB (32GB approx)
[2026.02.11-02.12.51:447][  0]LogMemory: Platform Memory Stats for Windows
[2026.02.11-02.12.51:447][  0]LogMemory: Process Physical Memory: 150.89 MB used, 150.90 MB peak
[2026.02.11-02.12.51:447][  0]LogMemory: Process Virtual Memory: 130.34 MB used, 130.34 MB peak
[2026.02.11-02.12.51:447][  0]LogMemory: Physical Memory: 9843.00 MB used,  22735.02 MB free, 32578.02 MB total
[2026.02.11-02.12.51:447][  0]LogMemory: Virtual Memory: 134169352.00 MB used,  48377.11 MB free, 134217728.00 MB total
[2026.02.11-02.12.51:452][  0]LogWindows: WindowsPlatformFeatures enabled
[2026.02.11-02.12.51:475][  0]LogInit: Physics initialised using underlying interface: PhysX
[2026.02.11-02.12.51:481][  0]LogInit: Using OS detected language (zh-CN).
[2026.02.11-02.12.51:481][  0]LogInit: Using OS detected locale (zh-CN).
[2026.02.11-02.12.51:485][  0]LogTextLocalizationManager: No specific localization for 'zh-CN' exists, so the 'zh-Hans' localization will be used.
[2026.02.11-02.12.51:563][  0]LogTextLocalizationResource: LocRes '../../../Engine/Content/Localization/Editor/zh/Editor.locres' could not be opened for reading!
[2026.02.11-02.12.51:564][  0]LogTextLocalizationResource: LocRes '../../../Engine/Content/Localization/EditorTutorials/zh/EditorTutorials.locres' could not be opened for reading!
[2026.02.11-02.12.51:564][  0]LogTextLocalizationResource: LocRes '../../../Engine/Content/Localization/Keywords/zh/Keywords.locres' could not be opened for reading!
[2026.02.11-02.12.51:564][  0]LogTextLocalizationResource: LocRes '../../../Engine/Content/Localization/Category/zh/Category.locres' could not be opened for reading!
[2026.02.11-02.12.51:564][  0]LogTextLocalizationResource: LocRes '../../../Engine/Content/Localization/ToolTips/zh/ToolTips.locres' could not be opened for reading!
[2026.02.11-02.12.51:564][  0]LogTextLocalizationResource: LocRes '../../../Engine/Content/Localization/PropertyNames/zh/PropertyNames.locres' could not be opened for reading!
[2026.02.11-02.12.51:564][  0]LogTextLocalizationResource: LocRes '../../../Engine/Content/Localization/Engine/zh/Engine.locres' could not be opened for reading!
[2026.02.11-02.12.51:564][  0]LogTextLocalizationResource: LocRes '../../../Engine/Plugins/Online/OnlineSubsystem/Content/Localization/OnlineSubsystem/zh/OnlineSubsystem.locres' could not be opened for reading!
[2026.02.11-02.12.51:564][  0]LogTextLocalizationResource: LocRes '../../../Engine/Plugins/Online/OnlineSubsystemUtils/Content/Localization/OnlineSubsystemUtils/zh/OnlineSubsystemUtils.locres' could not be opened for reading!
[2026.02.11-02.12.51:565][  0]LogTextLocalizationResource: LocRes '../../../Engine/Plugins/Online/Android/OnlineSubsystemGooglePlay/Content/Localization/OnlineSubsystemGooglePlay/zh/OnlineSubsystemGooglePlay.locres' could not be opened for reading!
[2026.02.11-02.12.51:565][  0]LogTextLocalizationResource: LocRes '../../../Engine/Plugins/Online/IOS/OnlineSubsystemIOS/Content/Localization/OnlineSubsystemIOS/zh/OnlineSubsystemIOS.locres' could not be opened for reading!
[2026.02.11-02.12.51:598][  0]LogInit: Setting process to per monitor DPI aware
[2026.02.11-02.12.51:609][  0]LogWindowsTextInputMethodSystem: Display: IME system deactivated.
[2026.02.11-02.12.51:621][  0]LogSlate: New Slate User Created.  User Index 0, Is Virtual User: 0
[2026.02.11-02.12.51:621][  0]LogSlate: Slate User Registered.  User Index 0, Is Virtual User: 0
[2026.02.11-02.12.51:732][  0]LogD3D11RHI: Loaded GFSDK_Aftermath_Lib.x64.dll
[2026.02.11-02.12.51:735][  0]LogHMD: Failed to initialize OpenVR with code 110
[2026.02.11-02.12.51:735][  0]LogD3D11RHI: D3D11 min allowed feature level: 11_0
[2026.02.11-02.12.51:735][  0]LogD3D11RHI: D3D11 max allowed feature level: 11_0
[2026.02.11-02.12.51:735][  0]LogD3D11RHI: D3D11 adapters:
[2026.02.11-02.12.51:886][  0]LogD3D11RHI:    0. 'NVIDIA GeForce GTX 1660' (Feature Level 11_0)
[2026.02.11-02.12.51:886][  0]LogD3D11RHI:       5966/0/16289 MB DedicatedVideo/DedicatedSystem/SharedSystem, Outputs:1, VendorId:0x10de
[2026.02.11-02.12.51:888][  0]LogD3D11RHI:    1. 'Microsoft Basic Render Driver' (Feature Level 11_0)
[2026.02.11-02.12.51:888][  0]LogD3D11RHI:       0/0/16289 MB DedicatedVideo/DedicatedSystem/SharedSystem, Outputs:0, VendorId:0x1414
[2026.02.11-02.12.51:981][  0]LogD3D11RHI:    2. 'NVIDIA GeForce GTX 1660' (Feature Level 11_0)
[2026.02.11-02.12.51:981][  0]LogD3D11RHI:       5966/0/16289 MB DedicatedVideo/DedicatedSystem/SharedSystem, Outputs:0, VendorId:0x10de
[2026.02.11-02.12.51:981][  0]LogD3D11RHI: Chosen D3D11 Adapter:
[2026.02.11-02.12.51:981][  0]LogD3D11RHI:     Description : NVIDIA GeForce GTX 1660
[2026.02.11-02.12.51:981][  0]LogD3D11RHI:     VendorId    : 10de
[2026.02.11-02.12.51:981][  0]LogD3D11RHI:     DeviceId    : 2184
[2026.02.11-02.12.51:981][  0]LogD3D11RHI:     SubSysId    : 155119da
[2026.02.11-02.12.51:981][  0]LogD3D11RHI:     Revision    : 00a1
[2026.02.11-02.12.51:981][  0]LogD3D11RHI:     DedicatedVideoMemory : 6255804416 bytes
[2026.02.11-02.12.51:982][  0]LogD3D11RHI:     DedicatedSystemMemory : 0 bytes
[2026.02.11-02.12.51:982][  0]LogD3D11RHI:     SharedSystemMemory : 17080262656 bytes
[2026.02.11-02.12.51:982][  0]LogD3D11RHI:     AdapterLuid : 0 62019
[2026.02.11-02.12.51:986][  0]LogD3D11RHI: Creating new Direct3DDevice
[2026.02.11-02.12.51:986][  0]LogD3D11RHI:     GPU DeviceId: 0x2184 (for the marketing name, search the web for "GPU Device Id")
[2026.02.11-02.12.51:986][  0]LogWindows: EnumDisplayDevices:
[2026.02.11-02.12.51:986][  0]LogWindows:    0. 'NVIDIA GeForce GTX 1660' (P:1 D:1)
[2026.02.11-02.12.51:987][  0]LogWindows:    1. 'NVIDIA GeForce GTX 1660' (P:0 D:0)
[2026.02.11-02.12.51:987][  0]LogWindows:    2. 'NVIDIA GeForce GTX 1660' (P:0 D:0)
[2026.02.11-02.12.51:987][  0]LogWindows:    3. 'NVIDIA GeForce GTX 1660' (P:0 D:0)
[2026.02.11-02.12.51:987][  0]LogWindows:    4. 'OrayIddDriver Device' (P:0 D:0)
[2026.02.11-02.12.51:988][  0]LogWindows:    5. 'OrayIddDriver Device' (P:0 D:0)
[2026.02.11-02.12.51:988][  0]LogWindows:    6. 'OrayIddDriver Device' (P:0 D:0)
[2026.02.11-02.12.51:988][  0]LogWindows:    7. 'OrayIddDriver Device' (P:0 D:0)
[2026.02.11-02.12.51:988][  0]LogWindows:    8. 'OrayIddDriver Device' (P:0 D:0)
[2026.02.11-02.12.51:988][  0]LogWindows:    9. 'OrayIddDriver Device' (P:0 D:0)
[2026.02.11-02.12.51:989][  0]LogWindows:    10. 'OrayIddDriver Device' (P:0 D:0)
[2026.02.11-02.12.51:989][  0]LogWindows:    11. 'OrayIddDriver Device' (P:0 D:0)
[2026.02.11-02.12.51:989][  0]LogWindows:    12. 'OrayIddDriver Device' (P:0 D:0)
[2026.02.11-02.12.51:989][  0]LogWindows:    13. 'OrayIddDriver Device' (P:0 D:0)
[2026.02.11-02.12.51:990][  0]LogWindows: DebugString: GetVideoDriverDetailsInvalid PrimaryIsNotTheChoosenAdapter GetVideoDriverDetailsInvalid PrimaryIsNotTheChoosenAdapter GetVideoDriverDetailsInvalid PrimaryIsNotTheChoosenAdapter GetVideoDriverDetailsInvalid PrimaryIsNotTheChoosenAdapter GetVideoDriverDetailsInvalid PrimaryIsNotTheChoosenAdapter GetVideoDriverDetailsInvalid PrimaryIsNotTheChoosenAdapter GetVideoDriverDetailsInvalid PrimaryIsNotTheChoosenAdapter GetVideoDriverDetailsInvalid PrimaryIsNotTheChoosenAdapter GetVideoDriverDetailsInvalid PrimaryIsNotTheChoosenAdapter GetVideoDriverDetailsInvalid PrimaryIsNotTheChoosenAdapter FoundDriverCount:4 
[2026.02.11-02.12.51:990][  0]LogD3D11RHI:     Adapter Name: NVIDIA GeForce GTX 1660
[2026.02.11-02.12.51:990][  0]LogD3D11RHI:   Driver Version: 560.94 (internal:32.0.15.6094, unified:560.94)
[2026.02.11-02.12.51:990][  0]LogD3D11RHI:      Driver Date: 8-14-2024
[2026.02.11-02.12.51:990][  0]LogRHI: Texture pool is 4176 MB (70% of 5966 MB)
[2026.02.11-02.12.51:990][  0]LogD3D11RHI: Creating D3DDevice using adapter:
[2026.02.11-02.12.51:990][  0]LogD3D11RHI:     Description : NVIDIA GeForce GTX 1660
[2026.02.11-02.12.51:990][  0]LogD3D11RHI:     VendorId    : 10de
[2026.02.11-02.12.51:990][  0]LogD3D11RHI:     DeviceId    : 2184
[2026.02.11-02.12.51:990][  0]LogD3D11RHI:     SubSysId    : 155119da
[2026.02.11-02.12.51:990][  0]LogD3D11RHI:     Revision    : 00a1
[2026.02.11-02.12.51:990][  0]LogD3D11RHI:     DedicatedVideoMemory : 6255804416 bytes
[2026.02.11-02.12.51:990][  0]LogD3D11RHI:     DedicatedSystemMemory : 0 bytes
[2026.02.11-02.12.51:990][  0]LogD3D11RHI:     SharedSystemMemory : 17080262656 bytes
[2026.02.11-02.12.51:990][  0]LogD3D11RHI:     AdapterLuid : 0 62019
[2026.02.11-02.12.52:071][  0]LogD3D11RHI: RHI has support for 64 bit atomics
[2026.02.11-02.12.52:071][  0]LogD3D11RHI: Async texture creation enabled
[2026.02.11-02.12.52:072][  0]LogD3D11RHI: Array index from any shader is supported
[2026.02.11-02.12.52:089][  0]LogD3D11RHI: GPU Timing Frequency: 1000.000000 (Debug: 2 2)
[2026.02.11-02.12.52:122][  0]LogRHI: GeForceNow SDK initialized: 1
[2026.02.11-02.12.52:399][  0]LogTargetPlatformManager: Display: Loaded TargetPlatform 'AllDesktop'
[2026.02.11-02.12.52:415][  0]LogTargetPlatformManager: Display: Loaded TargetPlatform 'Android'
[2026.02.11-02.12.52:415][  0]LogTargetPlatformManager: Display: Loaded TargetPlatform 'Android_ASTC'
[2026.02.11-02.12.52:415][  0]LogTargetPlatformManager: Display: Loaded TargetPlatform 'Android_DXT'
[2026.02.11-02.12.52:415][  0]LogTargetPlatformManager: Display: Loaded TargetPlatform 'Android_ETC2'
[2026.02.11-02.12.52:415][  0]LogTargetPlatformManager: Display: Loaded TargetPlatform 'AndroidClient'
[2026.02.11-02.12.52:415][  0]LogTargetPlatformManager: Display: Loaded TargetPlatform 'Android_ASTCClient'
[2026.02.11-02.12.52:415][  0]LogTargetPlatformManager: Display: Loaded TargetPlatform 'Android_DXTClient'
[2026.02.11-02.12.52:415][  0]LogTargetPlatformManager: Display: Loaded TargetPlatform 'Android_ETC2Client'
[2026.02.11-02.12.52:415][  0]LogTargetPlatformManager: Display: Loaded TargetPlatform 'Android_Multi'
[2026.02.11-02.12.52:415][  0]LogTargetPlatformManager: Display: Loaded TargetPlatform 'Android_MultiClient'
[2026.02.11-02.12.52:430][  0]LogTargetPlatformManager: Display: Loaded TargetPlatform 'IOSClient'
[2026.02.11-02.12.52:430][  0]LogTargetPlatformManager: Display: Loaded TargetPlatform 'IOS'
[2026.02.11-02.12.52:438][  0]LogTargetPlatformManager: Display: Loaded TargetPlatform 'Linux'
[2026.02.11-02.12.52:441][  0]LogTargetPlatformManager: Display: Loaded TargetPlatform 'LinuxNoEditor'
[2026.02.11-02.12.52:445][  0]LogTargetPlatformManager: Display: Loaded TargetPlatform 'LinuxClient'
[2026.02.11-02.12.52:449][  0]LogTargetPlatformManager: Display: Loaded TargetPlatform 'LinuxServer'
[2026.02.11-02.12.52:457][  0]LogTargetPlatformManager: Display: Loaded TargetPlatform 'LinuxAArch64NoEditor'
[2026.02.11-02.12.52:460][  0]LogTargetPlatformManager: Display: Loaded TargetPlatform 'LinuxAArch64Client'
[2026.02.11-02.12.52:464][  0]LogTargetPlatformManager: Display: Loaded TargetPlatform 'LinuxAArch64Server'
[2026.02.11-02.12.52:482][  0]LogTargetPlatformManager: Display: Loaded TargetPlatform 'Lumin'
[2026.02.11-02.12.52:482][  0]LogTargetPlatformManager: Display: Loaded TargetPlatform 'LuminClient'
[2026.02.11-02.12.52:488][  0]LogTargetPlatformManager: Display: Loaded TargetPlatform 'MacNoEditor'
[2026.02.11-02.12.52:492][  0]LogTargetPlatformManager: Display: Loaded TargetPlatform 'Mac'
[2026.02.11-02.12.52:495][  0]LogTargetPlatformManager: Display: Loaded TargetPlatform 'MacClient'
[2026.02.11-02.12.52:499][  0]LogTargetPlatformManager: Display: Loaded TargetPlatform 'MacServer'
[2026.02.11-02.12.52:507][  0]LogTargetPlatformManager: Display: Loaded TargetPlatform 'TVOSClient'
[2026.02.11-02.12.52:507][  0]LogTargetPlatformManager: Display: Loaded TargetPlatform 'TVOS'
[2026.02.11-02.12.52:514][  0]LogTargetPlatformManager: Display: Loaded TargetPlatform 'WindowsNoEditor'
[2026.02.11-02.12.52:518][  0]LogTargetPlatformManager: Display: Loaded TargetPlatform 'Windows'
[2026.02.11-02.12.52:521][  0]LogTargetPlatformManager: Display: Loaded TargetPlatform 'WindowsClient'
[2026.02.11-02.12.52:525][  0]LogTargetPlatformManager: Display: Loaded TargetPlatform 'WindowsServer'
[2026.02.11-02.12.52:525][  0]LogTargetPlatformManager: Display: Building Assets For Windows
[2026.02.11-02.12.52:532][  0]LogAudioDebug: Display: Lib vorbis DLL was dynamically loaded.
[2026.02.11-02.12.52:569][  0]LogTextureFormatOodle: Display: Oodle Texture 2.9.0 init RDO Off
[2026.02.11-02.12.52:596][  0]LogRendererCore: Ray tracing is disabled. Reason: r.RayTracing=0.
[2026.02.11-02.12.52:596][  0]LogShaderCompilers: Guid format shader working directory is 20 characters bigger than the processId version (E:/F盘/上传官网/su-z2/Dormitory/Intermediate/Shaders/WorkingDirectory/8296/).
[2026.02.11-02.12.52:596][  0]LogShaderCompilers: Cleaned the shader compiler working directory 'C:/Users/zhang/AppData/Local/Temp/UnrealShaderWorkingDir/932F9CFC45A7B704F4E458B7F73C8029/'.
[2026.02.11-02.12.52:596][  0]LogXGEController: Cannot use XGE Controller as Incredibuild is not installed on this machine.
[2026.02.11-02.12.52:596][  0]LogShaderCompilers: Cannot use XGE Shader Compiler as Incredibuild is not installed on this machine.
[2026.02.11-02.12.52:596][  0]LogShaderCompilers: Display: Using Local Shader Compiler.
[2026.02.11-02.12.53:215][  0]LogDerivedDataCache: Display: Max Cache Size: 512 MB
[2026.02.11-02.12.53:261][  0]LogDerivedDataCache: Loaded boot cache 0.05s 104MB C:/Users/zhang/AppData/Local/UnrealEngine/4.27/DerivedDataCache/Boot.ddc.
[2026.02.11-02.12.53:261][  0]LogDerivedDataCache: Display: Loaded Boot cache: C:/Users/zhang/AppData/Local/UnrealEngine/4.27/DerivedDataCache/Boot.ddc
[2026.02.11-02.12.53:261][  0]LogDerivedDataCache: FDerivedDataBackendGraph:  Pak pak cache file E:/F盘/上传官网/su-z2/Dormitory/DerivedDataCache/DDC.ddp not found, will not use a pak cache.
[2026.02.11-02.12.53:261][  0]LogDerivedDataCache: Unable to find inner node Pak for hierarchical cache Hierarchy.
[2026.02.11-02.12.53:261][  0]LogDerivedDataCache: FDerivedDataBackendGraph:  CompressedPak pak cache file E:/F盘/上传官网/su-z2/Dormitory/DerivedDataCache/Compressed.ddp not found, will not use a pak cache.
[2026.02.11-02.12.53:261][  0]LogDerivedDataCache: Unable to find inner node CompressedPak for hierarchical cache Hierarchy.
[2026.02.11-02.12.53:274][  0]LogDerivedDataCache: Display: Pak cache opened for reading ../../../Engine/DerivedDataCache/Compressed.ddp.
[2026.02.11-02.12.53:274][  0]LogDerivedDataCache: FDerivedDataBackendGraph:  EnterprisePak pak cache file ../../../Enterprise/DerivedDataCache/Compressed.ddp not found, will not use a pak cache.
[2026.02.11-02.12.53:274][  0]LogDerivedDataCache: Unable to find inner node EnterprisePak for hierarchical cache Hierarchy.
[2026.02.11-02.12.53:280][  0]LogDerivedDataCache: Speed tests for C:/Users/zhang/AppData/Local/UnrealEngine/Common/DerivedDataCache took 0.01 seconds
[2026.02.11-02.12.53:280][  0]LogDerivedDataCache: Display: Performance to C:/Users/zhang/AppData/Local/UnrealEngine/Common/DerivedDataCache: Latency=0.04ms. RandomReadSpeed=1491.80MBs, RandomWriteSpeed=212.11MBs. Assigned SpeedClass 'Local'
[2026.02.11-02.12.53:280][  0]LogDerivedDataCache: Using Local data cache path C:/Users/zhang/AppData/Local/UnrealEngine/Common/DerivedDataCache: Writable
[2026.02.11-02.12.53:280][  0]LogDerivedDataCache: Shared data cache path not found in *engine.ini, will not use an Shared cache.
[2026.02.11-02.12.53:280][  0]LogDerivedDataCache: Unable to find inner node Shared for hierarchical cache Hierarchy.
[2026.02.11-02.12.53:316][  0]LogSlate: Using FreeType 2.10.0
[2026.02.11-02.12.53:316][  0]LogSlate: SlateFontServices - WITH_FREETYPE: 1, WITH_HARFBUZZ: 1
[2026.02.11-02.12.53:336][  0]LogAssetRegistry: FAssetRegistry took 0.0022 seconds to start up
[2026.02.11-02.12.53:509][  0]LogInit: Selected Device Profile: [Windows]
[2026.02.11-02.12.53:509][  0]LogInit: Active device profile: [000001B428786D00][000001B426E67540 49] Windows
[2026.02.11-02.12.53:509][  0]LogInit: Profiles: [000001B428786D00][000001B426E67540 49] Windows, [000001B428726300][000001B42903F6C0 49] WindowsNoEditor, [000001B428785F00][000001B4290B3840 49] WindowsServer, [000001B428727000][000001B4230B59C0 49] WindowsClient, [000001B428785200][000001B4230C1B40 49] IOS, [000001B428727E00][000001B426E6A100 49] iPadAir, [000001B428784700][000001B423128240 49] iPadAir2, [000001B42844DF00][000001B423BBA4C0 49] IPadPro, [000001B42844E000][000001B423BB2500 49] iPadAir3, [000001B428727600][000001B423BBE680 49] iPadAir4, [000001B42844EF00][000001B423BCE800 49] iPadMini2, [000001B428726A00][000001B423BEA980 49] iPadMini3, [000001B42844FB00][000001B423BEEB00 49] iPadMini4, [000001B428725800][000001B423BF2C80 49] iPadMini5, [000001B4284D1500][000001B423C20F40 49] iPhone6, [000001B4284D1600][000001B423C1CF80 49] iPodTouch6, [000001B428786C00][000001B423C41240 49] iPhone7, [000001B428785600][000001B423C2D280 49] iPodTouch7, [000001B42844DE00][000001B423C45400 49] iPhone5S, [000001B428786900][000001B4290A5580 49] iPhone6Plus, [000001B42844F300][000001B4290A9700 49] iPhone6S, [000001B428784900][000001B4290AD880 49] iPhone6SPlus, [000001B42844D700][000001B41F777A00 49] iPhone7Plus, [000001B428787B00][000001B41F77BB80 49] iPhoneSE, [000001B42844D100][000001B41F77E180 49] iPhone8, [000001B428785C00][000001B423BB62C0 49] iPhone8Plus, [000001B4284D0200][000001B423C28400 49] iPhoneX, [000001B42844E700][000001B429268540 49] iPhoneXS, [000001B4284D0E00][000001B4292706C0 49] iPhoneXSMax, [000001B42844E800][000001B429278840 49] iPhoneXR, [000001B4284D3D00][000001B4291BE9C0 49] iPhone11, [000001B42844EA00][000001B4291C2B40 49] iPhone11Pro, [000001B4284D3800][000001B4291C6CC0 49] iPhone11ProMax, [000001B42844FA00][000001B4291CAE40 49] iPhoneSE2, [000001B4284D3300][000001B4291CEFC0 49] iPhone12Mini, [000001B42844C200][000001B41F82B140 49] iPhone12, [000001B4284D1000][000001B4259532C0 49] iPhone12Pro, [000001B42844F900][000001B425957440 49] iPhone12ProMax, [000001B428787100][000001B4259655C0 49] iPadPro105, [000001B42844DA00][000001B425969740 49] iPadPro129, [000001B428787700][000001B42596D8C0 49] iPadPro97, [000001B42844C100][000001B425971A40 49] iPadPro2_129, [000001B428786800][000001B425975BC0 49] iPad5, [000001B42844E300][000001B4293AA1C0 49] iPad6, [000001B428787300][000001B4293AE340 49] iPad7, [000001B42844C500][000001B42926C480 49] iPad8, [000001B428785700][000001B4293FA5C0 49] iPadPro11, [000001B42844E500][000001B41F70E700 49] iPadPro2_11, [000001B428787D00][000001B41F734840 49] iPadPro3_129, [000001B42844EB00][000001B41F73C9C0 49] iPadPro4_129, [000001B428786F00][000001B41F740B40 49] AppleTV, [000001B42844FF00][000001B41F744CC0 49] AppleTV4K, [000001B428786200][000001B41F74CE40 49] TVOS, [000001B42844F700][000001B41F750FC0 49] Mac, [000001B428785D00][000001B42961B140 49] MacClient, [000001B42844F400][000001B41F7552C0 49] MacNoEditor, [000001B428785B00][000001B41F759440 49] MacServer, [000001B42844D600][000001B41F75D5C0 49] Linux, [000001B428785900][000001B41F761740 49] LinuxAArch64, [000001B42844F200][000001B41F7658C0 49] LinuxNoEditor, [000001B428785A00][000001B41F749A40 49] LinuxAArch64NoEditor, [000001B42844D800][000001B41F801BC0 49] LinuxClient, [000001B428786000][000001B42923E1C0 49] LinuxAArch64Client, [000001B42844DB00][000001B429242340 49] LinuxServer, [000001B428784F00][000001B4292464C0 49] LinuxAArch64Server, [000001B42844EE00][000001B41F738600 49] Android, [000001B428787400][000001B42924A740 49] Android_Low, [000001B42844E900][000001B42924E880 49] Android_Mid, [000001B428786600][000001B4292749C0 49] Android_High, [000001B42844C800][000001B423C24B40 49] Android_Default, [000001B428786400][000001B429252CC0 49] Android_Adreno4xx, [000001B42844D500][000001B429256E40 49] Android_Adreno5xx_Low, [000001B428785E00][000001B42925AFC0 49] Android_Adreno5xx, [000001B42844F000][000001B42925F140 49] Android_Adreno6xx, [000001B428787A00][000001B4292632C0 49] Android_Adreno6xx_Vulkan, [000001B42844F600][000001B429047440 49] Android_Mali_T6xx, [000001B428786700][000001B42904B5C0 49] Android_Mali_T7xx, [000001B42844E600][000001B42904F740 49] Android_Mali_T8xx, [000001B428784800][000001B4290538C0 49] Android_Mali_G71, [000001B42844CD00][000001B429057A40 49] Android_Mali_G72, [000001B428786300][000001B42905BBC0 49] Android_Mali_G72_Vulkan, [000001B42844CA00][000001B42905E1C0 49] Android_Mali_G76, [000001B428787800][000001B429062340 49] Android_Mali_G76_Vulkan, [000001B42844D000][000001B4290664C0 49] Android_Mali_G77, [000001B428784500][000001B42906A640 49] Android_Mali_G77_Vulkan, [000001B428724B00][000001B4291867C0 49] Android_Mali_G78, [000001B4284D0100][000001B42927C900 49] Android_Mali_G78_Vulkan, [000001B428727200][000001B42918AA40 49] Android_Mali_G710, [000001B4284D2300][000001B42918EB80 49] Android_Mali_G710_Vulkan, [000001B428724F00][000001B429196D00 49] Android_Vulkan_SM5, [000001B4284D2100][000001B42919AE80 49] Android_PowerVR_G6xxx, [000001B428727A00][000001B42919F000 49] Android_PowerVR_GT7xxx, [000001B4284D2000][000001B4291A3180 49] Android_PowerVR_GE8xxx, [000001B428727F00][000001B4291A7300 49] Android_PowerVR_GM9xxx, [000001B4284D0C00][000001B4291AB480 49] Android_PowerVR_GM9xxx_Vulkan, [000001B428725D00][000001B4291AF600 49] Android_TegraK1, [000001B4284D0B00][000001B4291B3780 49] Android_Unknown_Vulkan, [000001B428725B00][000001B4291B7900 49] Lumin, [000001B4284D2400][000001B4291BBA80 49] Lumin_Desktop, [000001B428724400][000001B429635C00 49] HoloLens, 
[2026.02.11-02.12.53:609][  0]LogMeshReduction: Using QuadricMeshReduction for automatic static mesh reduction
[2026.02.11-02.12.53:609][  0]LogMeshReduction: Using SimplygonMeshReduction for automatic skeletal mesh reduction
[2026.02.11-02.12.53:609][  0]LogMeshReduction: Using ProxyLODMeshReduction for automatic mesh merging
[2026.02.11-02.12.53:609][  0]LogMeshReduction: No distributed automatic mesh merging module available
[2026.02.11-02.12.53:609][  0]LogMeshMerging: No distributed automatic mesh merging module available
[2026.02.11-02.12.53:622][  0]LogNetVersion: Dormitory 1.0.0, NetCL: 17155196, EngineNetVer: 17, GameNetVer: 0 (Checksum: 2840175829)
[2026.02.11-02.12.53:921][  0]LogTexture: Default maximum texture size for cubemaps generated from long-lat sources has been changed from 512 to unlimited. In order to preserve old behaiour for '/Engine/MapTemplates/Sky/DaylightAmbientCubemap.DaylightAmbientCubemap', its maximum texture size has been explicitly set to 512.
[2026.02.11-02.12.53:991][  0]LogHMD: PokeAHoleMaterial loaded successfully
[2026.02.11-02.12.53:995][  0]LogUObjectArray: 18050 objects as part of root set at end of initial load.
[2026.02.11-02.12.53:995][  0]LogUObjectAllocator: 4611168 out of 0 bytes used by permanent object pool.
[2026.02.11-02.12.53:995][  0]LogUObjectArray: CloseDisregardForGC: 0/0 objects in disregard for GC pool
[2026.02.11-02.12.54:224][  0]LogPython: Using Python 3.7.7
[2026.02.11-02.12.54:556][  0]LogNiagaraDebuggerClient: Niagara Debugger Client Initialized | Session: B3230F124083ADBB2FA356AC063565B4 | Instance: 969EA4C849765E9E63C5EBB4BB802A97 (NEW-8296).
[2026.02.11-02.12.54:697][  0]LogTcpMessaging: Initializing TcpMessaging bridge
[2026.02.11-02.12.54:702][  0]LogUdpMessaging: Initializing bridge on interface 0.0.0.0:0 to multicast group 230.0.0.1:6666.
[2026.02.11-02.12.55:058][  0]LogOpenImageDenoise: OIDN starting up
[2026.02.11-02.12.55:075][  0]SourceControl: 源码管理已禁用
[2026.02.11-02.12.55:075][  0]SourceControl: 源码管理已禁用
[2026.02.11-02.12.55:078][  0]SourceControl: 源码管理已禁用
[2026.02.11-02.12.55:081][  0]SourceControl: 源码管理已禁用
[2026.02.11-02.12.55:084][  0]SourceControl: 源码管理已禁用
[2026.02.11-02.12.55:093][  0]LogUProjectInfo: Found projects:
[2026.02.11-02.12.55:097][  0]LogVSAccessor: Display: Unable to create Visual Studio setup instance: 80040154
[2026.02.11-02.12.55:097][  0]LogVSAccessor: Display: Unable to create Visual Studio setup instance: 80040154
[2026.02.11-02.12.55:097][  0]LogVSAccessor: Display: Unable to create Visual Studio setup instance: 80040154
[2026.02.11-02.12.55:151][  0]LogAndroidPermission: UAndroidPermissionCallbackProxy::GetInstance
[2026.02.11-02.12.55:166][  0]LogAudioCaptureCore: Display: No Audio Capture implementations found. Audio input will be silent.
[2026.02.11-02.12.55:166][  0]LogAudioCaptureCore: Display: No Audio Capture implementations found. Audio input will be silent.
[2026.02.11-02.12.55:267][  0]LogCollectionManager: Loaded 0 collections in 0.001085 seconds
[2026.02.11-02.12.55:292][  0]LogFileCache: Scanning file cache for directory 'E:/F盘/上传官网/su-z2/Dormitory/Saved/Collections/' took 0.00s
[2026.02.11-02.12.55:293][  0]LogFileCache: Scanning file cache for directory 'E:/F盘/上传官网/su-z2/Dormitory/Content/Developers/zhang/Collections/' took 0.00s
[2026.02.11-02.12.55:293][  0]LogFileCache: Scanning file cache for directory 'E:/F盘/上传官网/su-z2/Dormitory/Content/Collections/' took 0.00s
[2026.02.11-02.12.55:293][  0]LogOcInput: OculusInput pre-init called
[2026.02.11-02.12.55:502][  0]LogClass: Display: IntProperty FPhysicsConvexData::NumVertices is not initialized properly. Module:MeshModelingTools File:Public/Physics/CollisionPropertySets.h
[2026.02.11-02.12.55:503][  0]LogClass: Display: IntProperty FPhysicsConvexData::NumFaces is not initialized properly. Module:MeshModelingTools File:Public/Physics/CollisionPropertySets.h
[2026.02.11-02.12.55:503][  0]LogClass: Display: FloatProperty FPhysicsCapsuleData::Radius is not initialized properly. Module:MeshModelingTools File:Public/Physics/CollisionPropertySets.h
[2026.02.11-02.12.55:503][  0]LogClass: Display: FloatProperty FPhysicsCapsuleData::Length is not initialized properly. Module:MeshModelingTools File:Public/Physics/CollisionPropertySets.h
[2026.02.11-02.12.55:503][  0]LogClass: Display: StructProperty FPhysicsBoxData::Dimensions is not initialized properly. Module:MeshModelingTools File:Public/Physics/CollisionPropertySets.h
[2026.02.11-02.12.55:503][  0]LogClass: Display: FloatProperty FPhysicsSphereData::Radius is not initialized properly. Module:MeshModelingTools File:Public/Physics/CollisionPropertySets.h
[2026.02.11-02.12.55:503][  0]LogClass: Display: EnumProperty FLODLevelGenerateSettings::TargetMode is not initialized properly. Module:MeshModelingToolsEditorOnly File:Public/GenerateLODMeshesTool.h
[2026.02.11-02.12.55:503][  0]LogClass: Display: IntProperty FLODLevelGenerateSettings::TargetPercentage is not initialized properly. Module:MeshModelingToolsEditorOnly File:Public/GenerateLODMeshesTool.h
[2026.02.11-02.12.55:503][  0]LogClass: Display: IntProperty FLODLevelGenerateSettings::TargetCount is not initialized properly. Module:MeshModelingToolsEditorOnly File:Public/GenerateLODMeshesTool.h
[2026.02.11-02.12.55:503][  0]LogClass: Display: 9 Uninitialized script struct members found including 0 object properties
[2026.02.11-02.12.55:504][  0]LogEngine: Initializing Engine...
[2026.02.11-02.12.55:506][  0]LogHMD: Failed to enumerate extensions. Please check that you have a valid OpenXR runtime installed.
[2026.02.11-02.12.55:506][  0]LogHMD: Failed to initialize OpenVR with code 110
[2026.02.11-02.12.55:506][  0]LogMagicLeap: Warning: VR disabled because ZI is not enabled.  To enable, in the editor, Edit -> Project Settings -> Plugins -> Magic Leap Plugin -> Enable Zero Iteration
[2026.02.11-02.12.55:507][  0]LogStylusInput: Initializing StylusInput subsystem.
[2026.02.11-02.12.55:508][  0]LogStats: UGameplayTagsManager::InitializeManager -  0.000 s
[2026.02.11-02.12.55:604][  0]LogInit: Initializing FReadOnlyCVARCache
[2026.02.11-02.12.55:611][  0]LogAIModule: Creating AISystem for world Untitled
[2026.02.11-02.12.55:617][  0]LogAudio: Display: Initializing Audio Device Manager...
[2026.02.11-02.12.55:620][  0]LogAudio: Display: Loading Default Audio Settings Objects...
[2026.02.11-02.12.55:621][  0]LogAudio: Display: No default SoundConcurrencyObject specified (or failed to load).
[2026.02.11-02.12.55:621][  0]LogAudio: Display: Audio Device Manager Initialized
[2026.02.11-02.12.55:621][  0]LogAudio: Display: Creating Audio Device:                 Id: 1, Scope: Shared, Realtime: True
[2026.02.11-02.12.55:621][  0]LogAudioMixer: Display: Audio Mixer Platform Settings:
[2026.02.11-02.12.55:621][  0]LogAudioMixer: Display: 	Sample Rate:						  48000
[2026.02.11-02.12.55:621][  0]LogAudioMixer: Display: 	Callback Buffer Frame Size Requested: 1024
[2026.02.11-02.12.55:621][  0]LogAudioMixer: Display: 	Callback Buffer Frame Size To Use:	  1024
[2026.02.11-02.12.55:621][  0]LogAudioMixer: Display: 	Number of buffers to queue:			  2
[2026.02.11-02.12.55:621][  0]LogAudioMixer: Display: 	Max Channels (voices):				  32
[2026.02.11-02.12.55:621][  0]LogAudioMixer: Display: 	Number of Async Source Workers:		  0
[2026.02.11-02.12.55:621][  0]LogAudio: Display: AudioDevice MaxSources: 32
[2026.02.11-02.12.55:621][  0]LogAudio: Display: Audio Spatialization Plugin: None (built-in).
[2026.02.11-02.12.55:621][  0]LogAudio: Display: Audio Reverb Plugin: None (built-in).
[2026.02.11-02.12.55:621][  0]LogAudio: Display: Audio Occlusion Plugin: None (built-in).
[2026.02.11-02.12.55:621][  0]LogAudioMixer: Display: Initializing audio mixer.
[2026.02.11-02.12.55:637][  0]LogAudioMixer: Display: 0: FrontLeft
[2026.02.11-02.12.55:637][  0]LogAudioMixer: Display: 1: FrontRight
[2026.02.11-02.12.55:683][  0]LogAudioMixer: Display: Using Audio Device DELL E1914H (NVIDIA High Definition Audio)
[2026.02.11-02.12.55:683][  0]LogAudioMixer: Display: Initializing Sound Submixes...
[2026.02.11-02.12.55:685][  0]LogAudioMixer: Display: Creating Master Submix 'MasterSubmixDefault'
[2026.02.11-02.12.55:686][  0]LogAudioMixer: Display: Creating Master Submix 'MasterReverbSubmixDefault'
[2026.02.11-02.12.55:686][  0]LogAudioMixer: Display: Creating Master Submix 'MasterEQSubmixDefault'
[2026.02.11-02.12.55:686][  0]LogAudioMixer: FMixerPlatformXAudio2::StartAudioStream() called
[2026.02.11-02.12.55:686][  0]LogAudioMixer: Display: Output buffers initialized: Frames=1024, Channels=2, Samples=2048
[2026.02.11-02.12.55:687][  0]LogAudioMixer: Display: Starting AudioMixerPlatformInterface::RunInternal()
[2026.02.11-02.12.55:687][  0]LogAudioMixer: Display: FMixerPlatformXAudio2::SubmitBuffer() called for the first time
[2026.02.11-02.12.55:687][  0]LogInit: FAudioDevice initialized.
[2026.02.11-02.12.55:687][  0]LogAudio: Display: Audio Device (ID: 1) registered with world 'Untitled'.
[2026.02.11-02.12.55:687][  0]LogNetVersion: Set ProjectVersion to 1.0.0.0. Version Checksum will be recalculated on next use.
[2026.02.11-02.12.55:767][  0]LogDerivedDataCache: Saved boot cache 0.08s 122MB C:/Users/zhang/AppData/Local/UnrealEngine/4.27/DerivedDataCache/Boot.ddc.
[2026.02.11-02.12.55:768][  0]LogInit: Texture streaming: Enabled
[2026.02.11-02.12.55:779][  0]LogAnalytics: Display: [UEEditor.Rocket.Release] APIServer = https://datarouter.ol.epicgames.com/. AppVersion = 4.27.2-18319896+++UE4+Release-4.27
[2026.02.11-02.12.55:782][  0]LogEngineSessionManager: EngineSessionManager initialized
[2026.02.11-02.12.55:782][  0]LogEditorSessionSummary: Verbose: Initializing EditorSessionSummaryWriter for editor session tracking
[2026.02.11-02.12.55:785][  0]LogEditorSessionSummary: EditorSessionSummaryWriter initialized
[2026.02.11-02.12.55:803][  0]LogInit: Transaction tracking system initialized
[2026.02.11-02.12.55:822][  0]BlueprintLog: New page: 编辑器加载
[2026.02.11-02.12.55:874][  0]LocalizationService: 本地化服务已禁用
[2026.02.11-02.12.55:895][  0]TimingProfiler: Initialize
[2026.02.11-02.12.55:895][  0]TimingProfiler: OnSessionChanged
[2026.02.11-02.12.55:895][  0]LoadingProfiler: Initialize
[2026.02.11-02.12.55:895][  0]LoadingProfiler: OnSessionChanged
[2026.02.11-02.12.55:895][  0]NetworkingProfiler: Initialize
[2026.02.11-02.12.55:895][  0]NetworkingProfiler: OnSessionChanged
[2026.02.11-02.12.55:895][  0]MemoryProfiler: Initialize
[2026.02.11-02.12.55:895][  0]MemoryProfiler: OnSessionChanged
[2026.02.11-02.12.55:946][  0]LogVSAccessor: Display: Unable to create Visual Studio setup instance: 80040154
[2026.02.11-02.12.55:946][  0]LogVSAccessor: Display: Unable to create Visual Studio setup instance: 80040154
[2026.02.11-02.12.55:946][  0]LogVSAccessor: Display: Unable to create Visual Studio setup instance: 80040154
[2026.02.11-02.12.56:028][  0]LogCook: Display: CookSettings for Memory: MemoryMaxUsedVirtual 0MiB, MemoryMaxUsedPhysical 16384MiB, MemoryMinFreeVirtual 0MiB, MemoryMinFreePhysical 1024MiB
[2026.02.11-02.12.56:029][  0]LogCook: Display: Mobile HDR setting 1
[2026.02.11-02.12.56:199][  0]LogFileCache: Scanning file cache for directory 'E:/F盘/上传官网/su-z2/Dormitory/Content/' took 0.00s
[2026.02.11-02.12.56:360][  0]LogInit: Display: Engine is initialized. Leaving FEngineLoop::Init()
[2026.02.11-02.12.56:363][  0]SourceControl: 源码管理已禁用
[2026.02.11-02.12.56:363][  0]LogUnrealEdMisc: Loading editor; pre map load, took 5.840
[2026.02.11-02.12.56:363][  0]Cmd: MAP LOAD FILE="E:/F盘/上传官网/su-z2/Dormitory/Content/CityColor/Map/model.umap" TEMPLATE=0 SHOWPROGRESS=1 FEATURELEVEL=3
[2026.02.11-02.12.56:364][  0]LightingResults: New page: 光照构建
[2026.02.11-02.12.56:365][  0]LogWorld: UWorld::CleanupWorld for Untitled, bSessionEnded=true, bCleanupResources=true
[2026.02.11-02.12.56:365][  0]LogSlate: InvalidateAllWidgets triggered.  All widgets were invalidated
[2026.02.11-02.12.56:365][  0]MapCheck: New page: 地图检测
[2026.02.11-02.12.56:365][  0]LightingResults: New page: 光照构建
[2026.02.11-02.12.56:368][  0]LogAudio: Display: Audio Device unregistered from world 'None'.
[2026.02.11-02.12.56:370][  0]LogUObjectHash: Compacting FUObjectHashTables data took   0.55ms
[2026.02.11-02.12.59:406][  0]LogAudio: Display: Audio Device (ID: 1) registered with world 'model'.
[2026.02.11-02.12.59:407][  0]LogAIModule: Creating AISystem for world model
[2026.02.11-02.12.59:412][  0]LogEditorServer: Finished looking for orphan Actors (0.000 secs)
[2026.02.11-02.12.59:417][  0]LogUObjectHash: Compacting FUObjectHashTables data took   0.58ms
[2026.02.11-02.12.59:419][  0]Cmd: MAP CHECKDEP NOCLEARLOG
[2026.02.11-02.12.59:420][  0]MapCheck: 地图检测完成：0个错误、0个警告、完成用时0.1毫秒。
[2026.02.11-02.12.59:420][  0]LogFileHelpers: Loading map 'model' took 3.057
[2026.02.11-02.12.59:421][  0]LogUnrealEdMisc: Total Editor Startup Time, took 8.899
[2026.02.11-02.12.59:514][  0]LogWindowsTextInputMethodSystem: Display: IME system activated using TSF (微软拼音).
[2026.02.11-02.12.59:547][  0]LogSlate: Updating window title bar state: overlay mode, drag disabled, window buttons hidden, title bar hidden
[2026.02.11-02.12.59:550][  0]LogSlate: Updating window title bar state: overlay mode, drag disabled, window buttons hidden, title bar hidden
[2026.02.11-02.12.59:555][  0]LogSlate: Updating window title bar state: overlay mode, drag disabled, window buttons hidden, title bar hidden
[2026.02.11-02.12.59:558][  0]LogSlate: Updating window title bar state: overlay mode, drag disabled, window buttons hidden, title bar hidden
[2026.02.11-02.12.59:570][  0]LogNativeClassHierarchy: Verbose: Native class hierarchy populated in 0.0072 seconds. Added 4202 classes and 960 folders.
[2026.02.11-02.12.59:572][  0]LogNativeClassHierarchy: Verbose: Native class hierarchy updated for 'WidgetCarousel' in 0.0002 seconds. Added 0 classes and 0 folders.
[2026.02.11-02.12.59:573][  0]LogPakFile: PakFile PrimaryIndexSize=187
[2026.02.11-02.12.59:573][  0]LogPakFile: PakFile PathHashIndexSize=101
[2026.02.11-02.12.59:573][  0]LogPakFile: PakFile FullDirectoryIndexSize=148
[2026.02.11-02.12.59:574][  0]LogShaderLibrary: Display: ShaderCodeLibraryPakFileMountedCallback: PakFile 'C:/Program Files/Epic Games/UE_4.27/FeaturePacks/FP_FirstPerson.upack' (chunk index -1, root 'root:/') mounted
[2026.02.11-02.12.59:574][  0]LogShaderLibrary: Display: ShaderCodeLibraryPakFileMountedCallback: pending pak file info (ChunkID:-1 Root:root:/ File:C:/Program Files/Epic Games/UE_4.27/FeaturePacks/FP_FirstPerson.upack)
[2026.02.11-02.12.59:574][  0]LogPakFile: OnPakFileMounted2Time == 0.000049
[2026.02.11-02.12.59:574][  0]LogPakFile: PakFile PrimaryIndexSize=189
[2026.02.11-02.12.59:574][  0]LogPakFile: PakFile PathHashIndexSize=101
[2026.02.11-02.12.59:574][  0]LogPakFile: PakFile FullDirectoryIndexSize=152
[2026.02.11-02.12.59:574][  0]LogShaderLibrary: Display: ShaderCodeLibraryPakFileMountedCallback: PakFile 'C:/Program Files/Epic Games/UE_4.27/FeaturePacks/FP_FirstPersonBP.upack' (chunk index -1, root 'root:/') mounted
[2026.02.11-02.12.59:574][  0]LogShaderLibrary: Display: ShaderCodeLibraryPakFileMountedCallback: pending pak file info (ChunkID:-1 Root:root:/ File:C:/Program Files/Epic Games/UE_4.27/FeaturePacks/FP_FirstPersonBP.upack)
[2026.02.11-02.12.59:574][  0]LogPakFile: OnPakFileMounted2Time == 0.000028
[2026.02.11-02.12.59:575][  0]LogPakFile: PakFile PrimaryIndexSize=191
[2026.02.11-02.12.59:575][  0]LogPakFile: PakFile PathHashIndexSize=101
[2026.02.11-02.12.59:575][  0]LogPakFile: PakFile FullDirectoryIndexSize=160
[2026.02.11-02.12.59:575][  0]LogShaderLibrary: Display: ShaderCodeLibraryPakFileMountedCallback: PakFile 'C:/Program Files/Epic Games/UE_4.27/FeaturePacks/MobileStarterContent.upack' (chunk index -1, root 'root:/') mounted
[2026.02.11-02.12.59:575][  0]LogShaderLibrary: Display: ShaderCodeLibraryPakFileMountedCallback: pending pak file info (ChunkID:-1 Root:root:/ File:C:/Program Files/Epic Games/UE_4.27/FeaturePacks/MobileStarterContent.upack)
[2026.02.11-02.12.59:575][  0]LogPakFile: OnPakFileMounted2Time == 0.000027
[2026.02.11-02.12.59:575][  0]LogPakFile: PakFile PrimaryIndexSize=185
[2026.02.11-02.12.59:575][  0]LogPakFile: PakFile PathHashIndexSize=101
[2026.02.11-02.12.59:575][  0]LogPakFile: PakFile FullDirectoryIndexSize=148
[2026.02.11-02.12.59:575][  0]LogShaderLibrary: Display: ShaderCodeLibraryPakFileMountedCallback: PakFile 'C:/Program Files/Epic Games/UE_4.27/FeaturePacks/StarterContent.upack' (chunk index -1, root 'root:/') mounted
[2026.02.11-02.12.59:575][  0]LogShaderLibrary: Display: ShaderCodeLibraryPakFileMountedCallback: pending pak file info (ChunkID:-1 Root:root:/ File:C:/Program Files/Epic Games/UE_4.27/FeaturePacks/StarterContent.upack)
[2026.02.11-02.12.59:575][  0]LogPakFile: OnPakFileMounted2Time == 0.000026
[2026.02.11-02.12.59:575][  0]LogPakFile: PakFile PrimaryIndexSize=190
[2026.02.11-02.12.59:575][  0]LogPakFile: PakFile PathHashIndexSize=101
[2026.02.11-02.12.59:575][  0]LogPakFile: PakFile FullDirectoryIndexSize=154
[2026.02.11-02.12.59:576][  0]LogShaderLibrary: Display: ShaderCodeLibraryPakFileMountedCallback: PakFile 'C:/Program Files/Epic Games/UE_4.27/FeaturePacks/TP_2DSideScroller.upack' (chunk index -1, root 'root:/') mounted
[2026.02.11-02.12.59:576][  0]LogShaderLibrary: Display: ShaderCodeLibraryPakFileMountedCallback: pending pak file info (ChunkID:-1 Root:root:/ File:C:/Program Files/Epic Games/UE_4.27/FeaturePacks/TP_2DSideScroller.upack)
[2026.02.11-02.12.59:576][  0]LogPakFile: OnPakFileMounted2Time == 0.000026
[2026.02.11-02.12.59:576][  0]LogPakFile: PakFile PrimaryIndexSize=192
[2026.02.11-02.12.59:576][  0]LogPakFile: PakFile PathHashIndexSize=101
[2026.02.11-02.12.59:576][  0]LogPakFile: PakFile FullDirectoryIndexSize=158
[2026.02.11-02.12.59:576][  0]LogShaderLibrary: Display: ShaderCodeLibraryPakFileMountedCallback: PakFile 'C:/Program Files/Epic Games/UE_4.27/FeaturePacks/TP_2DSideScrollerBP.upack' (chunk index -1, root 'root:/') mounted
[2026.02.11-02.12.59:576][  0]LogShaderLibrary: Display: ShaderCodeLibraryPakFileMountedCallback: pending pak file info (ChunkID:-1 Root:root:/ File:C:/Program Files/Epic Games/UE_4.27/FeaturePacks/TP_2DSideScrollerBP.upack)
[2026.02.11-02.12.59:576][  0]LogPakFile: OnPakFileMounted2Time == 0.000025
[2026.02.11-02.12.59:576][  0]LogPakFile: PakFile PrimaryIndexSize=182
[2026.02.11-02.12.59:576][  0]LogPakFile: PakFile PathHashIndexSize=101
[2026.02.11-02.12.59:576][  0]LogPakFile: PakFile FullDirectoryIndexSize=138
[2026.02.11-02.12.59:576][  0]LogShaderLibrary: Display: ShaderCodeLibraryPakFileMountedCallback: PakFile 'C:/Program Files/Epic Games/UE_4.27/FeaturePacks/TP_Flying.upack' (chunk index -1, root 'root:/') mounted
[2026.02.11-02.12.59:576][  0]LogShaderLibrary: Display: ShaderCodeLibraryPakFileMountedCallback: pending pak file info (ChunkID:-1 Root:root:/ File:C:/Program Files/Epic Games/UE_4.27/FeaturePacks/TP_Flying.upack)
[2026.02.11-02.12.59:576][  0]LogPakFile: OnPakFileMounted2Time == 0.000028
[2026.02.11-02.12.59:577][  0]LogPakFile: PakFile PrimaryIndexSize=184
[2026.02.11-02.12.59:577][  0]LogPakFile: PakFile PathHashIndexSize=101
[2026.02.11-02.12.59:577][  0]LogPakFile: PakFile FullDirectoryIndexSize=142
[2026.02.11-02.12.59:577][  0]LogShaderLibrary: Display: ShaderCodeLibraryPakFileMountedCallback: PakFile 'C:/Program Files/Epic Games/UE_4.27/FeaturePacks/TP_FlyingBP.upack' (chunk index -1, root 'root:/') mounted
[2026.02.11-02.12.59:577][  0]LogShaderLibrary: Display: ShaderCodeLibraryPakFileMountedCallback: pending pak file info (ChunkID:-1 Root:root:/ File:C:/Program Files/Epic Games/UE_4.27/FeaturePacks/TP_FlyingBP.upack)
[2026.02.11-02.12.59:577][  0]LogPakFile: OnPakFileMounted2Time == 0.000024
[2026.02.11-02.12.59:577][  0]LogPakFile: PakFile PrimaryIndexSize=188
[2026.02.11-02.12.59:577][  0]LogPakFile: PakFile PathHashIndexSize=101
[2026.02.11-02.12.59:577][  0]LogPakFile: PakFile FullDirectoryIndexSize=150
[2026.02.11-02.12.59:577][  0]LogShaderLibrary: Display: ShaderCodeLibraryPakFileMountedCallback: PakFile 'C:/Program Files/Epic Games/UE_4.27/FeaturePacks/TP_HandheldARBP.upack' (chunk index -1, root 'root:/') mounted
[2026.02.11-02.12.59:577][  0]LogShaderLibrary: Display: ShaderCodeLibraryPakFileMountedCallback: pending pak file info (ChunkID:-1 Root:root:/ File:C:/Program Files/Epic Games/UE_4.27/FeaturePacks/TP_HandheldARBP.upack)
[2026.02.11-02.12.59:577][  0]LogPakFile: OnPakFileMounted2Time == 0.000025
[2026.02.11-02.12.59:578][  0]LogPakFile: PakFile PrimaryIndexSize=182
[2026.02.11-02.12.59:578][  0]LogPakFile: PakFile PathHashIndexSize=101
[2026.02.11-02.12.59:578][  0]LogPakFile: PakFile FullDirectoryIndexSize=138
[2026.02.11-02.12.59:578][  0]LogShaderLibrary: Display: ShaderCodeLibraryPakFileMountedCallback: PakFile 'C:/Program Files/Epic Games/UE_4.27/FeaturePacks/TP_Puzzle.upack' (chunk index -1, root 'root:/') mounted
[2026.02.11-02.12.59:578][  0]LogShaderLibrary: Display: ShaderCodeLibraryPakFileMountedCallback: pending pak file info (ChunkID:-1 Root:root:/ File:C:/Program Files/Epic Games/UE_4.27/FeaturePacks/TP_Puzzle.upack)
[2026.02.11-02.12.59:578][  0]LogPakFile: OnPakFileMounted2Time == 0.000026
[2026.02.11-02.12.59:578][  0]LogPakFile: PakFile PrimaryIndexSize=184
[2026.02.11-02.12.59:578][  0]LogPakFile: PakFile PathHashIndexSize=101
[2026.02.11-02.12.59:578][  0]LogPakFile: PakFile FullDirectoryIndexSize=142
[2026.02.11-02.12.59:578][  0]LogShaderLibrary: Display: ShaderCodeLibraryPakFileMountedCallback: PakFile 'C:/Program Files/Epic Games/UE_4.27/FeaturePacks/TP_PuzzleBP.upack' (chunk index -1, root 'root:/') mounted
[2026.02.11-02.12.59:578][  0]LogShaderLibrary: Display: ShaderCodeLibraryPakFileMountedCallback: pending pak file info (ChunkID:-1 Root:root:/ File:C:/Program Files/Epic Games/UE_4.27/FeaturePacks/TP_PuzzleBP.upack)
[2026.02.11-02.12.59:578][  0]LogPakFile: OnPakFileMounted2Time == 0.000024
[2026.02.11-02.12.59:579][  0]LogPakFile: PakFile PrimaryIndexSize=183
[2026.02.11-02.12.59:579][  0]LogPakFile: PakFile PathHashIndexSize=101
[2026.02.11-02.12.59:579][  0]LogPakFile: PakFile FullDirectoryIndexSize=140
[2026.02.11-02.12.59:579][  0]LogShaderLibrary: Display: ShaderCodeLibraryPakFileMountedCallback: PakFile 'C:/Program Files/Epic Games/UE_4.27/FeaturePacks/TP_Rolling.upack' (chunk index -1, root 'root:/') mounted
[2026.02.11-02.12.59:579][  0]LogShaderLibrary: Display: ShaderCodeLibraryPakFileMountedCallback: pending pak file info (ChunkID:-1 Root:root:/ File:C:/Program Files/Epic Games/UE_4.27/FeaturePacks/TP_Rolling.upack)
[2026.02.11-02.12.59:579][  0]LogPakFile: OnPakFileMounted2Time == 0.000024
[2026.02.11-02.12.59:579][  0]LogPakFile: PakFile PrimaryIndexSize=185
[2026.02.11-02.12.59:579][  0]LogPakFile: PakFile PathHashIndexSize=101
[2026.02.11-02.12.59:579][  0]LogPakFile: PakFile FullDirectoryIndexSize=144
[2026.02.11-02.12.59:579][  0]LogShaderLibrary: Display: ShaderCodeLibraryPakFileMountedCallback: PakFile 'C:/Program Files/Epic Games/UE_4.27/FeaturePacks/TP_RollingBP.upack' (chunk index -1, root 'root:/') mounted
[2026.02.11-02.12.59:579][  0]LogShaderLibrary: Display: ShaderCodeLibraryPakFileMountedCallback: pending pak file info (ChunkID:-1 Root:root:/ File:C:/Program Files/Epic Games/UE_4.27/FeaturePacks/TP_RollingBP.upack)
[2026.02.11-02.12.59:579][  0]LogPakFile: OnPakFileMounted2Time == 0.000023
[2026.02.11-02.12.59:580][  0]LogPakFile: PakFile PrimaryIndexSize=188
[2026.02.11-02.12.59:580][  0]LogPakFile: PakFile PathHashIndexSize=101
[2026.02.11-02.12.59:580][  0]LogPakFile: PakFile FullDirectoryIndexSize=150
[2026.02.11-02.12.59:580][  0]LogShaderLibrary: Display: ShaderCodeLibraryPakFileMountedCallback: PakFile 'C:/Program Files/Epic Games/UE_4.27/FeaturePacks/TP_SideScroller.upack' (chunk index -1, root 'root:/') mounted
[2026.02.11-02.12.59:580][  0]LogShaderLibrary: Display: ShaderCodeLibraryPakFileMountedCallback: pending pak file info (ChunkID:-1 Root:root:/ File:C:/Program Files/Epic Games/UE_4.27/FeaturePacks/TP_SideScroller.upack)
[2026.02.11-02.12.59:580][  0]LogPakFile: OnPakFileMounted2Time == 0.000024
[2026.02.11-02.12.59:580][  0]LogPakFile: PakFile PrimaryIndexSize=190
[2026.02.11-02.12.59:580][  0]LogPakFile: PakFile PathHashIndexSize=101
[2026.02.11-02.12.59:580][  0]LogPakFile: PakFile FullDirectoryIndexSize=154
[2026.02.11-02.12.59:580][  0]LogShaderLibrary: Display: ShaderCodeLibraryPakFileMountedCallback: PakFile 'C:/Program Files/Epic Games/UE_4.27/FeaturePacks/TP_SideScrollerBP.upack' (chunk index -1, root 'root:/') mounted
[2026.02.11-02.12.59:580][  0]LogShaderLibrary: Display: ShaderCodeLibraryPakFileMountedCallback: pending pak file info (ChunkID:-1 Root:root:/ File:C:/Program Files/Epic Games/UE_4.27/FeaturePacks/TP_SideScrollerBP.upack)
[2026.02.11-02.12.59:580][  0]LogPakFile: OnPakFileMounted2Time == 0.000027
[2026.02.11-02.12.59:581][  0]LogPakFile: PakFile PrimaryIndexSize=187
[2026.02.11-02.12.59:581][  0]LogPakFile: PakFile PathHashIndexSize=101
[2026.02.11-02.12.59:581][  0]LogPakFile: PakFile FullDirectoryIndexSize=148
[2026.02.11-02.12.59:581][  0]LogShaderLibrary: Display: ShaderCodeLibraryPakFileMountedCallback: PakFile 'C:/Program Files/Epic Games/UE_4.27/FeaturePacks/TP_ThirdPerson.upack' (chunk index -1, root 'root:/') mounted
[2026.02.11-02.12.59:581][  0]LogShaderLibrary: Display: ShaderCodeLibraryPakFileMountedCallback: pending pak file info (ChunkID:-1 Root:root:/ File:C:/Program Files/Epic Games/UE_4.27/FeaturePacks/TP_ThirdPerson.upack)
[2026.02.11-02.12.59:581][  0]LogPakFile: OnPakFileMounted2Time == 0.000025
[2026.02.11-02.12.59:581][  0]LogPakFile: PakFile PrimaryIndexSize=189
[2026.02.11-02.12.59:581][  0]LogPakFile: PakFile PathHashIndexSize=101
[2026.02.11-02.12.59:581][  0]LogPakFile: PakFile FullDirectoryIndexSize=152
[2026.02.11-02.12.59:581][  0]LogShaderLibrary: Display: ShaderCodeLibraryPakFileMountedCallback: PakFile 'C:/Program Files/Epic Games/UE_4.27/FeaturePacks/TP_ThirdPersonBP.upack' (chunk index -1, root 'root:/') mounted
[2026.02.11-02.12.59:581][  0]LogShaderLibrary: Display: ShaderCodeLibraryPakFileMountedCallback: pending pak file info (ChunkID:-1 Root:root:/ File:C:/Program Files/Epic Games/UE_4.27/FeaturePacks/TP_ThirdPersonBP.upack)
[2026.02.11-02.12.59:581][  0]LogPakFile: OnPakFileMounted2Time == 0.000023
[2026.02.11-02.12.59:581][  0]LogPakFile: PakFile PrimaryIndexSize=183
[2026.02.11-02.12.59:581][  0]LogPakFile: PakFile PathHashIndexSize=101
[2026.02.11-02.12.59:581][  0]LogPakFile: PakFile FullDirectoryIndexSize=140
[2026.02.11-02.12.59:581][  0]LogShaderLibrary: Display: ShaderCodeLibraryPakFileMountedCallback: PakFile 'C:/Program Files/Epic Games/UE_4.27/FeaturePacks/TP_TopDown.upack' (chunk index -1, root 'root:/') mounted
[2026.02.11-02.12.59:582][  0]LogShaderLibrary: Display: ShaderCodeLibraryPakFileMountedCallback: pending pak file info (ChunkID:-1 Root:root:/ File:C:/Program Files/Epic Games/UE_4.27/FeaturePacks/TP_TopDown.upack)
[2026.02.11-02.12.59:582][  0]LogPakFile: OnPakFileMounted2Time == 0.000141
[2026.02.11-02.12.59:582][  0]LogPakFile: PakFile PrimaryIndexSize=185
[2026.02.11-02.12.59:582][  0]LogPakFile: PakFile PathHashIndexSize=101
[2026.02.11-02.12.59:582][  0]LogPakFile: PakFile FullDirectoryIndexSize=144
[2026.02.11-02.12.59:582][  0]LogShaderLibrary: Display: ShaderCodeLibraryPakFileMountedCallback: PakFile 'C:/Program Files/Epic Games/UE_4.27/FeaturePacks/TP_TopDownBP.upack' (chunk index -1, root 'root:/') mounted
[2026.02.11-02.12.59:582][  0]LogShaderLibrary: Display: ShaderCodeLibraryPakFileMountedCallback: pending pak file info (ChunkID:-1 Root:root:/ File:C:/Program Files/Epic Games/UE_4.27/FeaturePacks/TP_TopDownBP.upack)
[2026.02.11-02.12.59:582][  0]LogPakFile: OnPakFileMounted2Time == 0.000027
[2026.02.11-02.12.59:582][  0]LogPakFile: PakFile PrimaryIndexSize=185
[2026.02.11-02.12.59:583][  0]LogPakFile: PakFile PathHashIndexSize=101
[2026.02.11-02.12.59:583][  0]LogPakFile: PakFile FullDirectoryIndexSize=144
[2026.02.11-02.12.59:583][  0]LogShaderLibrary: Display: ShaderCodeLibraryPakFileMountedCallback: PakFile 'C:/Program Files/Epic Games/UE_4.27/FeaturePacks/TP_TwinStick.upack' (chunk index -1, root 'root:/') mounted
[2026.02.11-02.12.59:583][  0]LogShaderLibrary: Display: ShaderCodeLibraryPakFileMountedCallback: pending pak file info (ChunkID:-1 Root:root:/ File:C:/Program Files/Epic Games/UE_4.27/FeaturePacks/TP_TwinStick.upack)
[2026.02.11-02.12.59:583][  0]LogPakFile: OnPakFileMounted2Time == 0.000024
[2026.02.11-02.12.59:583][  0]LogPakFile: PakFile PrimaryIndexSize=187
[2026.02.11-02.12.59:583][  0]LogPakFile: PakFile PathHashIndexSize=101
[2026.02.11-02.12.59:583][  0]LogPakFile: PakFile FullDirectoryIndexSize=148
[2026.02.11-02.12.59:583][  0]LogShaderLibrary: Display: ShaderCodeLibraryPakFileMountedCallback: PakFile 'C:/Program Files/Epic Games/UE_4.27/FeaturePacks/TP_TwinStickBP.upack' (chunk index -1, root 'root:/') mounted
[2026.02.11-02.12.59:583][  0]LogShaderLibrary: Display: ShaderCodeLibraryPakFileMountedCallback: pending pak file info (ChunkID:-1 Root:root:/ File:C:/Program Files/Epic Games/UE_4.27/FeaturePacks/TP_TwinStickBP.upack)
[2026.02.11-02.12.59:583][  0]LogPakFile: OnPakFileMounted2Time == 0.000025
[2026.02.11-02.12.59:583][  0]LogPakFile: PakFile PrimaryIndexSize=183
[2026.02.11-02.12.59:583][  0]LogPakFile: PakFile PathHashIndexSize=101
[2026.02.11-02.12.59:583][  0]LogPakFile: PakFile FullDirectoryIndexSize=140
[2026.02.11-02.12.59:583][  0]LogShaderLibrary: Display: ShaderCodeLibraryPakFileMountedCallback: PakFile 'C:/Program Files/Epic Games/UE_4.27/FeaturePacks/TP_Vehicle.upack' (chunk index -1, root 'root:/') mounted
[2026.02.11-02.12.59:583][  0]LogShaderLibrary: Display: ShaderCodeLibraryPakFileMountedCallback: pending pak file info (ChunkID:-1 Root:root:/ File:C:/Program Files/Epic Games/UE_4.27/FeaturePacks/TP_Vehicle.upack)
[2026.02.11-02.12.59:583][  0]LogPakFile: OnPakFileMounted2Time == 0.000023
[2026.02.11-02.12.59:584][  0]LogPakFile: PakFile PrimaryIndexSize=186
[2026.02.11-02.12.59:584][  0]LogPakFile: PakFile PathHashIndexSize=101
[2026.02.11-02.12.59:584][  0]LogPakFile: PakFile FullDirectoryIndexSize=146
[2026.02.11-02.12.59:584][  0]LogShaderLibrary: Display: ShaderCodeLibraryPakFileMountedCallback: PakFile 'C:/Program Files/Epic Games/UE_4.27/FeaturePacks/TP_VehicleAdv.upack' (chunk index -1, root 'root:/') mounted
[2026.02.11-02.12.59:584][  0]LogShaderLibrary: Display: ShaderCodeLibraryPakFileMountedCallback: pending pak file info (ChunkID:-1 Root:root:/ File:C:/Program Files/Epic Games/UE_4.27/FeaturePacks/TP_VehicleAdv.upack)
[2026.02.11-02.12.59:584][  0]LogPakFile: OnPakFileMounted2Time == 0.000029
[2026.02.11-02.12.59:584][  0]LogPakFile: PakFile PrimaryIndexSize=188
[2026.02.11-02.12.59:584][  0]LogPakFile: PakFile PathHashIndexSize=101
[2026.02.11-02.12.59:584][  0]LogPakFile: PakFile FullDirectoryIndexSize=150
[2026.02.11-02.12.59:584][  0]LogShaderLibrary: Display: ShaderCodeLibraryPakFileMountedCallback: PakFile 'C:/Program Files/Epic Games/UE_4.27/FeaturePacks/TP_VehicleAdvBP.upack' (chunk index -1, root 'root:/') mounted
[2026.02.11-02.12.59:584][  0]LogShaderLibrary: Display: ShaderCodeLibraryPakFileMountedCallback: pending pak file info (ChunkID:-1 Root:root:/ File:C:/Program Files/Epic Games/UE_4.27/FeaturePacks/TP_VehicleAdvBP.upack)
[2026.02.11-02.12.59:584][  0]LogPakFile: OnPakFileMounted2Time == 0.000025
[2026.02.11-02.12.59:585][  0]LogPakFile: PakFile PrimaryIndexSize=185
[2026.02.11-02.12.59:585][  0]LogPakFile: PakFile PathHashIndexSize=101
[2026.02.11-02.12.59:585][  0]LogPakFile: PakFile FullDirectoryIndexSize=144
[2026.02.11-02.12.59:585][  0]LogShaderLibrary: Display: ShaderCodeLibraryPakFileMountedCallback: PakFile 'C:/Program Files/Epic Games/UE_4.27/FeaturePacks/TP_VehicleBP.upack' (chunk index -1, root 'root:/') mounted
[2026.02.11-02.12.59:585][  0]LogShaderLibrary: Display: ShaderCodeLibraryPakFileMountedCallback: pending pak file info (ChunkID:-1 Root:root:/ File:C:/Program Files/Epic Games/UE_4.27/FeaturePacks/TP_VehicleBP.upack)
[2026.02.11-02.12.59:585][  0]LogPakFile: OnPakFileMounted2Time == 0.000024
[2026.02.11-02.12.59:585][  0]LogPakFile: PakFile PrimaryIndexSize=192
[2026.02.11-02.12.59:585][  0]LogPakFile: PakFile PathHashIndexSize=101
[2026.02.11-02.12.59:585][  0]LogPakFile: PakFile FullDirectoryIndexSize=158
[2026.02.11-02.12.59:585][  0]LogShaderLibrary: Display: ShaderCodeLibraryPakFileMountedCallback: PakFile 'C:/Program Files/Epic Games/UE_4.27/FeaturePacks/TP_VirtualRealityBP.upack' (chunk index -1, root 'root:/') mounted
[2026.02.11-02.12.59:585][  0]LogShaderLibrary: Display: ShaderCodeLibraryPakFileMountedCallback: pending pak file info (ChunkID:-1 Root:root:/ File:C:/Program Files/Epic Games/UE_4.27/FeaturePacks/TP_VirtualRealityBP.upack)
[2026.02.11-02.12.59:585][  0]LogPakFile: OnPakFileMounted2Time == 0.000024
[2026.02.11-02.12.59:612][  0]LogNativeClassHierarchy: Verbose: Native class hierarchy updated for 'AddContentDialog' in 0.0002 seconds. Added 0 classes and 0 folders.
[2026.02.11-02.12.59:613][  0]LogNativeClassHierarchy: Verbose: Native class hierarchy updated for 'SceneOutliner' in 0.0002 seconds. Added 2 classes and 0 folders.
[2026.02.11-02.12.59:643][  0]LogSlate: Took 0.000238 seconds to synchronously load lazily loaded font '../../../Engine/Content/Slate/Fonts/Roboto-Regular.ttf' (155K)
[2026.02.11-02.12.59:644][  0]LogSlate: Took 0.000165 seconds to synchronously load lazily loaded font '../../../Engine/Content/Editor/Slate/Fonts/FontAwesome.ttf' (139K)
[2026.02.11-02.12.59:645][  0]LogSlate: Took 0.000685 seconds to synchronously load lazily loaded font '../../../Engine/Content/Slate/Fonts/DroidSansFallback.ttf' (3848K)
[2026.02.11-02.12.59:645][  0]LogSlate: Took 0.000128 seconds to synchronously load lazily loaded font '../../../Engine/Content/Slate/Fonts/Roboto-Bold.ttf' (160K)
[2026.02.11-02.12.59:714][  0]LogRenderer: Reallocating scene render targets to support 940x408 Format 10 NumSamples 1 (Frame:1).
[2026.02.11-02.12.59:810][  0]LogNativeClassHierarchy: Verbose: Native class hierarchy updated for 'HierarchicalLODOutliner' in 0.0002 seconds. Added 0 classes and 0 folders.
[2026.02.11-02.12.59:810][  0]LogLoad: (Engine Initialization) Total time: 9.29 seconds
[2026.02.11-02.12.59:810][  0]LogLoad: (Engine Initialization) Total Blueprint compile time: 0.00 seconds
[2026.02.11-02.12.59:874][  0]LogAssetRegistry: Asset discovery search completed in 6.5382 seconds
[2026.02.11-02.12.59:878][  0]LogCollectionManager: Fixed up redirectors for 0 collections in 0.000003 seconds (updated 0 objects)
[2026.02.11-02.12.59:879][  0]LogContentStreaming: Texture pool size now 1000 MB
[2026.02.11-02.12.59:939][  2]LogSlate: Took 0.000256 seconds to synchronously load lazily loaded font '../../../Engine/Content/Slate/Fonts/Roboto-Light.ttf' (167K)
[2026.02.11-02.13.38:750][430]LogSlate: Took 0.000184 seconds to synchronously load lazily loaded font '../../../Engine/Content/Slate/Fonts/Roboto-Light.ttf' (167K)
[2026.02.11-02.17.04:387][430]LogMetaData: Removing '/Game/Dormitory/Map/model.model:PersistentLevel.model.EventGraph.K2Node_Event_0' ref from Metadata '/Game/CityColor/Map/model.PackageMetaData'
[2026.02.11-02.17.04:387][430]LogMetaData: Removing '/Game/Dormitory/Map/model.model:PersistentLevel.model.EventGraph.K2Node_Event_1' ref from Metadata '/Game/CityColor/Map/model.PackageMetaData'
[2026.02.11-02.17.04:387][430]LogMetaData: Removing '/Game/Dormitory/Map/model.model_C' ref from Metadata '/Game/CityColor/Map/model.PackageMetaData'
[2026.02.11-02.17.04:387][430]LogMetaData: Removing '/Game/Dormitory/Map/model.SKEL_model_C:ReceiveBeginPlay' ref from Metadata '/Game/CityColor/Map/model.PackageMetaData'
[2026.02.11-02.17.04:387][430]LogMetaData: Removing '/Game/Dormitory/Map/model.SKEL_model_C:ReceiveTick' ref from Metadata '/Game/CityColor/Map/model.PackageMetaData'
[2026.02.11-02.17.04:387][430]LogMetaData: Removing '/Game/Dormitory/Map/model.SKEL_model_C' ref from Metadata '/Game/CityColor/Map/model.PackageMetaData'
[2026.02.11-02.17.11:859][430]Cmd: OBJ SAVEPACKAGE PACKAGE="/Game/Dormitory/Map/model_BuiltData" FILE="E:/F盘/上传官网/su-z2/Dormitory/Content/Dormitory/Map/model_BuiltData.uasset" SILENT=true
[2026.02.11-02.17.12:388][430]LogSavePackage: Moving 'E:/F盘/上传官网/su-z2/Dormitory/Saved/model_BuiltDataBB51089A487093CCD93AF6B8F4AF7A08.tmp' to 'E:/F盘/上传官网/su-z2/Dormitory/Content/Dormitory/Map/model_BuiltData.uasset'
[2026.02.11-02.17.12:426][430]Cmd: OBJ SAVEPACKAGE PACKAGE="/Game/Dormitory/Material/M_Model" FILE="E:/F盘/上传官网/su-z2/Dormitory/Content/Dormitory/Material/M_Model.uasset" SILENT=true
[2026.02.11-02.17.12:500][430]LogSavePackage: Moving 'E:/F盘/上传官网/su-z2/Dormitory/Saved/M_Model8836CD11440A4298FC999CA10315248A.tmp' to 'E:/F盘/上传官网/su-z2/Dormitory/Content/Dormitory/Material/M_Model.uasset'
[2026.02.11-02.17.12:508][430]Cmd: OBJ SAVEPACKAGE PACKAGE="/Game/Dormitory/Texture/T_Model_Normal" FILE="E:/F盘/上传官网/su-z2/Dormitory/Content/Dormitory/Texture/T_Model_Normal.uasset" SILENT=true
[2026.02.11-02.17.12:519][430]LogSavePackage: Moving 'E:/F盘/上传官网/su-z2/Dormitory/Saved/T_Model_Normal3285B2F843EC84CBB2AC5DA78E670ABA.tmp' to 'E:/F盘/上传官网/su-z2/Dormitory/Content/Dormitory/Texture/T_Model_Normal.uasset'
[2026.02.11-02.17.12:523][430]Cmd: OBJ SAVEPACKAGE PACKAGE="/Game/Dormitory/Texture/T_Model_BaseColor" FILE="E:/F盘/上传官网/su-z2/Dormitory/Content/Dormitory/Texture/T_Model_BaseColor.uasset" SILENT=true
[2026.02.11-02.17.12:532][430]LogSavePackage: Moving 'E:/F盘/上传官网/su-z2/Dormitory/Saved/T_Model_BaseColor6C2C0CA14BE2D376EC7F74839E1F5E0E.tmp' to 'E:/F盘/上传官网/su-z2/Dormitory/Content/Dormitory/Texture/T_Model_BaseColor.uasset'
[2026.02.11-02.17.12:538][430]Cmd: OBJ SAVEPACKAGE PACKAGE="/Game/Dormitory/Texture/T_Mask" FILE="E:/F盘/上传官网/su-z2/Dormitory/Content/Dormitory/Texture/T_Mask.uasset" SILENT=true
[2026.02.11-02.17.12:732][430]LogSavePackage: Moving 'E:/F盘/上传官网/su-z2/Dormitory/Saved/T_Mask49B8D32141F41AB90783C19C6E735D88.tmp' to 'E:/F盘/上传官网/su-z2/Dormitory/Content/Dormitory/Texture/T_Mask.uasset'
[2026.02.11-02.17.12:739][430]Cmd: OBJ SAVEPACKAGE PACKAGE="/Game/Dormitory/Texture/T_d101" FILE="E:/F盘/上传官网/su-z2/Dormitory/Content/Dormitory/Texture/T_d101.uasset" SILENT=true
[2026.02.11-02.17.12:745][430]LogSavePackage: Moving 'E:/F盘/上传官网/su-z2/Dormitory/Saved/T_d1014DBFCEF34FE0A143735357B9D04F34CD.tmp' to 'E:/F盘/上传官网/su-z2/Dormitory/Content/Dormitory/Texture/T_d101.uasset'
[2026.02.11-02.17.12:772][430]Cmd: OBJ SAVEPACKAGE PACKAGE="/Game/Dormitory/Material/MI_Deco_02" FILE="E:/F盘/上传官网/su-z2/Dormitory/Content/Dormitory/Material/MI_Deco_02.uasset" SILENT=true
[2026.02.11-02.17.12:776][430]LogSavePackage: Moving 'E:/F盘/上传官网/su-z2/Dormitory/Saved/MI_Deco_02019DED454E724A021262BC9E04E8FF1A.tmp' to 'E:/F盘/上传官网/su-z2/Dormitory/Content/Dormitory/Material/MI_Deco_02.uasset'
[2026.02.11-02.17.12:781][430]Cmd: OBJ SAVEPACKAGE PACKAGE="/Game/Dormitory/Texture/T_Wall_BaseColor" FILE="E:/F盘/上传官网/su-z2/Dormitory/Content/Dormitory/Texture/T_Wall_BaseColor.uasset" SILENT=true
[2026.02.11-02.17.12:790][430]LogSavePackage: Moving 'E:/F盘/上传官网/su-z2/Dormitory/Saved/T_Wall_BaseColorF20E5468484F85785F91D4AF696DA12E.tmp' to 'E:/F盘/上传官网/su-z2/Dormitory/Content/Dormitory/Texture/T_Wall_BaseColor.uasset'
[2026.02.11-02.17.12:795][430]Cmd: OBJ SAVEPACKAGE PACKAGE="/Game/Dormitory/Texture/T_Wall_Normal" FILE="E:/F盘/上传官网/su-z2/Dormitory/Content/Dormitory/Texture/T_Wall_Normal.uasset" SILENT=true
[2026.02.11-02.17.12:812][430]LogSavePackage: Moving 'E:/F盘/上传官网/su-z2/Dormitory/Saved/T_Wall_NormalD5AB1F154972707081D585ADD40DBFDD.tmp' to 'E:/F盘/上传官网/su-z2/Dormitory/Content/Dormitory/Texture/T_Wall_Normal.uasset'
[2026.02.11-02.17.12:881][430]Cmd: OBJ SAVEPACKAGE PACKAGE="/Game/Dormitory/Material/M_Wall" FILE="E:/F盘/上传官网/su-z2/Dormitory/Content/Dormitory/Material/M_Wall.uasset" SILENT=true
[2026.02.11-02.17.12:886][430]LogSavePackage: Moving 'E:/F盘/上传官网/su-z2/Dormitory/Saved/M_Wall75469D284C96A7A90367C79AC47E68E9.tmp' to 'E:/F盘/上传官网/su-z2/Dormitory/Content/Dormitory/Material/M_Wall.uasset'
[2026.02.11-02.17.12:908][430]Cmd: OBJ SAVEPACKAGE PACKAGE="/Game/Dormitory/Material/MI_Wall" FILE="E:/F盘/上传官网/su-z2/Dormitory/Content/Dormitory/Material/MI_Wall.uasset" SILENT=true
[2026.02.11-02.17.12:911][430]LogSavePackage: Moving 'E:/F盘/上传官网/su-z2/Dormitory/Saved/MI_WallE41E8B0D4ACD17722A329F95DF53C880.tmp' to 'E:/F盘/上传官网/su-z2/Dormitory/Content/Dormitory/Material/MI_Wall.uasset'
[2026.02.11-02.17.12:930][430]Cmd: OBJ SAVEPACKAGE PACKAGE="/Game/Dormitory/Material/MI_Deco_34" FILE="E:/F盘/上传官网/su-z2/Dormitory/Content/Dormitory/Material/MI_Deco_34.uasset" SILENT=true
[2026.02.11-02.17.12:935][430]LogSavePackage: Moving 'E:/F盘/上传官网/su-z2/Dormitory/Saved/MI_Deco_34AE6763964CFFBFFB29774497FF2FF7DE.tmp' to 'E:/F盘/上传官网/su-z2/Dormitory/Content/Dormitory/Material/MI_Deco_34.uasset'
[2026.02.11-02.17.12:973][430]Cmd: OBJ SAVEPACKAGE PACKAGE="/Game/Dormitory/Mesh/SM_Basin_01" FILE="E:/F盘/上传官网/su-z2/Dormitory/Content/Dormitory/Mesh/SM_Basin_01.uasset" SILENT=true
[2026.02.11-02.17.13:002][430]LogSavePackage: Moving 'E:/F盘/上传官网/su-z2/Dormitory/Saved/SM_Basin_0114E4289144A98D5A8B94BBADCA5CDDA3.tmp' to 'E:/F盘/上传官网/su-z2/Dormitory/Content/Dormitory/Mesh/SM_Basin_01.uasset'
[2026.02.11-02.17.13:021][430]Cmd: OBJ SAVEPACKAGE PACKAGE="/Game/Dormitory/Material/MI_Deco_44" FILE="E:/F盘/上传官网/su-z2/Dormitory/Content/Dormitory/Material/MI_Deco_44.uasset" SILENT=true
[2026.02.11-02.17.13:026][430]LogSavePackage: Moving 'E:/F盘/上传官网/su-z2/Dormitory/Saved/MI_Deco_4449BAE7784D99E7666B4AEF9ED32D002C.tmp' to 'E:/F盘/上传官网/su-z2/Dormitory/Content/Dormitory/Material/MI_Deco_44.uasset'
[2026.02.11-02.17.13:048][430]Cmd: OBJ SAVEPACKAGE PACKAGE="/Game/Dormitory/Mesh/SM_Basin_02" FILE="E:/F盘/上传官网/su-z2/Dormitory/Content/Dormitory/Mesh/SM_Basin_02.uasset" SILENT=true
[2026.02.11-02.17.13:077][430]LogSavePackage: Moving 'E:/F盘/上传官网/su-z2/Dormitory/Saved/SM_Basin_02A39314E2475AD0641D9DC896A2E386E7.tmp' to 'E:/F盘/上传官网/su-z2/Dormitory/Content/Dormitory/Mesh/SM_Basin_02.uasset'
[2026.02.11-02.17.13:097][430]Cmd: OBJ SAVEPACKAGE PACKAGE="/Game/Dormitory/Material/MI_Deco_46" FILE="E:/F盘/上传官网/su-z2/Dormitory/Content/Dormitory/Material/MI_Deco_46.uasset" SILENT=true
[2026.02.11-02.17.13:101][430]LogSavePackage: Moving 'E:/F盘/上传官网/su-z2/Dormitory/Saved/MI_Deco_46703F082C4D05597795D90E8E79531C5E.tmp' to 'E:/F盘/上传官网/su-z2/Dormitory/Content/Dormitory/Material/MI_Deco_46.uasset'
[2026.02.11-02.17.13:117][430]Cmd: OBJ SAVEPACKAGE PACKAGE="/Game/Dormitory/Mesh/SM_Basin_03" FILE="E:/F盘/上传官网/su-z2/Dormitory/Content/Dormitory/Mesh/SM_Basin_03.uasset" SILENT=true
[2026.02.11-02.17.13:145][430]LogSavePackage: Moving 'E:/F盘/上传官网/su-z2/Dormitory/Saved/SM_Basin_03956978CF4E7A256BD601A5A90978A76C.tmp' to 'E:/F盘/上传官网/su-z2/Dormitory/Content/Dormitory/Mesh/SM_Basin_03.uasset'
[2026.02.11-02.17.13:161][430]Cmd: OBJ SAVEPACKAGE PACKAGE="/Game/Dormitory/Mesh/SM_Basin_04" FILE="E:/F盘/上传官网/su-z2/Dormitory/Content/Dormitory/Mesh/SM_Basin_04.uasset" SILENT=true
[2026.02.11-02.17.13:191][430]LogSavePackage: Moving 'E:/F盘/上传官网/su-z2/Dormitory/Saved/SM_Basin_04123DFFA349DC21E7C44B819394641E1F.tmp' to 'E:/F盘/上传官网/su-z2/Dormitory/Content/Dormitory/Mesh/SM_Basin_04.uasset'
[2026.02.11-02.17.13:207][430]Cmd: OBJ SAVEPACKAGE PACKAGE="/Game/Dormitory/Material/MI_Deco_59" FILE="E:/F盘/上传官网/su-z2/Dormitory/Content/Dormitory/Material/MI_Deco_59.uasset" SILENT=true
[2026.02.11-02.17.13:211][430]LogSavePackage: Moving 'E:/F盘/上传官网/su-z2/Dormitory/Saved/MI_Deco_59C0F459B34D99D4A5E972A89746024844.tmp' to 'E:/F盘/上传官网/su-z2/Dormitory/Content/Dormitory/Material/MI_Deco_59.uasset'
[2026.02.11-02.17.13:227][430]Cmd: OBJ SAVEPACKAGE PACKAGE="/Game/Dormitory/Mesh/SM_Basin_05" FILE="E:/F盘/上传官网/su-z2/Dormitory/Content/Dormitory/Mesh/SM_Basin_05.uasset" SILENT=true
[2026.02.11-02.17.13:254][430]LogSavePackage: Moving 'E:/F盘/上传官网/su-z2/Dormitory/Saved/SM_Basin_05150B48D642C6E2C7BA6B28B619FBF597.tmp' to 'E:/F盘/上传官网/su-z2/Dormitory/Content/Dormitory/Mesh/SM_Basin_05.uasset'
[2026.02.11-02.17.13:269][430]Cmd: OBJ SAVEPACKAGE PACKAGE="/Game/Dormitory/Material/MI_Deco_53" FILE="E:/F盘/上传官网/su-z2/Dormitory/Content/Dormitory/Material/MI_Deco_53.uasset" SILENT=true
[2026.02.11-02.17.13:273][430]LogSavePackage: Moving 'E:/F盘/上传官网/su-z2/Dormitory/Saved/MI_Deco_53A24416E64E3A3CBD48EBC4B5D50B3728.tmp' to 'E:/F盘/上传官网/su-z2/Dormitory/Content/Dormitory/Material/MI_Deco_53.uasset'
[2026.02.11-02.17.13:289][430]Cmd: OBJ SAVEPACKAGE PACKAGE="/Game/Dormitory/Mesh/SM_Basin_06" FILE="E:/F盘/上传官网/su-z2/Dormitory/Content/Dormitory/Mesh/SM_Basin_06.uasset" SILENT=true
[2026.02.11-02.17.13:318][430]LogSavePackage: Moving 'E:/F盘/上传官网/su-z2/Dormitory/Saved/SM_Basin_061936F78E42AF2CB46F26EBAFBBF52140.tmp' to 'E:/F盘/上传官网/su-z2/Dormitory/Content/Dormitory/Mesh/SM_Basin_06.uasset'
[2026.02.11-02.17.13:449][430]Cmd: OBJ SAVEPACKAGE PACKAGE="/Game/Dormitory/Material/MI_Black_SmoothPlastic" FILE="E:/F盘/上传官网/su-z2/Dormitory/Content/Dormitory/Material/MI_Black_SmoothPlastic.uasset" SILENT=true
[2026.02.11-02.17.13:455][430]LogSavePackage: Moving 'E:/F盘/上传官网/su-z2/Dormitory/Saved/MI_Black_SmoothPlasticEEE29D4648B56B8D37403080F0C2CB07.tmp' to 'E:/F盘/上传官网/su-z2/Dormitory/Content/Dormitory/Material/MI_Black_SmoothPlastic.uasset'
[2026.02.11-02.17.13:460][430]Cmd: OBJ SAVEPACKAGE PACKAGE="/Game/Dormitory/Texture/T_Noise01_Normal" FILE="E:/F盘/上传官网/su-z2/Dormitory/Content/Dormitory/Texture/T_Noise01_Normal.uasset" SILENT=true
[2026.02.11-02.17.13:489][430]LogSavePackage: Moving 'E:/F盘/上传官网/su-z2/Dormitory/Saved/T_Noise01_Normal0E09FF144E09F210C45AFBA91C1BB78D.tmp' to 'E:/F盘/上传官网/su-z2/Dormitory/Content/Dormitory/Texture/T_Noise01_Normal.uasset'
[2026.02.11-02.17.13:506][430]Cmd: OBJ SAVEPACKAGE PACKAGE="/Game/Dormitory/Material/MI_Deco_03" FILE="E:/F盘/上传官网/su-z2/Dormitory/Content/Dormitory/Material/MI_Deco_03.uasset" SILENT=true
[2026.02.11-02.17.13:510][430]LogSavePackage: Moving 'E:/F盘/上传官网/su-z2/Dormitory/Saved/MI_Deco_0321B5448A4D2119BF86A271B6564CD051.tmp' to 'E:/F盘/上传官网/su-z2/Dormitory/Content/Dormitory/Material/MI_Deco_03.uasset'
[2026.02.11-02.17.13:527][430]Cmd: OBJ SAVEPACKAGE PACKAGE="/Game/Dormitory/Material/MI_Deco_04" FILE="E:/F盘/上传官网/su-z2/Dormitory/Content/Dormitory/Material/MI_Deco_04.uasset" SILENT=true
[2026.02.11-02.17.13:531][430]LogSavePackage: Moving 'E:/F盘/上传官网/su-z2/Dormitory/Saved/MI_Deco_04BE23904144784935CDEC428DE8FD4AC9.tmp' to 'E:/F盘/上传官网/su-z2/Dormitory/Content/Dormitory/Material/MI_Deco_04.uasset'
[2026.02.11-02.17.13:536][430]Cmd: OBJ SAVEPACKAGE PACKAGE="/Game/Dormitory/Texture/T_d1" FILE="E:/F盘/上传官网/su-z2/Dormitory/Content/Dormitory/Texture/T_d1.uasset" SILENT=true
[2026.02.11-02.17.13:584][430]LogSavePackage: Moving 'E:/F盘/上传官网/su-z2/Dormitory/Saved/T_d11669960342C0379F03A4CA964F4EF713.tmp' to 'E:/F盘/上传官网/su-z2/Dormitory/Content/Dormitory/Texture/T_d1.uasset'
[2026.02.11-02.17.13:600][430]Cmd: OBJ SAVEPACKAGE PACKAGE="/Game/Dormitory/Material/MI_Deco_05" FILE="E:/F盘/上传官网/su-z2/Dormitory/Content/Dormitory/Material/MI_Deco_05.uasset" SILENT=true
[2026.02.11-02.17.13:604][430]LogSavePackage: Moving 'E:/F盘/上传官网/su-z2/Dormitory/Saved/MI_Deco_0583F0E1254CDCBC53FD45F49E18593974.tmp' to 'E:/F盘/上传官网/su-z2/Dormitory/Content/Dormitory/Material/MI_Deco_05.uasset'
[2026.02.11-02.17.13:622][430]Cmd: OBJ SAVEPACKAGE PACKAGE="/Game/Dormitory/Mesh/SM_Bed_01" FILE="E:/F盘/上传官网/su-z2/Dormitory/Content/Dormitory/Mesh/SM_Bed_01.uasset" SILENT=true
[2026.02.11-02.17.13:826][430]LogSavePackage: Moving 'E:/F盘/上传官网/su-z2/Dormitory/Saved/SM_Bed_01CB3173224D1FAC5162A105A1F15F0DA2.tmp' to 'E:/F盘/上传官网/su-z2/Dormitory/Content/Dormitory/Mesh/SM_Bed_01.uasset'
[2026.02.11-02.17.13:845][430]Cmd: OBJ SAVEPACKAGE PACKAGE="/Game/Dormitory/Mesh/SM_Bed_02" FILE="E:/F盘/上传官网/su-z2/Dormitory/Content/Dormitory/Mesh/SM_Bed_02.uasset" SILENT=true
[2026.02.11-02.17.14:042][430]LogSavePackage: Moving 'E:/F盘/上传官网/su-z2/Dormitory/Saved/SM_Bed_02B4484901479AE2EA175FE68249298693.tmp' to 'E:/F盘/上传官网/su-z2/Dormitory/Content/Dormitory/Mesh/SM_Bed_02.uasset'
[2026.02.11-02.17.14:063][430]Cmd: OBJ SAVEPACKAGE PACKAGE="/Game/Dormitory/Mesh/SM_Bed_03" FILE="E:/F盘/上传官网/su-z2/Dormitory/Content/Dormitory/Mesh/SM_Bed_03.uasset" SILENT=true
[2026.02.11-02.17.14:253][430]LogSavePackage: Moving 'E:/F盘/上传官网/su-z2/Dormitory/Saved/SM_Bed_03E04C292C4526731ACDED38852DC420B3.tmp' to 'E:/F盘/上传官网/su-z2/Dormitory/Content/Dormitory/Mesh/SM_Bed_03.uasset'
[2026.02.11-02.17.14:257][430]Cmd: OBJ SAVEPACKAGE PACKAGE="/Game/Dormitory/Texture/T_Book07_Cover" FILE="E:/F盘/上传官网/su-z2/Dormitory/Content/Dormitory/Texture/T_Book07_Cover.uasset" SILENT=true
[2026.02.11-02.17.14:264][430]LogSavePackage: Moving 'E:/F盘/上传官网/su-z2/Dormitory/Saved/T_Book07_Cover92908887462F15FF7848C4B0A9BF58C3.tmp' to 'E:/F盘/上传官网/su-z2/Dormitory/Content/Dormitory/Texture/T_Book07_Cover.uasset'
[2026.02.11-02.17.14:284][430]Cmd: OBJ SAVEPACKAGE PACKAGE="/Game/Dormitory/Material/MI_Book02_Cover" FILE="E:/F盘/上传官网/su-z2/Dormitory/Content/Dormitory/Material/MI_Book02_Cover.uasset" SILENT=true
[2026.02.11-02.17.14:288][430]LogSavePackage: Moving 'E:/F盘/上传官网/su-z2/Dormitory/Saved/MI_Book02_Cover3127B63442A159841CFFED96C56AA5CA.tmp' to 'E:/F盘/上传官网/su-z2/Dormitory/Content/Dormitory/Material/MI_Book02_Cover.uasset'
[2026.02.11-02.17.14:292][430]Cmd: OBJ SAVEPACKAGE PACKAGE="/Game/Dormitory/Texture/T_Book08_Cover" FILE="E:/F盘/上传官网/su-z2/Dormitory/Content/Dormitory/Texture/T_Book08_Cover.uasset" SILENT=true
[2026.02.11-02.17.14:322][430]LogSavePackage: Moving 'E:/F盘/上传官网/su-z2/Dormitory/Saved/T_Book08_Cover8309ABAF45C826344DFAD7B89948EE98.tmp' to 'E:/F盘/上传官网/su-z2/Dormitory/Content/Dormitory/Texture/T_Book08_Cover.uasset'
[2026.02.11-02.17.14:338][430]Cmd: OBJ SAVEPACKAGE PACKAGE="/Game/Dormitory/Material/MI_Book03_Cover" FILE="E:/F盘/上传官网/su-z2/Dormitory/Content/Dormitory/Material/MI_Book03_Cover.uasset" SILENT=true
[2026.02.11-02.17.14:344][430]LogSavePackage: Moving 'E:/F盘/上传官网/su-z2/Dormitory/Saved/MI_Book03_Cover0E2A77234E2A9D5ACB0F178D0E03CBB1.tmp' to 'E:/F盘/上传官网/su-z2/Dormitory/Content/Dormitory/Material/MI_Book03_Cover.uasset'
[2026.02.11-02.17.14:350][430]Cmd: OBJ SAVEPACKAGE PACKAGE="/Game/Dormitory/Texture/T_Book05_Cover" FILE="E:/F盘/上传官网/su-z2/Dormitory/Content/Dormitory/Texture/T_Book05_Cover.uasset" SILENT=true
[2026.02.11-02.17.14:358][430]LogSavePackage: Moving 'E:/F盘/上传官网/su-z2/Dormitory/Saved/T_Book05_CoverB4ACFE404598F6F1658117A6024589AF.tmp' to 'E:/F盘/上传官网/su-z2/Dormitory/Content/Dormitory/Texture/T_Book05_Cover.uasset'
[2026.02.11-02.17.14:378][430]Cmd: OBJ SAVEPACKAGE PACKAGE="/Game/Dormitory/Material/MI_Book05_Cover" FILE="E:/F盘/上传官网/su-z2/Dormitory/Content/Dormitory/Material/MI_Book05_Cover.uasset" SILENT=true
[2026.02.11-02.17.14:382][430]LogSavePackage: Moving 'E:/F盘/上传官网/su-z2/Dormitory/Saved/MI_Book05_Cover688915DF480C1893DDC892A59DF10BA6.tmp' to 'E:/F盘/上传官网/su-z2/Dormitory/Content/Dormitory/Material/MI_Book05_Cover.uasset'
[2026.02.11-02.17.14:387][430]Cmd: OBJ SAVEPACKAGE PACKAGE="/Game/Dormitory/Texture/T_Book02_Cover" FILE="E:/F盘/上传官网/su-z2/Dormitory/Content/Dormitory/Texture/T_Book02_Cover.uasset" SILENT=true
[2026.02.11-02.17.14:410][430]LogSavePackage: Moving 'E:/F盘/上传官网/su-z2/Dormitory/Saved/T_Book02_Cover16B9F4CC480E5E6C72A0D1BAFB48349E.tmp' to 'E:/F盘/上传官网/su-z2/Dormitory/Content/Dormitory/Texture/T_Book02_Cover.uasset'
[2026.02.11-02.17.14:426][430]Cmd: OBJ SAVEPACKAGE PACKAGE="/Game/Dormitory/Material/MI_Book07_Cover" FILE="E:/F盘/上传官网/su-z2/Dormitory/Content/Dormitory/Material/MI_Book07_Cover.uasset" SILENT=true
[2026.02.11-02.17.14:430][430]LogSavePackage: Moving 'E:/F盘/上传官网/su-z2/Dormitory/Saved/MI_Book07_Cover931B7B5642501D528BB150812A0B9CB8.tmp' to 'E:/F盘/上传官网/su-z2/Dormitory/Content/Dormitory/Material/MI_Book07_Cover.uasset'
[2026.02.11-02.17.14:433][430]Cmd: OBJ SAVEPACKAGE PACKAGE="/Game/Dormitory/Texture/T_Book_Page" FILE="E:/F盘/上传官网/su-z2/Dormitory/Content/Dormitory/Texture/T_Book_Page.uasset" SILENT=true
[2026.02.11-02.17.14:436][430]LogSavePackage: Moving 'E:/F盘/上传官网/su-z2/Dormitory/Saved/T_Book_Page707D27C5408CEF2D291F49AED08A1DDE.tmp' to 'E:/F盘/上传官网/su-z2/Dormitory/Content/Dormitory/Texture/T_Book_Page.uasset'
[2026.02.11-02.17.14:452][430]Cmd: OBJ SAVEPACKAGE PACKAGE="/Game/Dormitory/Material/MI_BookPage_Horizontal" FILE="E:/F盘/上传官网/su-z2/Dormitory/Content/Dormitory/Material/MI_BookPage_Horizontal.uasset" SILENT=true
[2026.02.11-02.17.14:459][430]LogSavePackage: Moving 'E:/F盘/上传官网/su-z2/Dormitory/Saved/MI_BookPage_Horizontal8813C2684787F1088238D38B2EBBAE09.tmp' to 'E:/F盘/上传官网/su-z2/Dormitory/Content/Dormitory/Material/MI_BookPage_Horizontal.uasset'
[2026.02.11-02.17.14:467][430]Cmd: OBJ SAVEPACKAGE PACKAGE="/Game/Dormitory/Texture/T_d5" FILE="E:/F盘/上传官网/su-z2/Dormitory/Content/Dormitory/Texture/T_d5.uasset" SILENT=true
[2026.02.11-02.17.14:474][430]LogSavePackage: Moving 'E:/F盘/上传官网/su-z2/Dormitory/Saved/T_d56664AF5645C6D3167E22AABA9C511723.tmp' to 'E:/F盘/上传官网/su-z2/Dormitory/Content/Dormitory/Texture/T_d5.uasset'
[2026.02.11-02.17.14:499][430]Cmd: OBJ SAVEPACKAGE PACKAGE="/Game/Dormitory/Material/MI_Deco_08" FILE="E:/F盘/上传官网/su-z2/Dormitory/Content/Dormitory/Material/MI_Deco_08.uasset" SILENT=true
[2026.02.11-02.17.14:503][430]LogSavePackage: Moving 'E:/F盘/上传官网/su-z2/Dormitory/Saved/MI_Deco_08A59CC2744E4A4216EFC5DC850D0C1EE7.tmp' to 'E:/F盘/上传官网/su-z2/Dormitory/Content/Dormitory/Material/MI_Deco_08.uasset'
[2026.02.11-02.17.14:519][430]Cmd: OBJ SAVEPACKAGE PACKAGE="/Game/Dormitory/Mesh/SM_Book_01" FILE="E:/F盘/上传官网/su-z2/Dormitory/Content/Dormitory/Mesh/SM_Book_01.uasset" SILENT=true
[2026.02.11-02.17.14:574][430]LogSavePackage: Moving 'E:/F盘/上传官网/su-z2/Dormitory/Saved/SM_Book_019482C748477255C157F1B198E5B00E5E.tmp' to 'E:/F盘/上传官网/su-z2/Dormitory/Content/Dormitory/Mesh/SM_Book_01.uasset'
[2026.02.11-02.17.14:579][430]Cmd: OBJ SAVEPACKAGE PACKAGE="/Game/Dormitory/Texture/T_d7" FILE="E:/F盘/上传官网/su-z2/Dormitory/Content/Dormitory/Texture/T_d7.uasset" SILENT=true
[2026.02.11-02.17.14:586][430]LogSavePackage: Moving 'E:/F盘/上传官网/su-z2/Dormitory/Saved/T_d71532A8FF4843FCCBA6658B957A5F34F2.tmp' to 'E:/F盘/上传官网/su-z2/Dormitory/Content/Dormitory/Texture/T_d7.uasset'
[2026.02.11-02.17.14:602][430]Cmd: OBJ SAVEPACKAGE PACKAGE="/Game/Dormitory/Material/MI_Deco_12" FILE="E:/F盘/上传官网/su-z2/Dormitory/Content/Dormitory/Material/MI_Deco_12.uasset" SILENT=true
[2026.02.11-02.17.14:606][430]LogSavePackage: Moving 'E:/F盘/上传官网/su-z2/Dormitory/Saved/MI_Deco_126DB314F347654E94C63C6FA29BCA1B8A.tmp' to 'E:/F盘/上传官网/su-z2/Dormitory/Content/Dormitory/Material/MI_Deco_12.uasset'
[2026.02.11-02.17.14:609][430]Cmd: OBJ SAVEPACKAGE PACKAGE="/Game/Dormitory/Texture/T_d8" FILE="E:/F盘/上传官网/su-z2/Dormitory/Content/Dormitory/Texture/T_d8.uasset" SILENT=true
[2026.02.11-02.17.14:610][430]LogSavePackage: Moving 'E:/F盘/上传官网/su-z2/Dormitory/Saved/T_d89E4BB420499C893DDC2A618EB5D92161.tmp' to 'E:/F盘/上传官网/su-z2/Dormitory/Content/Dormitory/Texture/T_d8.uasset'
[2026.02.11-02.17.14:624][430]Cmd: OBJ SAVEPACKAGE PACKAGE="/Game/Dormitory/Material/MI_Deco_13" FILE="E:/F盘/上传官网/su-z2/Dormitory/Content/Dormitory/Material/MI_Deco_13.uasset" SILENT=true
[2026.02.11-02.17.14:628][430]LogSavePackage: Moving 'E:/F盘/上传官网/su-z2/Dormitory/Saved/MI_Deco_13CD87C56E40F54797EBF916A355686520.tmp' to 'E:/F盘/上传官网/su-z2/Dormitory/Content/Dormitory/Material/MI_Deco_13.uasset'
[2026.02.11-02.17.14:632][430]Cmd: OBJ SAVEPACKAGE PACKAGE="/Game/Dormitory/Texture/T_d9" FILE="E:/F盘/上传官网/su-z2/Dormitory/Content/Dormitory/Texture/T_d9.uasset" SILENT=true
[2026.02.11-02.17.14:635][430]LogSavePackage: Moving 'E:/F盘/上传官网/su-z2/Dormitory/Saved/T_d925306CCC4D3347FD1830058DF94359BB.tmp' to 'E:/F盘/上传官网/su-z2/Dormitory/Content/Dormitory/Texture/T_d9.uasset'
[2026.02.11-02.17.14:650][430]Cmd: OBJ SAVEPACKAGE PACKAGE="/Game/Dormitory/Material/MI_Deco_14" FILE="E:/F盘/上传官网/su-z2/Dormitory/Content/Dormitory/Material/MI_Deco_14.uasset" SILENT=true
[2026.02.11-02.17.14:654][430]LogSavePackage: Moving 'E:/F盘/上传官网/su-z2/Dormitory/Saved/MI_Deco_14DAB534ED45CEA75FDBA3F2B63C0042EE.tmp' to 'E:/F盘/上传官网/su-z2/Dormitory/Content/Dormitory/Material/MI_Deco_14.uasset'
[2026.02.11-02.17.14:657][430]Cmd: OBJ SAVEPACKAGE PACKAGE="/Game/Dormitory/Texture/T_d10" FILE="E:/F盘/上传官网/su-z2/Dormitory/Content/Dormitory/Texture/T_d10.uasset" SILENT=true
[2026.02.11-02.17.14:660][430]LogSavePackage: Moving 'E:/F盘/上传官网/su-z2/Dormitory/Saved/T_d101E0DBEF744637AEE8D86D3AF1BC34308.tmp' to 'E:/F盘/上传官网/su-z2/Dormitory/Content/Dormitory/Texture/T_d10.uasset'
[2026.02.11-02.17.14:683][430]Cmd: OBJ SAVEPACKAGE PACKAGE="/Game/Dormitory/Material/MI_Deco_15" FILE="E:/F盘/上传官网/su-z2/Dormitory/Content/Dormitory/Material/MI_Deco_15.uasset" SILENT=true
[2026.02.11-02.17.14:687][430]LogSavePackage: Moving 'E:/F盘/上传官网/su-z2/Dormitory/Saved/MI_Deco_1532CA194747CF90FEA0C7E7A5A151DEE6.tmp' to 'E:/F盘/上传官网/su-z2/Dormitory/Content/Dormitory/Material/MI_Deco_15.uasset'
[2026.02.11-02.17.14:690][430]Cmd: OBJ SAVEPACKAGE PACKAGE="/Game/Dormitory/Texture/T_d12" FILE="E:/F盘/上传官网/su-z2/Dormitory/Content/Dormitory/Texture/T_d12.uasset" SILENT=true
[2026.02.11-02.17.14:694][430]LogSavePackage: Moving 'E:/F盘/上传官网/su-z2/Dormitory/Saved/T_d12AB5D2E404BB0606D9B8A8F972742B856.tmp' to 'E:/F盘/上传官网/su-z2/Dormitory/Content/Dormitory/Texture/T_d12.uasset'
[2026.02.11-02.17.14:710][430]Cmd: OBJ SAVEPACKAGE PACKAGE="/Game/Dormitory/Material/MI_Deco_16" FILE="E:/F盘/上传官网/su-z2/Dormitory/Content/Dormitory/Material/MI_Deco_16.uasset" SILENT=true
[2026.02.11-02.17.14:714][430]LogSavePackage: Moving 'E:/F盘/上传官网/su-z2/Dormitory/Saved/MI_Deco_16B5411B8F4FDC67EB8DEAB297C79DD562.tmp' to 'E:/F盘/上传官网/su-z2/Dormitory/Content/Dormitory/Material/MI_Deco_16.uasset'
[2026.02.11-02.17.14:717][430]Cmd: OBJ SAVEPACKAGE PACKAGE="/Game/Dormitory/Texture/T_d13" FILE="E:/F盘/上传官网/su-z2/Dormitory/Content/Dormitory/Texture/T_d13.uasset" SILENT=true
[2026.02.11-02.17.14:720][430]LogSavePackage: Moving 'E:/F盘/上传官网/su-z2/Dormitory/Saved/T_d13BBF1100E4B50C81BC7F010BAC03559B3.tmp' to 'E:/F盘/上传官网/su-z2/Dormitory/Content/Dormitory/Texture/T_d13.uasset'
[2026.02.11-02.17.14:736][430]Cmd: OBJ SAVEPACKAGE PACKAGE="/Game/Dormitory/Material/MI_Deco_17" FILE="E:/F盘/上传官网/su-z2/Dormitory/Content/Dormitory/Material/MI_Deco_17.uasset" SILENT=true
[2026.02.11-02.17.14:740][430]LogSavePackage: Moving 'E:/F盘/上传官网/su-z2/Dormitory/Saved/MI_Deco_17702AA70E4F66DE4F3ED28BBA6376B288.tmp' to 'E:/F盘/上传官网/su-z2/Dormitory/Content/Dormitory/Material/MI_Deco_17.uasset'
[2026.02.11-02.17.14:745][430]Cmd: OBJ SAVEPACKAGE PACKAGE="/Game/Dormitory/Texture/T_d14" FILE="E:/F盘/上传官网/su-z2/Dormitory/Content/Dormitory/Texture/T_d14.uasset" SILENT=true
[2026.02.11-02.17.14:756][430]LogSavePackage: Moving 'E:/F盘/上传官网/su-z2/Dormitory/Saved/T_d14F30623E24FC0ABCEEFB897ADC052F17A.tmp' to 'E:/F盘/上传官网/su-z2/Dormitory/Content/Dormitory/Texture/T_d14.uasset'
[2026.02.11-02.17.14:771][430]Cmd: OBJ SAVEPACKAGE PACKAGE="/Game/Dormitory/Material/MI_Deco_18" FILE="E:/F盘/上传官网/su-z2/Dormitory/Content/Dormitory/Material/MI_Deco_18.uasset" SILENT=true
[2026.02.11-02.17.14:775][430]LogSavePackage: Moving 'E:/F盘/上传官网/su-z2/Dormitory/Saved/MI_Deco_185CA88CBF44E4181D618BC69709E9BDE9.tmp' to 'E:/F盘/上传官网/su-z2/Dormitory/Content/Dormitory/Material/MI_Deco_18.uasset'
[2026.02.11-02.17.14:791][430]Cmd: OBJ SAVEPACKAGE PACKAGE="/Game/Dormitory/Mesh/SM_Book_02" FILE="E:/F盘/上传官网/su-z2/Dormitory/Content/Dormitory/Mesh/SM_Book_02.uasset" SILENT=true
[2026.02.11-02.17.14:902][430]LogSavePackage: Moving 'E:/F盘/上传官网/su-z2/Dormitory/Saved/SM_Book_0269FB01874DBBB0C67E789DAA8F1B9ED6.tmp' to 'E:/F盘/上传官网/su-z2/Dormitory/Content/Dormitory/Mesh/SM_Book_02.uasset'
[2026.02.11-02.17.14:907][430]Cmd: OBJ SAVEPACKAGE PACKAGE="/Game/Dormitory/Texture/T_Book01_Cover" FILE="E:/F盘/上传官网/su-z2/Dormitory/Content/Dormitory/Texture/T_Book01_Cover.uasset" SILENT=true
[2026.02.11-02.17.14:911][430]LogSavePackage: Moving 'E:/F盘/上传官网/su-z2/Dormitory/Saved/T_Book01_CoverDACF8EAB47A869A9BFDDAC94F769D4A2.tmp' to 'E:/F盘/上传官网/su-z2/Dormitory/Content/Dormitory/Texture/T_Book01_Cover.uasset'
[2026.02.11-02.17.14:928][430]Cmd: OBJ SAVEPACKAGE PACKAGE="/Game/Dormitory/Material/MI_Book01_Cover" FILE="E:/F盘/上传官网/su-z2/Dormitory/Content/Dormitory/Material/MI_Book01_Cover.uasset" SILENT=true
[2026.02.11-02.17.14:932][430]LogSavePackage: Moving 'E:/F盘/上传官网/su-z2/Dormitory/Saved/MI_Book01_CoverEAF146B7492CB7F6ECAE5280A452CDCF.tmp' to 'E:/F盘/上传官网/su-z2/Dormitory/Content/Dormitory/Material/MI_Book01_Cover.uasset'
[2026.02.11-02.17.14:936][430]Cmd: OBJ SAVEPACKAGE PACKAGE="/Game/Dormitory/Texture/T_Book04_Cover" FILE="E:/F盘/上传官网/su-z2/Dormitory/Content/Dormitory/Texture/T_Book04_Cover.uasset" SILENT=true
[2026.02.11-02.17.14:941][430]LogSavePackage: Moving 'E:/F盘/上传官网/su-z2/Dormitory/Saved/T_Book04_CoverF417175046E0B8186FE41B82562BD40A.tmp' to 'E:/F盘/上传官网/su-z2/Dormitory/Content/Dormitory/Texture/T_Book04_Cover.uasset'
[2026.02.11-02.17.14:958][430]Cmd: OBJ SAVEPACKAGE PACKAGE="/Game/Dormitory/Material/MI_Book04_Cover" FILE="E:/F盘/上传官网/su-z2/Dormitory/Content/Dormitory/Material/MI_Book04_Cover.uasset" SILENT=true
[2026.02.11-02.17.14:961][430]LogSavePackage: Moving 'E:/F盘/上传官网/su-z2/Dormitory/Saved/MI_Book04_Cover8821D8A94C2F9F63F5A23A983FA46F93.tmp' to 'E:/F盘/上传官网/su-z2/Dormitory/Content/Dormitory/Material/MI_Book04_Cover.uasset'
[2026.02.11-02.17.14:968][430]Cmd: OBJ SAVEPACKAGE PACKAGE="/Game/Dormitory/Texture/T_d29" FILE="E:/F盘/上传官网/su-z2/Dormitory/Content/Dormitory/Texture/T_d29.uasset" SILENT=true
[2026.02.11-02.17.15:003][430]LogSavePackage: Moving 'E:/F盘/上传官网/su-z2/Dormitory/Saved/T_d2910D809984EF946B7CA5172963CF50057.tmp' to 'E:/F盘/上传官网/su-z2/Dormitory/Content/Dormitory/Texture/T_d29.uasset'
[2026.02.11-02.17.15:019][430]Cmd: OBJ SAVEPACKAGE PACKAGE="/Game/Dormitory/Material/MI_Deco_31" FILE="E:/F盘/上传官网/su-z2/Dormitory/Content/Dormitory/Material/MI_Deco_31.uasset" SILENT=true
[2026.02.11-02.17.15:023][430]LogSavePackage: Moving 'E:/F盘/上传官网/su-z2/Dormitory/Saved/MI_Deco_314FACF251416AB24FDE36869C701872DC.tmp' to 'E:/F盘/上传官网/su-z2/Dormitory/Content/Dormitory/Material/MI_Deco_31.uasset'
[2026.02.11-02.17.15:028][430]Cmd: OBJ SAVEPACKAGE PACKAGE="/Game/Dormitory/Texture/T_d30" FILE="E:/F盘/上传官网/su-z2/Dormitory/Content/Dormitory/Texture/T_d30.uasset" SILENT=true
[2026.02.11-02.17.15:044][430]LogSavePackage: Moving 'E:/F盘/上传官网/su-z2/Dormitory/Saved/T_d3095D0F5ED4391FEED31A74395D4C5FBF1.tmp' to 'E:/F盘/上传官网/su-z2/Dormitory/Content/Dormitory/Texture/T_d30.uasset'
[2026.02.11-02.17.15:060][430]Cmd: OBJ SAVEPACKAGE PACKAGE="/Game/Dormitory/Material/MI_Deco_32" FILE="E:/F盘/上传官网/su-z2/Dormitory/Content/Dormitory/Material/MI_Deco_32.uasset" SILENT=true
[2026.02.11-02.17.15:064][430]LogSavePackage: Moving 'E:/F盘/上传官网/su-z2/Dormitory/Saved/MI_Deco_3263B9D2534551EF2C6A3BB6A8B617EC5E.tmp' to 'E:/F盘/上传官网/su-z2/Dormitory/Content/Dormitory/Material/MI_Deco_32.uasset'
[2026.02.11-02.17.15:068][430]Cmd: OBJ SAVEPACKAGE PACKAGE="/Game/Dormitory/Texture/T_d31" FILE="E:/F盘/上传官网/su-z2/Dormitory/Content/Dormitory/Texture/T_d31.uasset" SILENT=true
[2026.02.11-02.17.15:098][430]LogSavePackage: Moving 'E:/F盘/上传官网/su-z2/Dormitory/Saved/T_d31BD26D08C44BE9E4BF4A503A9228D14D3.tmp' to 'E:/F盘/上传官网/su-z2/Dormitory/Content/Dormitory/Texture/T_d31.uasset'
[2026.02.11-02.17.15:113][430]Cmd: OBJ SAVEPACKAGE PACKAGE="/Game/Dormitory/Material/MI_Deco_33" FILE="E:/F盘/上传官网/su-z2/Dormitory/Content/Dormitory/Material/MI_Deco_33.uasset" SILENT=true
[2026.02.11-02.17.15:117][430]LogSavePackage: Moving 'E:/F盘/上传官网/su-z2/Dormitory/Saved/MI_Deco_332E86784F4BBD66D8AF9DDF882C1EFBCD.tmp' to 'E:/F盘/上传官网/su-z2/Dormitory/Content/Dormitory/Material/MI_Deco_33.uasset'
[2026.02.11-02.17.15:143][430]Cmd: OBJ SAVEPACKAGE PACKAGE="/Game/Dormitory/Mesh/SM_Book_03" FILE="E:/F盘/上传官网/su-z2/Dormitory/Content/Dormitory/Mesh/SM_Book_03.uasset" SILENT=true
[2026.02.11-02.17.15:339][430]LogSavePackage: Moving 'E:/F盘/上传官网/su-z2/Dormitory/Saved/SM_Book_033E1AD0FD4D71A9D4096F76B2041B322F.tmp' to 'E:/F盘/上传官网/su-z2/Dormitory/Content/Dormitory/Mesh/SM_Book_03.uasset'
[2026.02.11-02.17.15:343][430]Cmd: OBJ SAVEPACKAGE PACKAGE="/Game/Dormitory/Texture/T_d22" FILE="E:/F盘/上传官网/su-z2/Dormitory/Content/Dormitory/Texture/T_d22.uasset" SILENT=true
[2026.02.11-02.17.15:348][430]LogSavePackage: Moving 'E:/F盘/上传官网/su-z2/Dormitory/Saved/T_d22CCF30D8042959283783F3298C6E20A83.tmp' to 'E:/F盘/上传官网/su-z2/Dormitory/Content/Dormitory/Texture/T_d22.uasset'
[2026.02.11-02.17.15:363][430]Cmd: OBJ SAVEPACKAGE PACKAGE="/Game/Dormitory/Material/MI_Deco_27" FILE="E:/F盘/上传官网/su-z2/Dormitory/Content/Dormitory/Material/MI_Deco_27.uasset" SILENT=true
[2026.02.11-02.17.15:367][430]LogSavePackage: Moving 'E:/F盘/上传官网/su-z2/Dormitory/Saved/MI_Deco_27F57D0A1A4078C18A20B96F81647FC32B.tmp' to 'E:/F盘/上传官网/su-z2/Dormitory/Content/Dormitory/Material/MI_Deco_27.uasset'
[2026.02.11-02.17.15:372][430]Cmd: OBJ SAVEPACKAGE PACKAGE="/Game/Dormitory/Texture/T_d23" FILE="E:/F盘/上传官网/su-z2/Dormitory/Content/Dormitory/Texture/T_d23.uasset" SILENT=true
[2026.02.11-02.17.15:377][430]LogSavePackage: Moving 'E:/F盘/上传官网/su-z2/Dormitory/Saved/T_d23C583DD5D4B9CA3667DCDC8942DCA4EEA.tmp' to 'E:/F盘/上传官网/su-z2/Dormitory/Content/Dormitory/Texture/T_d23.uasset'
[2026.02.11-02.17.15:395][430]Cmd: OBJ SAVEPACKAGE PACKAGE="/Game/Dormitory/Material/MI_Deco_41" FILE="E:/F盘/上传官网/su-z2/Dormitory/Content/Dormitory/Material/MI_Deco_41.uasset" SILENT=true
[2026.02.11-02.17.15:399][430]LogSavePackage: Moving 'E:/F盘/上传官网/su-z2/Dormitory/Saved/MI_Deco_4186FEC6C042ACC3F845C2FCA0A39E3566.tmp' to 'E:/F盘/上传官网/su-z2/Dormitory/Content/Dormitory/Material/MI_Deco_41.uasset'
[2026.02.11-02.17.15:404][430]Cmd: OBJ SAVEPACKAGE PACKAGE="/Game/Dormitory/Texture/T_d24" FILE="E:/F盘/上传官网/su-z2/Dormitory/Content/Dormitory/Texture/T_d24.uasset" SILENT=true
[2026.02.11-02.17.15:408][430]LogSavePackage: Moving 'E:/F盘/上传官网/su-z2/Dormitory/Saved/T_d24DBDE2A5448DC49438F6F889D0F02A899.tmp' to 'E:/F盘/上传官网/su-z2/Dormitory/Content/Dormitory/Texture/T_d24.uasset'
[2026.02.11-02.17.15:424][430]Cmd: OBJ SAVEPACKAGE PACKAGE="/Game/Dormitory/Material/MI_Deco_42" FILE="E:/F盘/上传官网/su-z2/Dormitory/Content/Dormitory/Material/MI_Deco_42.uasset" SILENT=true
[2026.02.11-02.17.15:428][430]LogSavePackage: Moving 'E:/F盘/上传官网/su-z2/Dormitory/Saved/MI_Deco_420E710AF941659928309FF4835DDD1693.tmp' to 'E:/F盘/上传官网/su-z2/Dormitory/Content/Dormitory/Material/MI_Deco_42.uasset'
[2026.02.11-02.17.15:432][430]Cmd: OBJ SAVEPACKAGE PACKAGE="/Game/Dormitory/Texture/T_d25" FILE="E:/F盘/上传官网/su-z2/Dormitory/Content/Dormitory/Texture/T_d25.uasset" SILENT=true
[2026.02.11-02.17.15:440][430]LogSavePackage: Moving 'E:/F盘/上传官网/su-z2/Dormitory/Saved/T_d250213BD8D47DB5911E0DDBE8E27A0BFC3.tmp' to 'E:/F盘/上传官网/su-z2/Dormitory/Content/Dormitory/Texture/T_d25.uasset'
[2026.02.11-02.17.15:455][430]Cmd: OBJ SAVEPACKAGE PACKAGE="/Game/Dormitory/Material/MI_Deco_43" FILE="E:/F盘/上传官网/su-z2/Dormitory/Content/Dormitory/Material/MI_Deco_43.uasset" SILENT=true
[2026.02.11-02.17.15:461][430]LogSavePackage: Moving 'E:/F盘/上传官网/su-z2/Dormitory/Saved/MI_Deco_43523FEBD44B44AA28CB39EBA09CC10D5F.tmp' to 'E:/F盘/上传官网/su-z2/Dormitory/Content/Dormitory/Material/MI_Deco_43.uasset'
[2026.02.11-02.17.15:477][430]Cmd: OBJ SAVEPACKAGE PACKAGE="/Game/Dormitory/Mesh/SM_Book_04" FILE="E:/F盘/上传官网/su-z2/Dormitory/Content/Dormitory/Mesh/SM_Book_04.uasset" SILENT=true
[2026.02.11-02.17.15:530][430]LogSavePackage: Moving 'E:/F盘/上传官网/su-z2/Dormitory/Saved/SM_Book_04C01CF60D42D5A64B0CA0A2AA45819CC8.tmp' to 'E:/F盘/上传官网/su-z2/Dormitory/Content/Dormitory/Mesh/SM_Book_04.uasset'
[2026.02.11-02.17.15:547][430]Cmd: OBJ SAVEPACKAGE PACKAGE="/Game/Dormitory/Mesh/SM_Book_05" FILE="E:/F盘/上传官网/su-z2/Dormitory/Content/Dormitory/Mesh/SM_Book_05.uasset" SILENT=true
[2026.02.11-02.17.15:655][430]LogSavePackage: Moving 'E:/F盘/上传官网/su-z2/Dormitory/Saved/SM_Book_05521174604751F9F382A305954E043FC7.tmp' to 'E:/F盘/上传官网/su-z2/Dormitory/Content/Dormitory/Mesh/SM_Book_05.uasset'
[2026.02.11-02.17.15:660][430]Cmd: OBJ SAVEPACKAGE PACKAGE="/Game/Dormitory/Texture/T_Book06_Cover_BaseColor" FILE="E:/F盘/上传官网/su-z2/Dormitory/Content/Dormitory/Texture/T_Book06_Cover_BaseColor.uasset" SILENT=true
[2026.02.11-02.17.15:666][430]LogSavePackage: Moving 'E:/F盘/上传官网/su-z2/Dormitory/Saved/T_Book06_Cover_BaseColor19DBEF5941574F96522942999CE3D977.tmp' to 'E:/F盘/上传官网/su-z2/Dormitory/Content/Dormitory/Texture/T_Book06_Cover_BaseColor.uasset'
[2026.02.11-02.17.15:681][430]Cmd: OBJ SAVEPACKAGE PACKAGE="/Game/Dormitory/Material/MI_Book09_Cover" FILE="E:/F盘/上传官网/su-z2/Dormitory/Content/Dormitory/Material/MI_Book09_Cover.uasset" SILENT=true
[2026.02.11-02.17.15:686][430]LogSavePackage: Moving 'E:/F盘/上传官网/su-z2/Dormitory/Saved/MI_Book09_Cover5231A9BE474B88A2CFA86A90ABD74898.tmp' to 'E:/F盘/上传官网/su-z2/Dormitory/Content/Dormitory/Material/MI_Book09_Cover.uasset'
[2026.02.11-02.17.15:702][430]Cmd: OBJ SAVEPACKAGE PACKAGE="/Game/Dormitory/Mesh/SM_Book_06" FILE="E:/F盘/上传官网/su-z2/Dormitory/Content/Dormitory/Mesh/SM_Book_06.uasset" SILENT=true
[2026.02.11-02.17.15:740][430]LogSavePackage: Moving 'E:/F盘/上传官网/su-z2/Dormitory/Saved/SM_Book_062105282C48D36F27727E00BB38EADD81.tmp' to 'E:/F盘/上传官网/su-z2/Dormitory/Content/Dormitory/Mesh/SM_Book_06.uasset'
[2026.02.11-02.17.15:745][430]Cmd: OBJ SAVEPACKAGE PACKAGE="/Game/Dormitory/Texture/T_Book09_Cover_BaseColor" FILE="E:/F盘/上传官网/su-z2/Dormitory/Content/Dormitory/Texture/T_Book09_Cover_BaseColor.uasset" SILENT=true
[2026.02.11-02.17.15:751][430]LogSavePackage: Moving 'E:/F盘/上传官网/su-z2/Dormitory/Saved/T_Book09_Cover_BaseColor6D13826F405D5B01A1880CAFE6E22798.tmp' to 'E:/F盘/上传官网/su-z2/Dormitory/Content/Dormitory/Texture/T_Book09_Cover_BaseColor.uasset'
[2026.02.11-02.17.15:774][430]Cmd: OBJ SAVEPACKAGE PACKAGE="/Game/Dormitory/Material/MI_Book06_Cover" FILE="E:/F盘/上传官网/su-z2/Dormitory/Content/Dormitory/Material/MI_Book06_Cover.uasset" SILENT=true
[2026.02.11-02.17.15:779][430]LogSavePackage: Moving 'E:/F盘/上传官网/su-z2/Dormitory/Saved/MI_Book06_Cover6776FACB4A4D70EAA39297BC4DD6E891.tmp' to 'E:/F盘/上传官网/su-z2/Dormitory/Content/Dormitory/Material/MI_Book06_Cover.uasset'
[2026.02.11-02.17.15:784][430]Cmd: OBJ SAVEPACKAGE PACKAGE="/Game/Dormitory/Texture/T_d32" FILE="E:/F盘/上传官网/su-z2/Dormitory/Content/Dormitory/Texture/T_d32.uasset" SILENT=true
[2026.02.11-02.17.15:798][430]LogSavePackage: Moving 'E:/F盘/上传官网/su-z2/Dormitory/Saved/T_d328A5C97E346E393E172619596F3648F67.tmp' to 'E:/F盘/上传官网/su-z2/Dormitory/Content/Dormitory/Texture/T_d32.uasset'
[2026.02.11-02.17.15:813][430]Cmd: OBJ SAVEPACKAGE PACKAGE="/Game/Dormitory/Material/MI_Deco_35" FILE="E:/F盘/上传官网/su-z2/Dormitory/Content/Dormitory/Material/MI_Deco_35.uasset" SILENT=true
[2026.02.11-02.17.15:817][430]LogSavePackage: Moving 'E:/F盘/上传官网/su-z2/Dormitory/Saved/MI_Deco_353045927F47EF027D081FFD980F8E7B1A.tmp' to 'E:/F盘/上传官网/su-z2/Dormitory/Content/Dormitory/Material/MI_Deco_35.uasset'
[2026.02.11-02.17.15:839][430]Cmd: OBJ SAVEPACKAGE PACKAGE="/Game/Dormitory/Mesh/SM_Book_07" FILE="E:/F盘/上传官网/su-z2/Dormitory/Content/Dormitory/Mesh/SM_Book_07.uasset" SILENT=true
[2026.02.11-02.17.16:208][430]LogSavePackage: Moving 'E:/F盘/上传官网/su-z2/Dormitory/Saved/SM_Book_07D708EB6149EB9F63CAF8F59FF311D33E.tmp' to 'E:/F盘/上传官网/su-z2/Dormitory/Content/Dormitory/Mesh/SM_Book_07.uasset'
[2026.02.11-02.17.16:224][430]Cmd: OBJ SAVEPACKAGE PACKAGE="/Game/Dormitory/Material/MI_BookPage_Vertical" FILE="E:/F盘/上传官网/su-z2/Dormitory/Content/Dormitory/Material/MI_BookPage_Vertical.uasset" SILENT=true
[2026.02.11-02.17.16:229][430]LogSavePackage: Moving 'E:/F盘/上传官网/su-z2/Dormitory/Saved/MI_BookPage_Vertical551AAB2E45E7E3675B1516970EFE2636.tmp' to 'E:/F盘/上传官网/su-z2/Dormitory/Content/Dormitory/Material/MI_BookPage_Vertical.uasset'
[2026.02.11-02.17.16:233][430]Cmd: OBJ SAVEPACKAGE PACKAGE="/Game/Dormitory/Texture/T_d48" FILE="E:/F盘/上传官网/su-z2/Dormitory/Content/Dormitory/Texture/T_d48.uasset" SILENT=true
[2026.02.11-02.17.16:236][430]LogSavePackage: Moving 'E:/F盘/上传官网/su-z2/Dormitory/Saved/T_d484CA0C02E47077B8F36386ABB7C030E6D.tmp' to 'E:/F盘/上传官网/su-z2/Dormitory/Content/Dormitory/Texture/T_d48.uasset'
[2026.02.11-02.17.16:253][430]Cmd: OBJ SAVEPACKAGE PACKAGE="/Game/Dormitory/Material/MI_Deco_65" FILE="E:/F盘/上传官网/su-z2/Dormitory/Content/Dormitory/Material/MI_Deco_65.uasset" SILENT=true
[2026.02.11-02.17.16:258][430]LogSavePackage: Moving 'E:/F盘/上传官网/su-z2/Dormitory/Saved/MI_Deco_659D83977F42A4304DFD68E1AAEACE3DCB.tmp' to 'E:/F盘/上传官网/su-z2/Dormitory/Content/Dormitory/Material/MI_Deco_65.uasset'
[2026.02.11-02.17.16:280][430]Cmd: OBJ SAVEPACKAGE PACKAGE="/Game/Dormitory/Mesh/SM_Book_08" FILE="E:/F盘/上传官网/su-z2/Dormitory/Content/Dormitory/Mesh/SM_Book_08.uasset" SILENT=true
[2026.02.11-02.17.16:294][430]LogSavePackage: Moving 'E:/F盘/上传官网/su-z2/Dormitory/Saved/SM_Book_0800B8A6BB43AF0ADF502AD49D51473C20.tmp' to 'E:/F盘/上传官网/su-z2/Dormitory/Content/Dormitory/Mesh/SM_Book_08.uasset'
[2026.02.11-02.17.16:299][430]Cmd: OBJ SAVEPACKAGE PACKAGE="/Game/Dormitory/Texture/T_Book03_Cover" FILE="E:/F盘/上传官网/su-z2/Dormitory/Content/Dormitory/Texture/T_Book03_Cover.uasset" SILENT=true
[2026.02.11-02.17.16:303][430]LogSavePackage: Moving 'E:/F盘/上传官网/su-z2/Dormitory/Saved/T_Book03_CoverCDA8FA69462C630D37709D88DCB6A3CE.tmp' to 'E:/F盘/上传官网/su-z2/Dormitory/Content/Dormitory/Texture/T_Book03_Cover.uasset'
[2026.02.11-02.17.16:323][430]Cmd: OBJ SAVEPACKAGE PACKAGE="/Game/Dormitory/Material/MI_Book08_Cover" FILE="E:/F盘/上传官网/su-z2/Dormitory/Content/Dormitory/Material/MI_Book08_Cover.uasset" SILENT=true
[2026.02.11-02.17.16:327][430]LogSavePackage: Moving 'E:/F盘/上传官网/su-z2/Dormitory/Saved/MI_Book08_Cover120347364F31CF0BACF0BD8BF6379C11.tmp' to 'E:/F盘/上传官网/su-z2/Dormitory/Content/Dormitory/Material/MI_Book08_Cover.uasset'
[2026.02.11-02.17.16:339][430]Cmd: OBJ SAVEPACKAGE PACKAGE="/Game/Dormitory/Texture/T_d41" FILE="E:/F盘/上传官网/su-z2/Dormitory/Content/Dormitory/Texture/T_d41.uasset" SILENT=true
[2026.02.11-02.17.16:344][430]LogSavePackage: Moving 'E:/F盘/上传官网/su-z2/Dormitory/Saved/T_d41E2D821A84C3060BA43631394BC781902.tmp' to 'E:/F盘/上传官网/su-z2/Dormitory/Content/Dormitory/Texture/T_d41.uasset'
[2026.02.11-02.17.16:360][430]Cmd: OBJ SAVEPACKAGE PACKAGE="/Game/Dormitory/Material/MI_Deco_51" FILE="E:/F盘/上传官网/su-z2/Dormitory/Content/Dormitory/Material/MI_Deco_51.uasset" SILENT=true
[2026.02.11-02.17.16:364][430]LogSavePackage: Moving 'E:/F盘/上传官网/su-z2/Dormitory/Saved/MI_Deco_51318C85DB4D4649874DB2218165CF522E.tmp' to 'E:/F盘/上传官网/su-z2/Dormitory/Content/Dormitory/Material/MI_Deco_51.uasset'
[2026.02.11-02.17.16:388][430]Cmd: OBJ SAVEPACKAGE PACKAGE="/Game/Dormitory/Mesh/SM_Book_09" FILE="E:/F盘/上传官网/su-z2/Dormitory/Content/Dormitory/Mesh/SM_Book_09.uasset" SILENT=true
[2026.02.11-02.17.16:454][430]LogSavePackage: Moving 'E:/F盘/上传官网/su-z2/Dormitory/Saved/SM_Book_0932D05A1D4EAA6776C1BDF4B10E21FDFF.tmp' to 'E:/F盘/上传官网/su-z2/Dormitory/Content/Dormitory/Mesh/SM_Book_09.uasset'
[2026.02.11-02.17.16:477][430]Cmd: OBJ SAVEPACKAGE PACKAGE="/Game/Dormitory/Mesh/SM_Book_10" FILE="E:/F盘/上传官网/su-z2/Dormitory/Content/Dormitory/Mesh/SM_Book_10.uasset" SILENT=true
[2026.02.11-02.17.16:529][430]LogSavePackage: Moving 'E:/F盘/上传官网/su-z2/Dormitory/Saved/SM_Book_1046B158CC49F151075CF37B9B61C7508F.tmp' to 'E:/F盘/上传官网/su-z2/Dormitory/Content/Dormitory/Mesh/SM_Book_10.uasset'
[2026.02.11-02.17.16:545][430]Cmd: OBJ SAVEPACKAGE PACKAGE="/Game/Dormitory/Mesh/SM_Book_11" FILE="E:/F盘/上传官网/su-z2/Dormitory/Content/Dormitory/Mesh/SM_Book_11.uasset" SILENT=true
[2026.02.11-02.17.16:557][430]LogSavePackage: Moving 'E:/F盘/上传官网/su-z2/Dormitory/Saved/SM_Book_118708DCDF41A1055DD412DEAE2BF6BECF.tmp' to 'E:/F盘/上传官网/su-z2/Dormitory/Content/Dormitory/Mesh/SM_Book_11.uasset'
[2026.02.11-02.17.16:573][430]Cmd: OBJ SAVEPACKAGE PACKAGE="/Game/Dormitory/Mesh/SM_Book_12" FILE="E:/F盘/上传官网/su-z2/Dormitory/Content/Dormitory/Mesh/SM_Book_12.uasset" SILENT=true
[2026.02.11-02.17.16:596][430]LogSavePackage: Moving 'E:/F盘/上传官网/su-z2/Dormitory/Saved/SM_Book_12043971F34D4492FCFED2819F5D8AAF06.tmp' to 'E:/F盘/上传官网/su-z2/Dormitory/Content/Dormitory/Mesh/SM_Book_12.uasset'
[2026.02.11-02.17.16:599][430]Cmd: OBJ SAVEPACKAGE PACKAGE="/Game/Dormitory/Texture/T_d49" FILE="E:/F盘/上传官网/su-z2/Dormitory/Content/Dormitory/Texture/T_d49.uasset" SILENT=true
[2026.02.11-02.17.16:604][430]LogSavePackage: Moving 'E:/F盘/上传官网/su-z2/Dormitory/Saved/T_d4946D1DF89444D9302B9246F92BA121140.tmp' to 'E:/F盘/上传官网/su-z2/Dormitory/Content/Dormitory/Texture/T_d49.uasset'
[2026.02.11-02.17.16:619][430]Cmd: OBJ SAVEPACKAGE PACKAGE="/Game/Dormitory/Material/MI_Deco_66" FILE="E:/F盘/上传官网/su-z2/Dormitory/Content/Dormitory/Material/MI_Deco_66.uasset" SILENT=true
[2026.02.11-02.17.16:623][430]LogSavePackage: Moving 'E:/F盘/上传官网/su-z2/Dormitory/Saved/MI_Deco_66122F65F544CD015A33C13AB2A0D156CA.tmp' to 'E:/F盘/上传官网/su-z2/Dormitory/Content/Dormitory/Material/MI_Deco_66.uasset'
[2026.02.11-02.17.16:640][430]Cmd: OBJ SAVEPACKAGE PACKAGE="/Game/Dormitory/Mesh/SM_Book_13" FILE="E:/F盘/上传官网/su-z2/Dormitory/Content/Dormitory/Mesh/SM_Book_13.uasset" SILENT=true
[2026.02.11-02.17.16:702][430]LogSavePackage: Moving 'E:/F盘/上传官网/su-z2/Dormitory/Saved/SM_Book_13A5669DBA43FD88C364761CBD7B0C5454.tmp' to 'E:/F盘/上传官网/su-z2/Dormitory/Content/Dormitory/Mesh/SM_Book_13.uasset'
[2026.02.11-02.17.16:708][430]Cmd: OBJ SAVEPACKAGE PACKAGE="/Game/Dormitory/Texture/T_Dirty002" FILE="E:/F盘/上传官网/su-z2/Dormitory/Content/Dormitory/Texture/T_Dirty002.uasset" SILENT=true
[2026.02.11-02.17.16:720][430]LogSavePackage: Moving 'E:/F盘/上传官网/su-z2/Dormitory/Saved/T_Dirty002C0F6442844472224F9DBAD8E4078FF4B.tmp' to 'E:/F盘/上传官网/su-z2/Dormitory/Content/Dormitory/Texture/T_Dirty002.uasset'
[2026.02.11-02.17.16:735][430]Cmd: OBJ SAVEPACKAGE PACKAGE="/Game/Dormitory/Material/MI_Black_FrostMetal" FILE="E:/F盘/上传官网/su-z2/Dormitory/Content/Dormitory/Material/MI_Black_FrostMetal.uasset" SILENT=true
[2026.02.11-02.17.16:739][430]LogSavePackage: Moving 'E:/F盘/上传官网/su-z2/Dormitory/Saved/MI_Black_FrostMetalF4FD33994B35D6CE7728918D8156DEA9.tmp' to 'E:/F盘/上传官网/su-z2/Dormitory/Content/Dormitory/Material/MI_Black_FrostMetal.uasset'
[2026.02.11-02.17.16:755][430]Cmd: OBJ SAVEPACKAGE PACKAGE="/Game/Dormitory/Material/MI_Blue3" FILE="E:/F盘/上传官网/su-z2/Dormitory/Content/Dormitory/Material/MI_Blue3.uasset" SILENT=true
[2026.02.11-02.17.16:759][430]LogSavePackage: Moving 'E:/F盘/上传官网/su-z2/Dormitory/Saved/MI_Blue3F8B813BB4D2EC3FDDE7616A7EFA3F881.tmp' to 'E:/F盘/上传官网/su-z2/Dormitory/Content/Dormitory/Material/MI_Blue3.uasset'
[2026.02.11-02.17.16:774][430]Cmd: OBJ SAVEPACKAGE PACKAGE="/Game/Dormitory/Material/MI_Gray_FrostMetal" FILE="E:/F盘/上传官网/su-z2/Dormitory/Content/Dormitory/Material/MI_Gray_FrostMetal.uasset" SILENT=true
[2026.02.11-02.17.16:778][430]LogSavePackage: Moving 'E:/F盘/上传官网/su-z2/Dormitory/Saved/MI_Gray_FrostMetal1336A8164CAAE7B448DB6E85E99826C2.tmp' to 'E:/F盘/上传官网/su-z2/Dormitory/Content/Dormitory/Material/MI_Gray_FrostMetal.uasset'
[2026.02.11-02.17.16:794][430]Cmd: OBJ SAVEPACKAGE PACKAGE="/Game/Dormitory/Material/MI_Gray_FrostMetal2" FILE="E:/F盘/上传官网/su-z2/Dormitory/Content/Dormitory/Material/MI_Gray_FrostMetal2.uasset" SILENT=true
[2026.02.11-02.17.16:799][430]LogSavePackage: Moving 'E:/F盘/上传官网/su-z2/Dormitory/Saved/MI_Gray_FrostMetal2BB3B29C34AE12EC1D1E28BB5E230C01A.tmp' to 'E:/F盘/上传官网/su-z2/Dormitory/Content/Dormitory/Material/MI_Gray_FrostMetal2.uasset'
[2026.02.11-02.17.16:803][430]Cmd: OBJ SAVEPACKAGE PACKAGE="/Game/Dormitory/Texture/T_Rec_10" FILE="E:/F盘/上传官网/su-z2/Dormitory/Content/Dormitory/Texture/T_Rec_10.uasset" SILENT=true
[2026.02.11-02.17.16:814][430]LogSavePackage: Moving 'E:/F盘/上传官网/su-z2/Dormitory/Saved/T_Rec_10B041C2A84BED08E65B7A909707613FD0.tmp' to 'E:/F盘/上传官网/su-z2/Dormitory/Content/Dormitory/Texture/T_Rec_10.uasset'
[2026.02.11-02.17.16:830][430]Cmd: OBJ SAVEPACKAGE PACKAGE="/Game/Dormitory/Material/MI_Rec_08" FILE="E:/F盘/上传官网/su-z2/Dormitory/Content/Dormitory/Material/MI_Rec_08.uasset" SILENT=true
[2026.02.11-02.17.16:834][430]LogSavePackage: Moving 'E:/F盘/上传官网/su-z2/Dormitory/Saved/MI_Rec_08CACBC3484B5DD89C60DF9697194CC488.tmp' to 'E:/F盘/上传官网/su-z2/Dormitory/Content/Dormitory/Material/MI_Rec_08.uasset'
[2026.02.11-02.17.16:839][430]Cmd: OBJ SAVEPACKAGE PACKAGE="/Game/Dormitory/Texture/T_Rec_11" FILE="E:/F盘/上传官网/su-z2/Dormitory/Content/Dormitory/Texture/T_Rec_11.uasset" SILENT=true
[2026.02.11-02.17.16:847][430]LogSavePackage: Moving 'E:/F盘/上传官网/su-z2/Dormitory/Saved/T_Rec_117798BCF2497930C6CD18E5BA3663A650.tmp' to 'E:/F盘/上传官网/su-z2/Dormitory/Content/Dormitory/Texture/T_Rec_11.uasset'
[2026.02.11-02.17.16:862][430]Cmd: OBJ SAVEPACKAGE PACKAGE="/Game/Dormitory/Material/MI_Rec_12" FILE="E:/F盘/上传官网/su-z2/Dormitory/Content/Dormitory/Material/MI_Rec_12.uasset" SILENT=true
[2026.02.11-02.17.16:866][430]LogSavePackage: Moving 'E:/F盘/上传官网/su-z2/Dormitory/Saved/MI_Rec_1297CC570D40A07781D3E9C88707DBCC04.tmp' to 'E:/F盘/上传官网/su-z2/Dormitory/Content/Dormitory/Material/MI_Rec_12.uasset'
[2026.02.11-02.17.16:882][430]Cmd: OBJ SAVEPACKAGE PACKAGE="/Game/Dormitory/Material/MI_White_DirtyMetal" FILE="E:/F盘/上传官网/su-z2/Dormitory/Content/Dormitory/Material/MI_White_DirtyMetal.uasset" SILENT=true
[2026.02.11-02.17.16:887][430]LogSavePackage: Moving 'E:/F盘/上传官网/su-z2/Dormitory/Saved/MI_White_DirtyMetalE66329834A3E5D5860AFB5A5AE048587.tmp' to 'E:/F盘/上传官网/su-z2/Dormitory/Content/Dormitory/Material/MI_White_DirtyMetal.uasset'
[2026.02.11-02.17.16:910][430]Cmd: OBJ SAVEPACKAGE PACKAGE="/Game/Dormitory/Material/MI_White_FrostMetal" FILE="E:/F盘/上传官网/su-z2/Dormitory/Content/Dormitory/Material/MI_White_FrostMetal.uasset" SILENT=true
[2026.02.11-02.17.16:914][430]LogSavePackage: Moving 'E:/F盘/上传官网/su-z2/Dormitory/Saved/MI_White_FrostMetal6671ECDD44EB557DA500F58C5B221DAD.tmp' to 'E:/F盘/上传官网/su-z2/Dormitory/Content/Dormitory/Material/MI_White_FrostMetal.uasset'
[2026.02.11-02.17.16:929][430]Cmd: OBJ SAVEPACKAGE PACKAGE="/Game/Dormitory/Mesh/SM_Boot008" FILE="E:/F盘/上传官网/su-z2/Dormitory/Content/Dormitory/Mesh/SM_Boot008.uasset" SILENT=true
[2026.02.11-02.17.17:026][430]LogSavePackage: Moving 'E:/F盘/上传官网/su-z2/Dormitory/Saved/SM_Boot008376DA4E4450308294610CC8703B91FAC.tmp' to 'E:/F盘/上传官网/su-z2/Dormitory/Content/Dormitory/Mesh/SM_Boot008.uasset'
[2026.02.11-02.17.17:044][430]Cmd: OBJ SAVEPACKAGE PACKAGE="/Game/Dormitory/Material/MI_Blue1" FILE="E:/F盘/上传官网/su-z2/Dormitory/Content/Dormitory/Material/MI_Blue1.uasset" SILENT=true
[2026.02.11-02.17.17:048][430]LogSavePackage: Moving 'E:/F盘/上传官网/su-z2/Dormitory/Saved/MI_Blue14842C4234A95357FE44515B6B671BA42.tmp' to 'E:/F盘/上传官网/su-z2/Dormitory/Content/Dormitory/Material/MI_Blue1.uasset'
[2026.02.11-02.17.17:051][430]Cmd: OBJ SAVEPACKAGE PACKAGE="/Game/Dormitory/Texture/T_Rec_14" FILE="E:/F盘/上传官网/su-z2/Dormitory/Content/Dormitory/Texture/T_Rec_14.uasset" SILENT=true
[2026.02.11-02.17.17:053][430]LogSavePackage: Moving 'E:/F盘/上传官网/su-z2/Dormitory/Saved/T_Rec_14A73B3F5A45FC7629A3806393C78C8500.tmp' to 'E:/F盘/上传官网/su-z2/Dormitory/Content/Dormitory/Texture/T_Rec_14.uasset'
[2026.02.11-02.17.17:068][430]Cmd: OBJ SAVEPACKAGE PACKAGE="/Game/Dormitory/Material/MI_Rec_01" FILE="E:/F盘/上传官网/su-z2/Dormitory/Content/Dormitory/Material/MI_Rec_01.uasset" SILENT=true
[2026.02.11-02.17.17:072][430]LogSavePackage: Moving 'E:/F盘/上传官网/su-z2/Dormitory/Saved/MI_Rec_017C2558324947FC261B3FEFB503675EA3.tmp' to 'E:/F盘/上传官网/su-z2/Dormitory/Content/Dormitory/Material/MI_Rec_01.uasset'
[2026.02.11-02.17.17:075][430]Cmd: OBJ SAVEPACKAGE PACKAGE="/Game/Dormitory/Texture/T_Rec_13" FILE="E:/F盘/上传官网/su-z2/Dormitory/Content/Dormitory/Texture/T_Rec_13.uasset" SILENT=true
[2026.02.11-02.17.17:080][430]LogSavePackage: Moving 'E:/F盘/上传官网/su-z2/Dormitory/Saved/T_Rec_1384A1FC314BD0DC3218A7DB9519390B54.tmp' to 'E:/F盘/上传官网/su-z2/Dormitory/Content/Dormitory/Texture/T_Rec_13.uasset'
[2026.02.11-02.17.17:095][430]Cmd: OBJ SAVEPACKAGE PACKAGE="/Game/Dormitory/Material/MI_Rec_02" FILE="E:/F盘/上传官网/su-z2/Dormitory/Content/Dormitory/Material/MI_Rec_02.uasset" SILENT=true
[2026.02.11-02.17.17:100][430]LogSavePackage: Moving 'E:/F盘/上传官网/su-z2/Dormitory/Saved/MI_Rec_02CEF37296464C179A013900934BFE7692.tmp' to 'E:/F盘/上传官网/su-z2/Dormitory/Content/Dormitory/Material/MI_Rec_02.uasset'
[2026.02.11-02.17.17:102][430]Cmd: OBJ SAVEPACKAGE PACKAGE="/Game/Dormitory/Texture/T_Rec_01" FILE="E:/F盘/上传官网/su-z2/Dormitory/Content/Dormitory/Texture/T_Rec_01.uasset" SILENT=true
[2026.02.11-02.17.17:104][430]LogSavePackage: Moving 'E:/F盘/上传官网/su-z2/Dormitory/Saved/T_Rec_01A0F7030F47E048A00612F29948E91747.tmp' to 'E:/F盘/上传官网/su-z2/Dormitory/Content/Dormitory/Texture/T_Rec_01.uasset'
[2026.02.11-02.17.17:106][430]Cmd: OBJ SAVEPACKAGE PACKAGE="/Game/Dormitory/Texture/T_Rec_12" FILE="E:/F盘/上传官网/su-z2/Dormitory/Content/Dormitory/Texture/T_Rec_12.uasset" SILENT=true
[2026.02.11-02.17.17:107][430]LogSavePackage: Moving 'E:/F盘/上传官网/su-z2/Dormitory/Saved/T_Rec_123F70B7F44B919D34D0EC1388E653D239.tmp' to 'E:/F盘/上传官网/su-z2/Dormitory/Content/Dormitory/Texture/T_Rec_12.uasset'
[2026.02.11-02.17.17:130][430]Cmd: OBJ SAVEPACKAGE PACKAGE="/Game/Dormitory/Material/MI_Rec_03" FILE="E:/F盘/上传官网/su-z2/Dormitory/Content/Dormitory/Material/MI_Rec_03.uasset" SILENT=true
[2026.02.11-02.17.17:134][430]LogSavePackage: Moving 'E:/F盘/上传官网/su-z2/Dormitory/Saved/MI_Rec_03078C1C1A4E8FB12A07D735A4A9753BD5.tmp' to 'E:/F盘/上传官网/su-z2/Dormitory/Content/Dormitory/Material/MI_Rec_03.uasset'
[2026.02.11-02.17.17:149][430]Cmd: OBJ SAVEPACKAGE PACKAGE="/Game/Dormitory/Material/MI_White_SmoothMetal" FILE="E:/F盘/上传官网/su-z2/Dormitory/Content/Dormitory/Material/MI_White_SmoothMetal.uasset" SILENT=true
[2026.02.11-02.17.17:154][430]LogSavePackage: Moving 'E:/F盘/上传官网/su-z2/Dormitory/Saved/MI_White_SmoothMetal58B7C70F483C5E176DF58998C7F18D43.tmp' to 'E:/F盘/上传官网/su-z2/Dormitory/Content/Dormitory/Material/MI_White_SmoothMetal.uasset'
[2026.02.11-02.17.17:174][430]Cmd: OBJ SAVEPACKAGE PACKAGE="/Game/Dormitory/Mesh/SM_Boot012" FILE="E:/F盘/上传官网/su-z2/Dormitory/Content/Dormitory/Mesh/SM_Boot012.uasset" SILENT=true
[2026.02.11-02.17.17:317][430]LogSavePackage: Moving 'E:/F盘/上传官网/su-z2/Dormitory/Saved/SM_Boot01284A309D34E4DF916F053CE95FC285AE1.tmp' to 'E:/F盘/上传官网/su-z2/Dormitory/Content/Dormitory/Mesh/SM_Boot012.uasset'
[2026.02.11-02.17.17:342][430]Cmd: OBJ SAVEPACKAGE PACKAGE="/Game/Dormitory/Material/MI_Deco_69" FILE="E:/F盘/上传官网/su-z2/Dormitory/Content/Dormitory/Material/MI_Deco_69.uasset" SILENT=true
[2026.02.11-02.17.17:346][430]LogSavePackage: Moving 'E:/F盘/上传官网/su-z2/Dormitory/Saved/MI_Deco_693382112A4793EDB48A8EE39045D018B4.tmp' to 'E:/F盘/上传官网/su-z2/Dormitory/Content/Dormitory/Material/MI_Deco_69.uasset'
[2026.02.11-02.17.17:363][430]Cmd: OBJ SAVEPACKAGE PACKAGE="/Game/Dormitory/Mesh/SM_Cabinet_01" FILE="E:/F盘/上传官网/su-z2/Dormitory/Content/Dormitory/Mesh/SM_Cabinet_01.uasset" SILENT=true
[2026.02.11-02.17.17:526][430]LogSavePackage: Moving 'E:/F盘/上传官网/su-z2/Dormitory/Saved/SM_Cabinet_0176EAF2F342C05E7858FBF48D4BFDDF50.tmp' to 'E:/F盘/上传官网/su-z2/Dormitory/Content/Dormitory/Mesh/SM_Cabinet_01.uasset'
[2026.02.11-02.17.17:543][430]Cmd: OBJ SAVEPACKAGE PACKAGE="/Game/Dormitory/Material/MI_Deco_62" FILE="E:/F盘/上传官网/su-z2/Dormitory/Content/Dormitory/Material/MI_Deco_62.uasset" SILENT=true
[2026.02.11-02.17.17:548][430]LogSavePackage: Moving 'E:/F盘/上传官网/su-z2/Dormitory/Saved/MI_Deco_62B0966EE14D122C5DEF4A598BDAFE34E6.tmp' to 'E:/F盘/上传官网/su-z2/Dormitory/Content/Dormitory/Material/MI_Deco_62.uasset'
[2026.02.11-02.17.17:554][430]Cmd: OBJ SAVEPACKAGE PACKAGE="/Game/Dormitory/Texture/T_Wood02_BaseColor" FILE="E:/F盘/上传官网/su-z2/Dormitory/Content/Dormitory/Texture/T_Wood02_BaseColor.uasset" SILENT=true
[2026.02.11-02.17.17:564][430]LogSavePackage: Moving 'E:/F盘/上传官网/su-z2/Dormitory/Saved/T_Wood02_BaseColorFDFAB96044A864686B81F29AF67F58FD.tmp' to 'E:/F盘/上传官网/su-z2/Dormitory/Content/Dormitory/Texture/T_Wood02_BaseColor.uasset'
[2026.02.11-02.17.17:579][430]Cmd: OBJ SAVEPACKAGE PACKAGE="/Game/Dormitory/Material/MI_Wood02" FILE="E:/F盘/上传官网/su-z2/Dormitory/Content/Dormitory/Material/MI_Wood02.uasset" SILENT=true
[2026.02.11-02.17.17:583][430]LogSavePackage: Moving 'E:/F盘/上传官网/su-z2/Dormitory/Saved/MI_Wood025185F3ED40AE5EDB42E2739F693D278B.tmp' to 'E:/F盘/上传官网/su-z2/Dormitory/Content/Dormitory/Material/MI_Wood02.uasset'
[2026.02.11-02.17.17:598][430]Cmd: OBJ SAVEPACKAGE PACKAGE="/Game/Dormitory/Mesh/SM_Chair_01" FILE="E:/F盘/上传官网/su-z2/Dormitory/Content/Dormitory/Mesh/SM_Chair_01.uasset" SILENT=true
[2026.02.11-02.17.17:616][430]LogSavePackage: Moving 'E:/F盘/上传官网/su-z2/Dormitory/Saved/SM_Chair_01E58297144F0AF56BB03EF3B19F1DD74D.tmp' to 'E:/F盘/上传官网/su-z2/Dormitory/Content/Dormitory/Mesh/SM_Chair_01.uasset'
[2026.02.11-02.17.17:632][430]Cmd: OBJ SAVEPACKAGE PACKAGE="/Game/Dormitory/Mesh/SM_Chair_02" FILE="E:/F盘/上传官网/su-z2/Dormitory/Content/Dormitory/Mesh/SM_Chair_02.uasset" SILENT=true
[2026.02.11-02.17.17:651][430]LogSavePackage: Moving 'E:/F盘/上传官网/su-z2/Dormitory/Saved/SM_Chair_02958F53A14022419BF0A68A949812D00C.tmp' to 'E:/F盘/上传官网/su-z2/Dormitory/Content/Dormitory/Mesh/SM_Chair_02.uasset'
[2026.02.11-02.17.17:666][430]Cmd: OBJ SAVEPACKAGE PACKAGE="/Game/Dormitory/Material/MI_Deco_37" FILE="E:/F盘/上传官网/su-z2/Dormitory/Content/Dormitory/Material/MI_Deco_37.uasset" SILENT=true
[2026.02.11-02.17.17:670][430]LogSavePackage: Moving 'E:/F盘/上传官网/su-z2/Dormitory/Saved/MI_Deco_37FE44FF4646A2E485862FBCA253FB0F26.tmp' to 'E:/F盘/上传官网/su-z2/Dormitory/Content/Dormitory/Material/MI_Deco_37.uasset'
[2026.02.11-02.17.17:673][430]Cmd: OBJ SAVEPACKAGE PACKAGE="/Game/Dormitory/Texture/T_d43" FILE="E:/F盘/上传官网/su-z2/Dormitory/Content/Dormitory/Texture/T_d43.uasset" SILENT=true
[2026.02.11-02.17.17:677][430]LogSavePackage: Moving 'E:/F盘/上传官网/su-z2/Dormitory/Saved/T_d43F9B8847540B8AB51AF75F58BEB414E61.tmp' to 'E:/F盘/上传官网/su-z2/Dormitory/Content/Dormitory/Texture/T_d43.uasset'
[2026.02.11-02.17.17:693][430]Cmd: OBJ SAVEPACKAGE PACKAGE="/Game/Dormitory/Material/MI_Deco_58" FILE="E:/F盘/上传官网/su-z2/Dormitory/Content/Dormitory/Material/MI_Deco_58.uasset" SILENT=true
[2026.02.11-02.17.17:697][430]LogSavePackage: Moving 'E:/F盘/上传官网/su-z2/Dormitory/Saved/MI_Deco_58CF663EC7450265544FC4BBBC3A408587.tmp' to 'E:/F盘/上传官网/su-z2/Dormitory/Content/Dormitory/Material/MI_Deco_58.uasset'
[2026.02.11-02.17.17:700][430]Cmd: OBJ SAVEPACKAGE PACKAGE="/Game/Dormitory/Texture/T_d44" FILE="E:/F盘/上传官网/su-z2/Dormitory/Content/Dormitory/Texture/T_d44.uasset" SILENT=true
[2026.02.11-02.17.17:705][430]LogSavePackage: Moving 'E:/F盘/上传官网/su-z2/Dormitory/Saved/T_d4457BBCB554ED67A74C4E46BB69FF88C0F.tmp' to 'E:/F盘/上传官网/su-z2/Dormitory/Content/Dormitory/Texture/T_d44.uasset'
[2026.02.11-02.17.17:721][430]Cmd: OBJ SAVEPACKAGE PACKAGE="/Game/Dormitory/Material/MI_Deco_60" FILE="E:/F盘/上传官网/su-z2/Dormitory/Content/Dormitory/Material/MI_Deco_60.uasset" SILENT=true
[2026.02.11-02.17.17:726][430]LogSavePackage: Moving 'E:/F盘/上传官网/su-z2/Dormitory/Saved/MI_Deco_6082B99D0F4EB20759F8D3A4BFF602AB2D.tmp' to 'E:/F盘/上传官网/su-z2/Dormitory/Content/Dormitory/Material/MI_Deco_60.uasset'
[2026.02.11-02.17.17:731][430]Cmd: OBJ SAVEPACKAGE PACKAGE="/Game/Dormitory/Texture/T_d45" FILE="E:/F盘/上传官网/su-z2/Dormitory/Content/Dormitory/Texture/T_d45.uasset" SILENT=true
[2026.02.11-02.17.17:736][430]LogSavePackage: Moving 'E:/F盘/上传官网/su-z2/Dormitory/Saved/T_d454286D9EF401C1CC208508F8E0F9D9518.tmp' to 'E:/F盘/上传官网/su-z2/Dormitory/Content/Dormitory/Texture/T_d45.uasset'
[2026.02.11-02.17.17:752][430]Cmd: OBJ SAVEPACKAGE PACKAGE="/Game/Dormitory/Material/MI_Deco_61" FILE="E:/F盘/上传官网/su-z2/Dormitory/Content/Dormitory/Material/MI_Deco_61.uasset" SILENT=true
[2026.02.11-02.17.17:756][430]LogSavePackage: Moving 'E:/F盘/上传官网/su-z2/Dormitory/Saved/MI_Deco_61B334506247344C164287A996B3E1B349.tmp' to 'E:/F盘/上传官网/su-z2/Dormitory/Content/Dormitory/Material/MI_Deco_61.uasset'
[2026.02.11-02.17.17:761][430]Cmd: OBJ SAVEPACKAGE PACKAGE="/Game/Dormitory/Texture/T_d1T_d101" FILE="E:/F盘/上传官网/su-z2/Dormitory/Content/Dormitory/Texture/T_d1T_d101.uasset" SILENT=true
[2026.02.11-02.17.17:766][430]LogSavePackage: Moving 'E:/F盘/上传官网/su-z2/Dormitory/Saved/T_d1T_d1017A2CF87C4AEEF435F22DB5972AA65439.tmp' to 'E:/F盘/上传官网/su-z2/Dormitory/Content/Dormitory/Texture/T_d1T_d101.uasset'
[2026.02.11-02.17.17:781][430]Cmd: OBJ SAVEPACKAGE PACKAGE="/Game/Dormitory/Material/MI_Deco_74" FILE="E:/F盘/上传官网/su-z2/Dormitory/Content/Dormitory/Material/MI_Deco_74.uasset" SILENT=true
[2026.02.11-02.17.17:785][430]LogSavePackage: Moving 'E:/F盘/上传官网/su-z2/Dormitory/Saved/MI_Deco_74CA4D62774B97F4244DE025B5687A279C.tmp' to 'E:/F盘/上传官网/su-z2/Dormitory/Content/Dormitory/Material/MI_Deco_74.uasset'
[2026.02.11-02.17.17:800][430]Cmd: OBJ SAVEPACKAGE PACKAGE="/Game/Dormitory/Material/MI_Gray_SmoothPlastic" FILE="E:/F盘/上传官网/su-z2/Dormitory/Content/Dormitory/Material/MI_Gray_SmoothPlastic.uasset" SILENT=true
[2026.02.11-02.17.17:804][430]LogSavePackage: Moving 'E:/F盘/上传官网/su-z2/Dormitory/Saved/MI_Gray_SmoothPlastic759145994E5BCE8039630BB3543F4DB7.tmp' to 'E:/F盘/上传官网/su-z2/Dormitory/Content/Dormitory/Material/MI_Gray_SmoothPlastic.uasset'
[2026.02.11-02.17.17:824][430]Cmd: OBJ SAVEPACKAGE PACKAGE="/Game/Dormitory/Mesh/SM_Computer_01" FILE="E:/F盘/上传官网/su-z2/Dormitory/Content/Dormitory/Mesh/SM_Computer_01.uasset" SILENT=true
[2026.02.11-02.17.18:062][430]LogSavePackage: Moving 'E:/F盘/上传官网/su-z2/Dormitory/Saved/SM_Computer_01E8C34ABB44A604483CD8E0AF4D3AD957.tmp' to 'E:/F盘/上传官网/su-z2/Dormitory/Content/Dormitory/Mesh/SM_Computer_01.uasset'
[2026.02.11-02.17.18:068][430]Cmd: OBJ SAVEPACKAGE PACKAGE="/Game/Dormitory/Texture/T_d46" FILE="E:/F盘/上传官网/su-z2/Dormitory/Content/Dormitory/Texture/T_d46.uasset" SILENT=true
[2026.02.11-02.17.18:073][430]LogSavePackage: Moving 'E:/F盘/上传官网/su-z2/Dormitory/Saved/T_d46343C386243A806A1434EEC9BDCCEEE6C.tmp' to 'E:/F盘/上传官网/su-z2/Dormitory/Content/Dormitory/Texture/T_d46.uasset'
[2026.02.11-02.17.18:088][430]Cmd: OBJ SAVEPACKAGE PACKAGE="/Game/Dormitory/Material/MI_Deco_57" FILE="E:/F盘/上传官网/su-z2/Dormitory/Content/Dormitory/Material/MI_Deco_57.uasset" SILENT=true
[2026.02.11-02.17.18:093][430]LogSavePackage: Moving 'E:/F盘/上传官网/su-z2/Dormitory/Saved/MI_Deco_57129CD70146F548D89FE6E48DCB0FEC96.tmp' to 'E:/F盘/上传官网/su-z2/Dormitory/Content/Dormitory/Material/MI_Deco_57.uasset'
[2026.02.11-02.17.18:116][430]Cmd: OBJ SAVEPACKAGE PACKAGE="/Game/Dormitory/Mesh/SM_Computer_02" FILE="E:/F盘/上传官网/su-z2/Dormitory/Content/Dormitory/Mesh/SM_Computer_02.uasset" SILENT=true
[2026.02.11-02.17.18:353][430]LogSavePackage: Moving 'E:/F盘/上传官网/su-z2/Dormitory/Saved/SM_Computer_020758A3D9446539772D1540BFA319EEAB.tmp' to 'E:/F盘/上传官网/su-z2/Dormitory/Content/Dormitory/Mesh/SM_Computer_02.uasset'
[2026.02.11-02.17.18:368][430]Cmd: OBJ SAVEPACKAGE PACKAGE="/Game/Dormitory/Material/MI_Deco_10" FILE="E:/F盘/上传官网/su-z2/Dormitory/Content/Dormitory/Material/MI_Deco_10.uasset" SILENT=true
[2026.02.11-02.17.18:372][430]LogSavePackage: Moving 'E:/F盘/上传官网/su-z2/Dormitory/Saved/MI_Deco_10000AFBB44FE21A55B13495875E730759.tmp' to 'E:/F盘/上传官网/su-z2/Dormitory/Content/Dormitory/Material/MI_Deco_10.uasset'
[2026.02.11-02.17.18:375][430]Cmd: OBJ SAVEPACKAGE PACKAGE="/Game/Dormitory/Texture/T_d6" FILE="E:/F盘/上传官网/su-z2/Dormitory/Content/Dormitory/Texture/T_d6.uasset" SILENT=true
[2026.02.11-02.17.18:380][430]LogSavePackage: Moving 'E:/F盘/上传官网/su-z2/Dormitory/Saved/T_d6DF361C7346D5E34EA82AA8AE8788F692.tmp' to 'E:/F盘/上传官网/su-z2/Dormitory/Content/Dormitory/Texture/T_d6.uasset'
[2026.02.11-02.17.18:395][430]Cmd: OBJ SAVEPACKAGE PACKAGE="/Game/Dormitory/Material/MI_Deco_11" FILE="E:/F盘/上传官网/su-z2/Dormitory/Content/Dormitory/Material/MI_Deco_11.uasset" SILENT=true
[2026.02.11-02.17.18:399][430]LogSavePackage: Moving 'E:/F盘/上传官网/su-z2/Dormitory/Saved/MI_Deco_116B71892F4351EB919CB57CBC2B6DCE3C.tmp' to 'E:/F盘/上传官网/su-z2/Dormitory/Content/Dormitory/Material/MI_Deco_11.uasset'
[2026.02.11-02.17.18:415][430]Cmd: OBJ SAVEPACKAGE PACKAGE="/Game/Dormitory/Mesh/SM_Cup_01" FILE="E:/F盘/上传官网/su-z2/Dormitory/Content/Dormitory/Mesh/SM_Cup_01.uasset" SILENT=true
[2026.02.11-02.17.18:453][430]LogSavePackage: Moving 'E:/F盘/上传官网/su-z2/Dormitory/Saved/SM_Cup_01536274714F005EAD2AFBE69A6D664DB6.tmp' to 'E:/F盘/上传官网/su-z2/Dormitory/Content/Dormitory/Mesh/SM_Cup_01.uasset'
[2026.02.11-02.17.18:457][430]Cmd: OBJ SAVEPACKAGE PACKAGE="/Game/Dormitory/Texture/T_11" FILE="E:/F盘/上传官网/su-z2/Dormitory/Content/Dormitory/Texture/T_11.uasset" SILENT=true
[2026.02.11-02.17.18:464][430]LogSavePackage: Moving 'E:/F盘/上传官网/su-z2/Dormitory/Saved/T_119483CD8E427C75DC157E05A00FA8D153.tmp' to 'E:/F盘/上传官网/su-z2/Dormitory/Content/Dormitory/Texture/T_11.uasset'
[2026.02.11-02.17.18:479][430]Cmd: OBJ SAVEPACKAGE PACKAGE="/Game/Dormitory/Material/MI_Deco_09" FILE="E:/F盘/上传官网/su-z2/Dormitory/Content/Dormitory/Material/MI_Deco_09.uasset" SILENT=true
[2026.02.11-02.17.18:483][430]LogSavePackage: Moving 'E:/F盘/上传官网/su-z2/Dormitory/Saved/MI_Deco_090CEBAADA4B1C252AD1B3868052DF7E37.tmp' to 'E:/F盘/上传官网/su-z2/Dormitory/Content/Dormitory/Material/MI_Deco_09.uasset'
[2026.02.11-02.17.18:499][430]Cmd: OBJ SAVEPACKAGE PACKAGE="/Game/Dormitory/Mesh/SM_Cup_02" FILE="E:/F盘/上传官网/su-z2/Dormitory/Content/Dormitory/Mesh/SM_Cup_02.uasset" SILENT=true
[2026.02.11-02.17.18:539][430]LogSavePackage: Moving 'E:/F盘/上传官网/su-z2/Dormitory/Saved/SM_Cup_02EABFC09F4B9F90B2768A97A0CFFEA010.tmp' to 'E:/F盘/上传官网/su-z2/Dormitory/Content/Dormitory/Mesh/SM_Cup_02.uasset'
[2026.02.11-02.17.18:556][430]Cmd: OBJ SAVEPACKAGE PACKAGE="/Game/Dormitory/Mesh/SM_Cup_03" FILE="E:/F盘/上传官网/su-z2/Dormitory/Content/Dormitory/Mesh/SM_Cup_03.uasset" SILENT=true
[2026.02.11-02.17.18:595][430]LogSavePackage: Moving 'E:/F盘/上传官网/su-z2/Dormitory/Saved/SM_Cup_0341B092B446ADD61C444F91A2CAAE9F14.tmp' to 'E:/F盘/上传官网/su-z2/Dormitory/Content/Dormitory/Mesh/SM_Cup_03.uasset'
[2026.02.11-02.17.18:611][430]Cmd: OBJ SAVEPACKAGE PACKAGE="/Game/Dormitory/Mesh/SM_Cup_04" FILE="E:/F盘/上传官网/su-z2/Dormitory/Content/Dormitory/Mesh/SM_Cup_04.uasset" SILENT=true
[2026.02.11-02.17.18:650][430]LogSavePackage: Moving 'E:/F盘/上传官网/su-z2/Dormitory/Saved/SM_Cup_04E862514840717FBE58E24DBA1FD10607.tmp' to 'E:/F盘/上传官网/su-z2/Dormitory/Content/Dormitory/Mesh/SM_Cup_04.uasset'
[2026.02.11-02.17.18:664][430]Cmd: OBJ SAVEPACKAGE PACKAGE="/Game/Dormitory/Material/MI_Black_SmoothMetal" FILE="E:/F盘/上传官网/su-z2/Dormitory/Content/Dormitory/Material/MI_Black_SmoothMetal.uasset" SILENT=true
[2026.02.11-02.17.18:668][430]LogSavePackage: Moving 'E:/F盘/上传官网/su-z2/Dormitory/Saved/MI_Black_SmoothMetalE3E6478D47A3BDDC77A793846EBED9CD.tmp' to 'E:/F盘/上传官网/su-z2/Dormitory/Content/Dormitory/Material/MI_Black_SmoothMetal.uasset'
[2026.02.11-02.17.18:673][430]Cmd: OBJ SAVEPACKAGE PACKAGE="/Game/Dormitory/Texture/T_Curtain_BaseColor" FILE="E:/F盘/上传官网/su-z2/Dormitory/Content/Dormitory/Texture/T_Curtain_BaseColor.uasset" SILENT=true
[2026.02.11-02.17.18:693][430]LogSavePackage: Moving 'E:/F盘/上传官网/su-z2/Dormitory/Saved/T_Curtain_BaseColorF7026AD544089481D90FE39A5C0DFA8D.tmp' to 'E:/F盘/上传官网/su-z2/Dormitory/Content/Dormitory/Texture/T_Curtain_BaseColor.uasset'
[2026.02.11-02.17.18:698][430]Cmd: OBJ SAVEPACKAGE PACKAGE="/Game/Dormitory/Texture/T_Curtain_Normal" FILE="E:/F盘/上传官网/su-z2/Dormitory/Content/Dormitory/Texture/T_Curtain_Normal.uasset" SILENT=true
[2026.02.11-02.17.18:722][430]LogSavePackage: Moving 'E:/F盘/上传官网/su-z2/Dormitory/Saved/T_Curtain_NormalD1DD0A0B4FF85085809058908BCFD677.tmp' to 'E:/F盘/上传官网/su-z2/Dormitory/Content/Dormitory/Texture/T_Curtain_Normal.uasset'
[2026.02.11-02.17.18:739][430]Cmd: OBJ SAVEPACKAGE PACKAGE="/Game/Dormitory/Mesh/MI_Curtain" FILE="E:/F盘/上传官网/su-z2/Dormitory/Content/Dormitory/Mesh/MI_Curtain.uasset" SILENT=true
[2026.02.11-02.17.18:744][430]LogSavePackage: Moving 'E:/F盘/上传官网/su-z2/Dormitory/Saved/MI_Curtain0226146B479A6D94812EA2BC2C00BFEF.tmp' to 'E:/F盘/上传官网/su-z2/Dormitory/Content/Dormitory/Mesh/MI_Curtain.uasset'
[2026.02.11-02.17.18:767][430]Cmd: OBJ SAVEPACKAGE PACKAGE="/Game/Dormitory/Mesh/SM_Curtain_01" FILE="E:/F盘/上传官网/su-z2/Dormitory/Content/Dormitory/Mesh/SM_Curtain_01.uasset" SILENT=true
[2026.02.11-02.17.19:349][430]LogSavePackage: Moving 'E:/F盘/上传官网/su-z2/Dormitory/Saved/SM_Curtain_01D6AE01C041CC85D5F8E65292309A529A.tmp' to 'E:/F盘/上传官网/su-z2/Dormitory/Content/Dormitory/Mesh/SM_Curtain_01.uasset'
[2026.02.11-02.17.19:380][430]Cmd: OBJ SAVEPACKAGE PACKAGE="/Game/Dormitory/Mesh/SM_Curtain_02" FILE="E:/F盘/上传官网/su-z2/Dormitory/Content/Dormitory/Mesh/SM_Curtain_02.uasset" SILENT=true
[2026.02.11-02.17.19:832][430]LogSavePackage: Moving 'E:/F盘/上传官网/su-z2/Dormitory/Saved/SM_Curtain_02D507CF4540B58918CF761AB2D802FB8C.tmp' to 'E:/F盘/上传官网/su-z2/Dormitory/Content/Dormitory/Mesh/SM_Curtain_02.uasset'
[2026.02.11-02.17.19:837][430]Cmd: OBJ SAVEPACKAGE PACKAGE="/Game/Dormitory/Texture/T_d47" FILE="E:/F盘/上传官网/su-z2/Dormitory/Content/Dormitory/Texture/T_d47.uasset" SILENT=true
[2026.02.11-02.17.19:852][430]LogSavePackage: Moving 'E:/F盘/上传官网/su-z2/Dormitory/Saved/T_d4715ECC5844D30E4B23A829AB650A2C518.tmp' to 'E:/F盘/上传官网/su-z2/Dormitory/Content/Dormitory/Texture/T_d47.uasset'
[2026.02.11-02.17.19:875][430]Cmd: OBJ SAVEPACKAGE PACKAGE="/Game/Dormitory/Material/MI_Deco_64" FILE="E:/F盘/上传官网/su-z2/Dormitory/Content/Dormitory/Material/MI_Deco_64.uasset" SILENT=true
[2026.02.11-02.17.19:879][430]LogSavePackage: Moving 'E:/F盘/上传官网/su-z2/Dormitory/Saved/MI_Deco_64F85A2BF54154F23E6085C7852BFB8100.tmp' to 'E:/F盘/上传官网/su-z2/Dormitory/Content/Dormitory/Material/MI_Deco_64.uasset'
[2026.02.11-02.17.19:896][430]Cmd: OBJ SAVEPACKAGE PACKAGE="/Game/Dormitory/Mesh/SM_Deco_01" FILE="E:/F盘/上传官网/su-z2/Dormitory/Content/Dormitory/Mesh/SM_Deco_01.uasset" SILENT=true
[2026.02.11-02.17.19:921][430]LogSavePackage: Moving 'E:/F盘/上传官网/su-z2/Dormitory/Saved/SM_Deco_01C202D5B049FC5B148B22148B935098EE.tmp' to 'E:/F盘/上传官网/su-z2/Dormitory/Content/Dormitory/Mesh/SM_Deco_01.uasset'
[2026.02.11-02.17.19:936][430]Cmd: OBJ SAVEPACKAGE PACKAGE="/Game/Dormitory/Material/MI_Copper" FILE="E:/F盘/上传官网/su-z2/Dormitory/Content/Dormitory/Material/MI_Copper.uasset" SILENT=true
[2026.02.11-02.17.19:940][430]LogSavePackage: Moving 'E:/F盘/上传官网/su-z2/Dormitory/Saved/MI_Copper292FEB2F48A55F779ABEBFBE38C8C45A.tmp' to 'E:/F盘/上传官网/su-z2/Dormitory/Content/Dormitory/Material/MI_Copper.uasset'
[2026.02.11-02.17.19:945][430]Cmd: OBJ SAVEPACKAGE PACKAGE="/Game/Dormitory/Texture/T_d38" FILE="E:/F盘/上传官网/su-z2/Dormitory/Content/Dormitory/Texture/T_d38.uasset" SILENT=true
[2026.02.11-02.17.19:947][430]LogSavePackage: Moving 'E:/F盘/上传官网/su-z2/Dormitory/Saved/T_d3803663A2B47F14D3EE53344B4EBD86E93.tmp' to 'E:/F盘/上传官网/su-z2/Dormitory/Content/Dormitory/Texture/T_d38.uasset'
[2026.02.11-02.17.19:965][430]Cmd: OBJ SAVEPACKAGE PACKAGE="/Game/Dormitory/Material/MI_Deco_48" FILE="E:/F盘/上传官网/su-z2/Dormitory/Content/Dormitory/Material/MI_Deco_48.uasset" SILENT=true
[2026.02.11-02.17.19:969][430]LogSavePackage: Moving 'E:/F盘/上传官网/su-z2/Dormitory/Saved/MI_Deco_483FEB7B1C41315A2AB50EC596BE3A93CD.tmp' to 'E:/F盘/上传官网/su-z2/Dormitory/Content/Dormitory/Material/MI_Deco_48.uasset'
[2026.02.11-02.17.19:977][430]Cmd: OBJ SAVEPACKAGE PACKAGE="/Game/Dormitory/Texture/T_d39" FILE="E:/F盘/上传官网/su-z2/Dormitory/Content/Dormitory/Texture/T_d39.uasset" SILENT=true
[2026.02.11-02.17.19:980][430]LogSavePackage: Moving 'E:/F盘/上传官网/su-z2/Dormitory/Saved/T_d39AB43D6AD45E92E4847CE17A72883EA80.tmp' to 'E:/F盘/上传官网/su-z2/Dormitory/Content/Dormitory/Texture/T_d39.uasset'
[2026.02.11-02.17.19:996][430]Cmd: OBJ SAVEPACKAGE PACKAGE="/Game/Dormitory/Material/MI_Deco_49" FILE="E:/F盘/上传官网/su-z2/Dormitory/Content/Dormitory/Material/MI_Deco_49.uasset" SILENT=true
[2026.02.11-02.17.19:999][430]LogSavePackage: Moving 'E:/F盘/上传官网/su-z2/Dormitory/Saved/MI_Deco_49AA6B5FE642131368063C7EA39DEA9F7F.tmp' to 'E:/F盘/上传官网/su-z2/Dormitory/Content/Dormitory/Material/MI_Deco_49.uasset'
[2026.02.11-02.17.20:003][430]Cmd: OBJ SAVEPACKAGE PACKAGE="/Game/Dormitory/Texture/T_d40" FILE="E:/F盘/上传官网/su-z2/Dormitory/Content/Dormitory/Texture/T_d40.uasset" SILENT=true
[2026.02.11-02.17.20:011][430]LogSavePackage: Moving 'E:/F盘/上传官网/su-z2/Dormitory/Saved/T_d406C5A14BE40FE11626F4B47821C5B092C.tmp' to 'E:/F盘/上传官网/su-z2/Dormitory/Content/Dormitory/Texture/T_d40.uasset'
[2026.02.11-02.17.20:028][430]Cmd: OBJ SAVEPACKAGE PACKAGE="/Game/Dormitory/Material/MI_Deco_50" FILE="E:/F盘/上传官网/su-z2/Dormitory/Content/Dormitory/Material/MI_Deco_50.uasset" SILENT=true
[2026.02.11-02.17.20:033][430]LogSavePackage: Moving 'E:/F盘/上传官网/su-z2/Dormitory/Saved/MI_Deco_5082C60FDB456026E4F34F9D906938175A.tmp' to 'E:/F盘/上传官网/su-z2/Dormitory/Content/Dormitory/Material/MI_Deco_50.uasset'
[2026.02.11-02.17.20:050][430]Cmd: OBJ SAVEPACKAGE PACKAGE="/Game/Dormitory/Material/M_Model_Glass" FILE="E:/F盘/上传官网/su-z2/Dormitory/Content/Dormitory/Material/M_Model_Glass.uasset" SILENT=true
[2026.02.11-02.17.20:064][430]LogSavePackage: Moving 'E:/F盘/上传官网/su-z2/Dormitory/Saved/M_Model_Glass795C38C4433742233D2D58BAA1B2E080.tmp' to 'E:/F盘/上传官网/su-z2/Dormitory/Content/Dormitory/Material/M_Model_Glass.uasset'
[2026.02.11-02.17.20:082][430]Cmd: OBJ SAVEPACKAGE PACKAGE="/Game/Dormitory/Material/MI_Glass_Area" FILE="E:/F盘/上传官网/su-z2/Dormitory/Content/Dormitory/Material/MI_Glass_Area.uasset" SILENT=true
[2026.02.11-02.17.20:086][430]LogSavePackage: Moving 'E:/F盘/上传官网/su-z2/Dormitory/Saved/MI_Glass_Area56CA3F65453282D4E10BA281B1E9599A.tmp' to 'E:/F盘/上传官网/su-z2/Dormitory/Content/Dormitory/Material/MI_Glass_Area.uasset'
[2026.02.11-02.17.20:102][430]Cmd: OBJ SAVEPACKAGE PACKAGE="/Game/Dormitory/Material/MI_Gray_SmoothMetal" FILE="E:/F盘/上传官网/su-z2/Dormitory/Content/Dormitory/Material/MI_Gray_SmoothMetal.uasset" SILENT=true
[2026.02.11-02.17.20:105][430]LogSavePackage: Moving 'E:/F盘/上传官网/su-z2/Dormitory/Saved/MI_Gray_SmoothMetal8B06E6584697450ABC4D79B1F5264BBF.tmp' to 'E:/F盘/上传官网/su-z2/Dormitory/Content/Dormitory/Material/MI_Gray_SmoothMetal.uasset'
[2026.02.11-02.17.20:123][430]Cmd: OBJ SAVEPACKAGE PACKAGE="/Game/Dormitory/Mesh/SM_Deco_02" FILE="E:/F盘/上传官网/su-z2/Dormitory/Content/Dormitory/Mesh/SM_Deco_02.uasset" SILENT=true
[2026.02.11-02.17.20:268][430]LogSavePackage: Moving 'E:/F盘/上传官网/su-z2/Dormitory/Saved/SM_Deco_025A8F58FF413257B45915D694E450859B.tmp' to 'E:/F盘/上传官网/su-z2/Dormitory/Content/Dormitory/Mesh/SM_Deco_02.uasset'
[2026.02.11-02.17.20:272][430]Cmd: OBJ SAVEPACKAGE PACKAGE="/Game/Dormitory/Texture/T_d33" FILE="E:/F盘/上传官网/su-z2/Dormitory/Content/Dormitory/Texture/T_d33.uasset" SILENT=true
[2026.02.11-02.17.20:277][430]LogSavePackage: Moving 'E:/F盘/上传官网/su-z2/Dormitory/Saved/T_d331F33A590422329727F7C0B910278C193.tmp' to 'E:/F盘/上传官网/su-z2/Dormitory/Content/Dormitory/Texture/T_d33.uasset'
[2026.02.11-02.17.20:496][430]Cmd: OBJ SAVEPACKAGE PACKAGE="/Game/Dormitory/Texture/T_d5n" FILE="E:/F盘/上传官网/su-z2/Dormitory/Content/Dormitory/Texture/T_d5n.uasset" SILENT=true
[2026.02.11-02.17.20:531][430]LogSavePackage: Moving 'E:/F盘/上传官网/su-z2/Dormitory/Saved/T_d5n7B1390BC42277955D299CC905E8931F0.tmp' to 'E:/F盘/上传官网/su-z2/Dormitory/Content/Dormitory/Texture/T_d5n.uasset'
[2026.02.11-02.17.20:547][430]Cmd: OBJ SAVEPACKAGE PACKAGE="/Game/Dormitory/Material/MI_Deco_36" FILE="E:/F盘/上传官网/su-z2/Dormitory/Content/Dormitory/Material/MI_Deco_36.uasset" SILENT=true
[2026.02.11-02.17.20:551][430]LogSavePackage: Moving 'E:/F盘/上传官网/su-z2/Dormitory/Saved/MI_Deco_3696C437AB45878B5705497291C79A660C.tmp' to 'E:/F盘/上传官网/su-z2/Dormitory/Content/Dormitory/Material/MI_Deco_36.uasset'
[2026.02.11-02.17.20:556][430]Cmd: OBJ SAVEPACKAGE PACKAGE="/Game/Dormitory/Texture/T_TL0073" FILE="E:/F盘/上传官网/su-z2/Dormitory/Content/Dormitory/Texture/T_TL0073.uasset" SILENT=true
[2026.02.11-02.17.20:559][430]LogSavePackage: Moving 'E:/F盘/上传官网/su-z2/Dormitory/Saved/T_TL00730538DBFD4EB9B34FF22A6CA118F4A9D1.tmp' to 'E:/F盘/上传官网/su-z2/Dormitory/Content/Dormitory/Texture/T_TL0073.uasset'
[2026.02.11-02.17.20:575][430]Cmd: OBJ SAVEPACKAGE PACKAGE="/Game/Dormitory/Material/MI_Deco_47" FILE="E:/F盘/上传官网/su-z2/Dormitory/Content/Dormitory/Material/MI_Deco_47.uasset" SILENT=true
[2026.02.11-02.17.20:578][430]LogSavePackage: Moving 'E:/F盘/上传官网/su-z2/Dormitory/Saved/MI_Deco_47481DE54349AEBAAB398CF1BDA87A6614.tmp' to 'E:/F盘/上传官网/su-z2/Dormitory/Content/Dormitory/Material/MI_Deco_47.uasset'
[2026.02.11-02.17.20:594][430]Cmd: OBJ SAVEPACKAGE PACKAGE="/Game/Dormitory/Material/MI_White_SmoothPlastic" FILE="E:/F盘/上传官网/su-z2/Dormitory/Content/Dormitory/Material/MI_White_SmoothPlastic.uasset" SILENT=true
[2026.02.11-02.17.20:598][430]LogSavePackage: Moving 'E:/F盘/上传官网/su-z2/Dormitory/Saved/MI_White_SmoothPlastic3DFF64B74084C1DE6BBF7FA8D8476C00.tmp' to 'E:/F盘/上传官网/su-z2/Dormitory/Content/Dormitory/Material/MI_White_SmoothPlastic.uasset'
[2026.02.11-02.17.20:614][430]Cmd: OBJ SAVEPACKAGE PACKAGE="/Game/Dormitory/Mesh/SM_Deco_03" FILE="E:/F盘/上传官网/su-z2/Dormitory/Content/Dormitory/Mesh/SM_Deco_03.uasset" SILENT=true
[2026.02.11-02.17.20:697][430]LogSavePackage: Moving 'E:/F盘/上传官网/su-z2/Dormitory/Saved/SM_Deco_03CA047BBC41339EB73085DDB54149A99A.tmp' to 'E:/F盘/上传官网/su-z2/Dormitory/Content/Dormitory/Mesh/SM_Deco_03.uasset'
[2026.02.11-02.17.20:701][430]Cmd: OBJ SAVEPACKAGE PACKAGE="/Game/Dormitory/Texture/T_d34" FILE="E:/F盘/上传官网/su-z2/Dormitory/Content/Dormitory/Texture/T_d34.uasset" SILENT=true
[2026.02.11-02.17.20:717][430]LogSavePackage: Moving 'E:/F盘/上传官网/su-z2/Dormitory/Saved/T_d34A571AE6E42F9CC81D9A590BF151A34CC.tmp' to 'E:/F盘/上传官网/su-z2/Dormitory/Content/Dormitory/Texture/T_d34.uasset'
[2026.02.11-02.17.20:732][430]Cmd: OBJ SAVEPACKAGE PACKAGE="/Game/Dormitory/Material/MI_Deco_38" FILE="E:/F盘/上传官网/su-z2/Dormitory/Content/Dormitory/Material/MI_Deco_38.uasset" SILENT=true
[2026.02.11-02.17.20:736][430]LogSavePackage: Moving 'E:/F盘/上传官网/su-z2/Dormitory/Saved/MI_Deco_38F1F391084191CF7A264BCFA4661CE71F.tmp' to 'E:/F盘/上传官网/su-z2/Dormitory/Content/Dormitory/Material/MI_Deco_38.uasset'
[2026.02.11-02.17.20:741][430]Cmd: OBJ SAVEPACKAGE PACKAGE="/Game/Dormitory/Texture/T_d35" FILE="E:/F盘/上传官网/su-z2/Dormitory/Content/Dormitory/Texture/T_d35.uasset" SILENT=true
[2026.02.11-02.17.20:788][430]LogSavePackage: Moving 'E:/F盘/上传官网/su-z2/Dormitory/Saved/T_d35001732F648B520DF73164B90F646740C.tmp' to 'E:/F盘/上传官网/su-z2/Dormitory/Content/Dormitory/Texture/T_d35.uasset'
[2026.02.11-02.17.20:805][430]Cmd: OBJ SAVEPACKAGE PACKAGE="/Game/Dormitory/Material/MI_Deco_39" FILE="E:/F盘/上传官网/su-z2/Dormitory/Content/Dormitory/Material/MI_Deco_39.uasset" SILENT=true
[2026.02.11-02.17.20:809][430]LogSavePackage: Moving 'E:/F盘/上传官网/su-z2/Dormitory/Saved/MI_Deco_391DB9F91C4E6639D3B12B4BBE3A50C573.tmp' to 'E:/F盘/上传官网/su-z2/Dormitory/Content/Dormitory/Material/MI_Deco_39.uasset'
[2026.02.11-02.17.20:813][430]Cmd: OBJ SAVEPACKAGE PACKAGE="/Game/Dormitory/Texture/T_d37" FILE="E:/F盘/上传官网/su-z2/Dormitory/Content/Dormitory/Texture/T_d37.uasset" SILENT=true
[2026.02.11-02.17.20:830][430]LogSavePackage: Moving 'E:/F盘/上传官网/su-z2/Dormitory/Saved/T_d37E653741D45EC2D5724103BB360E05F44.tmp' to 'E:/F盘/上传官网/su-z2/Dormitory/Content/Dormitory/Texture/T_d37.uasset'
[2026.02.11-02.17.20:845][430]Cmd: OBJ SAVEPACKAGE PACKAGE="/Game/Dormitory/Material/MI_Deco_40" FILE="E:/F盘/上传官网/su-z2/Dormitory/Content/Dormitory/Material/MI_Deco_40.uasset" SILENT=true
[2026.02.11-02.17.20:849][430]LogSavePackage: Moving 'E:/F盘/上传官网/su-z2/Dormitory/Saved/MI_Deco_40868C21C3404C33FD88158D9A6B82B180.tmp' to 'E:/F盘/上传官网/su-z2/Dormitory/Content/Dormitory/Material/MI_Deco_40.uasset'
[2026.02.11-02.17.20:854][430]Cmd: OBJ SAVEPACKAGE PACKAGE="/Game/Dormitory/Texture/T_Wood01_BaseColor" FILE="E:/F盘/上传官网/su-z2/Dormitory/Content/Dormitory/Texture/T_Wood01_BaseColor.uasset" SILENT=true
[2026.02.11-02.17.21:072][430]LogSavePackage: Moving 'E:/F盘/上传官网/su-z2/Dormitory/Saved/T_Wood01_BaseColor207A7B0A4C3AFBBAD39C2285D33A084B.tmp' to 'E:/F盘/上传官网/su-z2/Dormitory/Content/Dormitory/Texture/T_Wood01_BaseColor.uasset'
[2026.02.11-02.17.21:077][430]Cmd: OBJ SAVEPACKAGE PACKAGE="/Game/Dormitory/Texture/T_Wood01_Normal" FILE="E:/F盘/上传官网/su-z2/Dormitory/Content/Dormitory/Texture/T_Wood01_Normal.uasset" SILENT=true
[2026.02.11-02.17.21:138][430]LogSavePackage: Moving 'E:/F盘/上传官网/su-z2/Dormitory/Saved/T_Wood01_NormalB3D4D78443CED262D70042A09F203D2D.tmp' to 'E:/F盘/上传官网/su-z2/Dormitory/Content/Dormitory/Texture/T_Wood01_Normal.uasset'
[2026.02.11-02.17.21:154][430]Cmd: OBJ SAVEPACKAGE PACKAGE="/Game/Dormitory/Material/MI_Wood01" FILE="E:/F盘/上传官网/su-z2/Dormitory/Content/Dormitory/Material/MI_Wood01.uasset" SILENT=true
[2026.02.11-02.17.21:160][430]LogSavePackage: Moving 'E:/F盘/上传官网/su-z2/Dormitory/Saved/MI_Wood0195C201C6491936BA76D2F7B8DB959925.tmp' to 'E:/F盘/上传官网/su-z2/Dormitory/Content/Dormitory/Material/MI_Wood01.uasset'
[2026.02.11-02.17.21:178][430]Cmd: OBJ SAVEPACKAGE PACKAGE="/Game/Dormitory/Mesh/SM_Deco_04" FILE="E:/F盘/上传官网/su-z2/Dormitory/Content/Dormitory/Mesh/SM_Deco_04.uasset" SILENT=true
[2026.02.11-02.17.21:578][430]LogSavePackage: Moving 'E:/F盘/上传官网/su-z2/Dormitory/Saved/SM_Deco_04D20CEC604FAA20BD14F7C88622D3FE00.tmp' to 'E:/F盘/上传官网/su-z2/Dormitory/Content/Dormitory/Mesh/SM_Deco_04.uasset'
[2026.02.11-02.17.21:594][430]Cmd: OBJ SAVEPACKAGE PACKAGE="/Game/Dormitory/Material/MI_Black_FrostPlastic" FILE="E:/F盘/上传官网/su-z2/Dormitory/Content/Dormitory/Material/MI_Black_FrostPlastic.uasset" SILENT=true
[2026.02.11-02.17.21:599][430]LogSavePackage: Moving 'E:/F盘/上传官网/su-z2/Dormitory/Saved/MI_Black_FrostPlastic4441DB354F3E5426019F8E96307721F3.tmp' to 'E:/F盘/上传官网/su-z2/Dormitory/Content/Dormitory/Material/MI_Black_FrostPlastic.uasset'
[2026.02.11-02.17.21:618][430]Cmd: OBJ SAVEPACKAGE PACKAGE="/Game/Dormitory/Mesh/SM_Deco_05" FILE="E:/F盘/上传官网/su-z2/Dormitory/Content/Dormitory/Mesh/SM_Deco_05.uasset" SILENT=true
[2026.02.11-02.17.21:733][430]LogSavePackage: Moving 'E:/F盘/上传官网/su-z2/Dormitory/Saved/SM_Deco_057037659F45EE7DF289316598565AB1EA.tmp' to 'E:/F盘/上传官网/su-z2/Dormitory/Content/Dormitory/Mesh/SM_Deco_05.uasset'
[2026.02.11-02.17.21:747][430]Cmd: OBJ SAVEPACKAGE PACKAGE="/Game/Dormitory/Material/MI_Deco_190" FILE="E:/F盘/上传官网/su-z2/Dormitory/Content/Dormitory/Material/MI_Deco_190.uasset" SILENT=true
[2026.02.11-02.17.21:751][430]LogSavePackage: Moving 'E:/F盘/上传官网/su-z2/Dormitory/Saved/MI_Deco_19023D47434443F3CDF38806080C30244E9.tmp' to 'E:/F盘/上传官网/su-z2/Dormitory/Content/Dormitory/Material/MI_Deco_190.uasset'
[2026.02.11-02.17.21:765][430]Cmd: OBJ SAVEPACKAGE PACKAGE="/Game/Dormitory/Material/MI_Light" FILE="E:/F盘/上传官网/su-z2/Dormitory/Content/Dormitory/Material/MI_Light.uasset" SILENT=true
[2026.02.11-02.17.21:769][430]LogSavePackage: Moving 'E:/F盘/上传官网/su-z2/Dormitory/Saved/MI_Light807056144B692DF229226D935EF378BE.tmp' to 'E:/F盘/上传官网/su-z2/Dormitory/Content/Dormitory/Material/MI_Light.uasset'
[2026.02.11-02.17.21:784][430]Cmd: OBJ SAVEPACKAGE PACKAGE="/Game/Dormitory/Mesh/M_Model_Glass_Demo" FILE="E:/F盘/上传官网/su-z2/Dormitory/Content/Dormitory/Mesh/M_Model_Glass_Demo.uasset" SILENT=true
[2026.02.11-02.17.21:795][430]LogSavePackage: Moving 'E:/F盘/上传官网/su-z2/Dormitory/Saved/M_Model_Glass_DemoA0AC0ABD4AB7184ABCE32283504C0F43.tmp' to 'E:/F盘/上传官网/su-z2/Dormitory/Content/Dormitory/Mesh/M_Model_Glass_Demo.uasset'
[2026.02.11-02.17.21:815][430]Cmd: OBJ SAVEPACKAGE PACKAGE="/Game/Dormitory/Mesh/MI_Window_Glass" FILE="E:/F盘/上传官网/su-z2/Dormitory/Content/Dormitory/Mesh/MI_Window_Glass.uasset" SILENT=true
[2026.02.11-02.17.21:819][430]LogSavePackage: Moving 'E:/F盘/上传官网/su-z2/Dormitory/Saved/MI_Window_GlassDF0B2D6C43C8BC5D61A9738AA3BE2D28.tmp' to 'E:/F盘/上传官网/su-z2/Dormitory/Content/Dormitory/Mesh/MI_Window_Glass.uasset'
[2026.02.11-02.17.21:875][430]Cmd: OBJ SAVEPACKAGE PACKAGE="/Game/Dormitory/Mesh/SM_Deco_06" FILE="E:/F盘/上传官网/su-z2/Dormitory/Content/Dormitory/Mesh/SM_Deco_06.uasset" SILENT=true
[2026.02.11-02.17.26:166][430]LogSavePackage: Moving 'E:/F盘/上传官网/su-z2/Dormitory/Saved/SM_Deco_0658DE6D6B40AE9DC6F7DBF2B033E7AD77.tmp' to 'E:/F盘/上传官网/su-z2/Dormitory/Content/Dormitory/Mesh/SM_Deco_06.uasset'
[2026.02.11-02.17.26:185][430]Cmd: OBJ SAVEPACKAGE PACKAGE="/Game/Dormitory/Mesh/SM_Deco_08" FILE="E:/F盘/上传官网/su-z2/Dormitory/Content/Dormitory/Mesh/SM_Deco_08.uasset" SILENT=true
[2026.02.11-02.17.26:247][430]LogSavePackage: Moving 'E:/F盘/上传官网/su-z2/Dormitory/Saved/SM_Deco_087C8CEABC40238345C88BEDB046178202.tmp' to 'E:/F盘/上传官网/su-z2/Dormitory/Content/Dormitory/Mesh/SM_Deco_08.uasset'
[2026.02.11-02.17.26:278][430]Cmd: OBJ SAVEPACKAGE PACKAGE="/Game/Dormitory/Material/MI_Deco_52" FILE="E:/F盘/上传官网/su-z2/Dormitory/Content/Dormitory/Material/MI_Deco_52.uasset" SILENT=true
[2026.02.11-02.17.26:283][430]LogSavePackage: Moving 'E:/F盘/上传官网/su-z2/Dormitory/Saved/MI_Deco_521E31D13140CE7B5E591EA18C2685CA68.tmp' to 'E:/F盘/上传官网/su-z2/Dormitory/Content/Dormitory/Material/MI_Deco_52.uasset'
[2026.02.11-02.17.26:316][430]Cmd: OBJ SAVEPACKAGE PACKAGE="/Game/Dormitory/Mesh/SM_Deco_09" FILE="E:/F盘/上传官网/su-z2/Dormitory/Content/Dormitory/Mesh/SM_Deco_09.uasset" SILENT=true
[2026.02.11-02.17.27:098][430]LogSavePackage: Moving 'E:/F盘/上传官网/su-z2/Dormitory/Saved/SM_Deco_0906A9F5E44645A92287B162A9918D82FD.tmp' to 'E:/F盘/上传官网/su-z2/Dormitory/Content/Dormitory/Mesh/SM_Deco_09.uasset'
[2026.02.11-02.17.27:128][430]Cmd: OBJ SAVEPACKAGE PACKAGE="/Game/Dormitory/Material/MI_Deco_55" FILE="E:/F盘/上传官网/su-z2/Dormitory/Content/Dormitory/Material/MI_Deco_55.uasset" SILENT=true
[2026.02.11-02.17.27:132][430]LogSavePackage: Moving 'E:/F盘/上传官网/su-z2/Dormitory/Saved/MI_Deco_558601657D453A073BBE4E49BF0B532359.tmp' to 'E:/F盘/上传官网/su-z2/Dormitory/Content/Dormitory/Material/MI_Deco_55.uasset'
[2026.02.11-02.17.27:148][430]Cmd: OBJ SAVEPACKAGE PACKAGE="/Game/Dormitory/Mesh/SM_Deco_10" FILE="E:/F盘/上传官网/su-z2/Dormitory/Content/Dormitory/Mesh/SM_Deco_10.uasset" SILENT=true
[2026.02.11-02.17.27:157][430]LogSavePackage: Moving 'E:/F盘/上传官网/su-z2/Dormitory/Saved/SM_Deco_1019D92DB04E307947A8BC8E84D9B617F7.tmp' to 'E:/F盘/上传官网/su-z2/Dormitory/Content/Dormitory/Mesh/SM_Deco_10.uasset'
[2026.02.11-02.17.27:177][430]Cmd: OBJ SAVEPACKAGE PACKAGE="/Game/Dormitory/Material/MI_Deco_19" FILE="E:/F盘/上传官网/su-z2/Dormitory/Content/Dormitory/Material/MI_Deco_19.uasset" SILENT=true
[2026.02.11-02.17.27:181][430]LogSavePackage: Moving 'E:/F盘/上传官网/su-z2/Dormitory/Saved/MI_Deco_19E4E8EF3043508FAB2B15F885CDA7AADA.tmp' to 'E:/F盘/上传官网/su-z2/Dormitory/Content/Dormitory/Material/MI_Deco_19.uasset'
[2026.02.11-02.17.27:186][430]Cmd: OBJ SAVEPACKAGE PACKAGE="/Game/Dormitory/Texture/T_d50" FILE="E:/F盘/上传官网/su-z2/Dormitory/Content/Dormitory/Texture/T_d50.uasset" SILENT=true
[2026.02.11-02.17.27:189][430]LogSavePackage: Moving 'E:/F盘/上传官网/su-z2/Dormitory/Saved/T_d50127B385C4AD2BEFC968C0F9576BDA1E7.tmp' to 'E:/F盘/上传官网/su-z2/Dormitory/Content/Dormitory/Texture/T_d50.uasset'
[2026.02.11-02.17.27:209][430]Cmd: OBJ SAVEPACKAGE PACKAGE="/Game/Dormitory/Material/MI_Deco_68" FILE="E:/F盘/上传官网/su-z2/Dormitory/Content/Dormitory/Material/MI_Deco_68.uasset" SILENT=true
[2026.02.11-02.17.27:213][430]LogSavePackage: Moving 'E:/F盘/上传官网/su-z2/Dormitory/Saved/MI_Deco_686241BD65454CE012241AE796F65AF72B.tmp' to 'E:/F盘/上传官网/su-z2/Dormitory/Content/Dormitory/Material/MI_Deco_68.uasset'
[2026.02.11-02.17.27:232][430]Cmd: OBJ SAVEPACKAGE PACKAGE="/Game/Dormitory/Mesh/SM_Deco_11" FILE="E:/F盘/上传官网/su-z2/Dormitory/Content/Dormitory/Mesh/SM_Deco_11.uasset" SILENT=true
[2026.02.11-02.17.27:273][430]LogSavePackage: Moving 'E:/F盘/上传官网/su-z2/Dormitory/Saved/SM_Deco_110E7DBB6A4EA97BF0C2A77484E5DD8A51.tmp' to 'E:/F盘/上传官网/su-z2/Dormitory/Content/Dormitory/Mesh/SM_Deco_11.uasset'
[2026.02.11-02.17.27:293][430]Cmd: OBJ SAVEPACKAGE PACKAGE="/Game/Dormitory/Material/MI_Deco_70" FILE="E:/F盘/上传官网/su-z2/Dormitory/Content/Dormitory/Material/MI_Deco_70.uasset" SILENT=true
[2026.02.11-02.17.27:302][430]LogSavePackage: Moving 'E:/F盘/上传官网/su-z2/Dormitory/Saved/MI_Deco_7010505B59462128E9ACA5F0AB653D22B9.tmp' to 'E:/F盘/上传官网/su-z2/Dormitory/Content/Dormitory/Material/MI_Deco_70.uasset'
[2026.02.11-02.17.27:331][430]Cmd: OBJ SAVEPACKAGE PACKAGE="/Game/Dormitory/Mesh/SM_Deco_12" FILE="E:/F盘/上传官网/su-z2/Dormitory/Content/Dormitory/Mesh/SM_Deco_12.uasset" SILENT=true
[2026.02.11-02.17.27:377][430]LogSavePackage: Moving 'E:/F盘/上传官网/su-z2/Dormitory/Saved/SM_Deco_12BD5BA2AB41EBF5721AC9D38A50553EEC.tmp' to 'E:/F盘/上传官网/su-z2/Dormitory/Content/Dormitory/Mesh/SM_Deco_12.uasset'
[2026.02.11-02.17.27:383][430]Cmd: OBJ SAVEPACKAGE PACKAGE="/Game/Dormitory/Texture/T_Cloth04_BaseColor" FILE="E:/F盘/上传官网/su-z2/Dormitory/Content/Dormitory/Texture/T_Cloth04_BaseColor.uasset" SILENT=true
[2026.02.11-02.17.27:441][430]LogSavePackage: Moving 'E:/F盘/上传官网/su-z2/Dormitory/Saved/T_Cloth04_BaseColorFFAA6D5B4AD127927CF4D0B4E68C02DE.tmp' to 'E:/F盘/上传官网/su-z2/Dormitory/Content/Dormitory/Texture/T_Cloth04_BaseColor.uasset'
[2026.02.11-02.17.27:447][430]Cmd: OBJ SAVEPACKAGE PACKAGE="/Game/Dormitory/Texture/T_Cloth04_Normal" FILE="E:/F盘/上传官网/su-z2/Dormitory/Content/Dormitory/Texture/T_Cloth04_Normal.uasset" SILENT=true
[2026.02.11-02.17.27:514][430]LogSavePackage: Moving 'E:/F盘/上传官网/su-z2/Dormitory/Saved/T_Cloth04_Normal38259D7D4E861859BF9DC39DB3E5F115.tmp' to 'E:/F盘/上传官网/su-z2/Dormitory/Content/Dormitory/Texture/T_Cloth04_Normal.uasset'
[2026.02.11-02.17.27:543][430]Cmd: OBJ SAVEPACKAGE PACKAGE="/Game/Dormitory/Material/MI_Cloth04" FILE="E:/F盘/上传官网/su-z2/Dormitory/Content/Dormitory/Material/MI_Cloth04.uasset" SILENT=true
[2026.02.11-02.17.27:549][430]LogSavePackage: Moving 'E:/F盘/上传官网/su-z2/Dormitory/Saved/MI_Cloth04053AE3DF4330680447CAD3B3E4971C95.tmp' to 'E:/F盘/上传官网/su-z2/Dormitory/Content/Dormitory/Material/MI_Cloth04.uasset'
[2026.02.11-02.17.27:577][430]Cmd: OBJ SAVEPACKAGE PACKAGE="/Game/Dormitory/Mesh/SM_Deco_13" FILE="E:/F盘/上传官网/su-z2/Dormitory/Content/Dormitory/Mesh/SM_Deco_13.uasset" SILENT=true
[2026.02.11-02.17.28:006][430]LogSavePackage: Moving 'E:/F盘/上传官网/su-z2/Dormitory/Saved/SM_Deco_132DB0C7424BEA299AA4006BA15520B127.tmp' to 'E:/F盘/上传官网/su-z2/Dormitory/Content/Dormitory/Mesh/SM_Deco_13.uasset'
[2026.02.11-02.17.28:036][430]Cmd: OBJ SAVEPACKAGE PACKAGE="/Game/Dormitory/Mesh/SM_Deco_14" FILE="E:/F盘/上传官网/su-z2/Dormitory/Content/Dormitory/Mesh/SM_Deco_14.uasset" SILENT=true
[2026.02.11-02.17.28:048][430]LogSavePackage: Moving 'E:/F盘/上传官网/su-z2/Dormitory/Saved/SM_Deco_144E34CD2D4661EAD7ACC8E1BD34D8568A.tmp' to 'E:/F盘/上传官网/su-z2/Dormitory/Content/Dormitory/Mesh/SM_Deco_14.uasset'
[2026.02.11-02.17.28:066][430]Cmd: OBJ SAVEPACKAGE PACKAGE="/Game/Dormitory/Mesh/SM_Deco_15" FILE="E:/F盘/上传官网/su-z2/Dormitory/Content/Dormitory/Mesh/SM_Deco_15.uasset" SILENT=true
[2026.02.11-02.17.28:078][430]LogSavePackage: Moving 'E:/F盘/上传官网/su-z2/Dormitory/Saved/SM_Deco_15D3EC604A40C8FCA2961684887734773B.tmp' to 'E:/F盘/上传官网/su-z2/Dormitory/Content/Dormitory/Mesh/SM_Deco_15.uasset'
[2026.02.11-02.17.28:102][430]Cmd: OBJ SAVEPACKAGE PACKAGE="/Game/Dormitory/Mesh/SM_Deco_16" FILE="E:/F盘/上传官网/su-z2/Dormitory/Content/Dormitory/Mesh/SM_Deco_16.uasset" SILENT=true
[2026.02.11-02.17.28:115][430]LogSavePackage: Moving 'E:/F盘/上传官网/su-z2/Dormitory/Saved/SM_Deco_163D3617A346D2D01B63B90C9AF0B0EBCF.tmp' to 'E:/F盘/上传官网/su-z2/Dormitory/Content/Dormitory/Mesh/SM_Deco_16.uasset'
[2026.02.11-02.17.28:135][430]Cmd: OBJ SAVEPACKAGE PACKAGE="/Game/Dormitory/Mesh/SM_Deco_17" FILE="E:/F盘/上传官网/su-z2/Dormitory/Content/Dormitory/Mesh/SM_Deco_17.uasset" SILENT=true
[2026.02.11-02.17.28:149][430]LogSavePackage: Moving 'E:/F盘/上传官网/su-z2/Dormitory/Saved/SM_Deco_17A723AE4E4971CC41078A18BF8A2AC17F.tmp' to 'E:/F盘/上传官网/su-z2/Dormitory/Content/Dormitory/Mesh/SM_Deco_17.uasset'
[2026.02.11-02.17.28:167][430]Cmd: OBJ SAVEPACKAGE PACKAGE="/Game/Dormitory/Material/MI_Deco_67" FILE="E:/F盘/上传官网/su-z2/Dormitory/Content/Dormitory/Material/MI_Deco_67.uasset" SILENT=true
[2026.02.11-02.17.28:171][430]LogSavePackage: Moving 'E:/F盘/上传官网/su-z2/Dormitory/Saved/MI_Deco_670EAB57924FFD6E4CF5B68BA0FFD860BB.tmp' to 'E:/F盘/上传官网/su-z2/Dormitory/Content/Dormitory/Material/MI_Deco_67.uasset'
[2026.02.11-02.17.28:195][430]Cmd: OBJ SAVEPACKAGE PACKAGE="/Game/Dormitory/Mesh/SM_Deco_18" FILE="E:/F盘/上传官网/su-z2/Dormitory/Content/Dormitory/Mesh/SM_Deco_18.uasset" SILENT=true
[2026.02.11-02.17.28:448][430]LogSavePackage: Moving 'E:/F盘/上传官网/su-z2/Dormitory/Saved/SM_Deco_184936378D43D3C14007C1CD9FF64697AE.tmp' to 'E:/F盘/上传官网/su-z2/Dormitory/Content/Dormitory/Mesh/SM_Deco_18.uasset'
[2026.02.11-02.17.28:467][430]Cmd: OBJ SAVEPACKAGE PACKAGE="/Game/Dormitory/Material/MI_Deco_63" FILE="E:/F盘/上传官网/su-z2/Dormitory/Content/Dormitory/Material/MI_Deco_63.uasset" SILENT=true
[2026.02.11-02.17.28:472][430]LogSavePackage: Moving 'E:/F盘/上传官网/su-z2/Dormitory/Saved/MI_Deco_6345692ACD466C93FE6CA093B2A2E4CE3A.tmp' to 'E:/F盘/上传官网/su-z2/Dormitory/Content/Dormitory/Material/MI_Deco_63.uasset'
[2026.02.11-02.17.28:498][430]Cmd: OBJ SAVEPACKAGE PACKAGE="/Game/Dormitory/Material/MI_Gold_SmoothMetal" FILE="E:/F盘/上传官网/su-z2/Dormitory/Content/Dormitory/Material/MI_Gold_SmoothMetal.uasset" SILENT=true
[2026.02.11-02.17.28:502][430]LogSavePackage: Moving 'E:/F盘/上传官网/su-z2/Dormitory/Saved/MI_Gold_SmoothMetalED2E05BD47DCB070E96A0A87E5FCACF7.tmp' to 'E:/F盘/上传官网/su-z2/Dormitory/Content/Dormitory/Material/MI_Gold_SmoothMetal.uasset'
[2026.02.11-02.17.28:522][430]Cmd: OBJ SAVEPACKAGE PACKAGE="/Game/Dormitory/Mesh/SM_Door_01" FILE="E:/F盘/上传官网/su-z2/Dormitory/Content/Dormitory/Mesh/SM_Door_01.uasset" SILENT=true
[2026.02.11-02.17.28:618][430]LogSavePackage: Moving 'E:/F盘/上传官网/su-z2/Dormitory/Saved/SM_Door_01EBD74A4C47510A0D4CA7C58A7D7C0B9D.tmp' to 'E:/F盘/上传官网/su-z2/Dormitory/Content/Dormitory/Mesh/SM_Door_01.uasset'
[2026.02.11-02.17.28:638][430]Cmd: OBJ SAVEPACKAGE PACKAGE="/Game/Dormitory/Mesh/SM_Door_02" FILE="E:/F盘/上传官网/su-z2/Dormitory/Content/Dormitory/Mesh/SM_Door_02.uasset" SILENT=true
[2026.02.11-02.17.28:648][430]LogSavePackage: Moving 'E:/F盘/上传官网/su-z2/Dormitory/Saved/SM_Door_0237BEC96649C7DE406FEC23A20B1F21A5.tmp' to 'E:/F盘/上传官网/su-z2/Dormitory/Content/Dormitory/Mesh/SM_Door_02.uasset'
[2026.02.11-02.17.28:667][430]Cmd: OBJ SAVEPACKAGE PACKAGE="/Game/Dormitory/Mesh/SM_Floor_01" FILE="E:/F盘/上传官网/su-z2/Dormitory/Content/Dormitory/Mesh/SM_Floor_01.uasset" SILENT=true
[2026.02.11-02.17.28:672][430]LogSavePackage: Moving 'E:/F盘/上传官网/su-z2/Dormitory/Saved/SM_Floor_01E105D2F04484E801333C429B76D71DF1.tmp' to 'E:/F盘/上传官网/su-z2/Dormitory/Content/Dormitory/Mesh/SM_Floor_01.uasset'
[2026.02.11-02.17.28:678][430]Cmd: OBJ SAVEPACKAGE PACKAGE="/Game/Dormitory/Texture/T_d15" FILE="E:/F盘/上传官网/su-z2/Dormitory/Content/Dormitory/Texture/T_d15.uasset" SILENT=true
[2026.02.11-02.17.28:687][430]LogSavePackage: Moving 'E:/F盘/上传官网/su-z2/Dormitory/Saved/T_d158F4F1C604EEFDC07D4817A961E33818A.tmp' to 'E:/F盘/上传官网/su-z2/Dormitory/Content/Dormitory/Texture/T_d15.uasset'
[2026.02.11-02.17.28:707][430]Cmd: OBJ SAVEPACKAGE PACKAGE="/Game/Dormitory/Material/MI_Deco_20" FILE="E:/F盘/上传官网/su-z2/Dormitory/Content/Dormitory/Material/MI_Deco_20.uasset" SILENT=true
[2026.02.11-02.17.28:712][430]LogSavePackage: Moving 'E:/F盘/上传官网/su-z2/Dormitory/Saved/MI_Deco_20E4B6409741435AB7F9A67BBC1BF1AAE2.tmp' to 'E:/F盘/上传官网/su-z2/Dormitory/Content/Dormitory/Material/MI_Deco_20.uasset'
[2026.02.11-02.17.28:714][430]Cmd: OBJ SAVEPACKAGE PACKAGE="/Game/Dormitory/Texture/T_d16" FILE="E:/F盘/上传官网/su-z2/Dormitory/Content/Dormitory/Texture/T_d16.uasset" SILENT=true
[2026.02.11-02.17.28:718][430]LogSavePackage: Moving 'E:/F盘/上传官网/su-z2/Dormitory/Saved/T_d16FBC0E7EE4256F1DB95DA53B30B9AE4CC.tmp' to 'E:/F盘/上传官网/su-z2/Dormitory/Content/Dormitory/Texture/T_d16.uasset'
[2026.02.11-02.17.28:737][430]Cmd: OBJ SAVEPACKAGE PACKAGE="/Game/Dormitory/Material/MI_Deco_21" FILE="E:/F盘/上传官网/su-z2/Dormitory/Content/Dormitory/Material/MI_Deco_21.uasset" SILENT=true
[2026.02.11-02.17.28:741][430]LogSavePackage: Moving 'E:/F盘/上传官网/su-z2/Dormitory/Saved/MI_Deco_21504DFC4240C493BC3B60BB9B7664336A.tmp' to 'E:/F盘/上传官网/su-z2/Dormitory/Content/Dormitory/Material/MI_Deco_21.uasset'
[2026.02.11-02.17.28:747][430]Cmd: OBJ SAVEPACKAGE PACKAGE="/Game/Dormitory/Texture/T_d18" FILE="E:/F盘/上传官网/su-z2/Dormitory/Content/Dormitory/Texture/T_d18.uasset" SILENT=true
[2026.02.11-02.17.28:825][430]LogSavePackage: Moving 'E:/F盘/上传官网/su-z2/Dormitory/Saved/T_d185767F6AA4BA43D359CD983AE8C42594C.tmp' to 'E:/F盘/上传官网/su-z2/Dormitory/Content/Dormitory/Texture/T_d18.uasset'
[2026.02.11-02.17.28:846][430]Cmd: OBJ SAVEPACKAGE PACKAGE="/Game/Dormitory/Material/MI_Deco_22" FILE="E:/F盘/上传官网/su-z2/Dormitory/Content/Dormitory/Material/MI_Deco_22.uasset" SILENT=true
[2026.02.11-02.17.28:850][430]LogSavePackage: Moving 'E:/F盘/上传官网/su-z2/Dormitory/Saved/MI_Deco_22E11B9A8D43CC4B26A9480CA6007AA92F.tmp' to 'E:/F盘/上传官网/su-z2/Dormitory/Content/Dormitory/Material/MI_Deco_22.uasset'
[2026.02.11-02.17.28:854][430]Cmd: OBJ SAVEPACKAGE PACKAGE="/Game/Dormitory/Texture/T_d17" FILE="E:/F盘/上传官网/su-z2/Dormitory/Content/Dormitory/Texture/T_d17.uasset" SILENT=true
[2026.02.11-02.17.28:865][430]LogSavePackage: Moving 'E:/F盘/上传官网/su-z2/Dormitory/Saved/T_d171EF2CC2F4A075E45DB69E5B966116AC8.tmp' to 'E:/F盘/上传官网/su-z2/Dormitory/Content/Dormitory/Texture/T_d17.uasset'
[2026.02.11-02.17.28:870][430]Cmd: OBJ SAVEPACKAGE PACKAGE="/Game/Dormitory/Texture/T_d3n" FILE="E:/F盘/上传官网/su-z2/Dormitory/Content/Dormitory/Texture/T_d3n.uasset" SILENT=true
[2026.02.11-02.17.28:884][430]LogSavePackage: Moving 'E:/F盘/上传官网/su-z2/Dormitory/Saved/T_d3n6C4A5D0F4CDDEE15E6A3BCB284E44827.tmp' to 'E:/F盘/上传官网/su-z2/Dormitory/Content/Dormitory/Texture/T_d3n.uasset'
[2026.02.11-02.17.28:904][430]Cmd: OBJ SAVEPACKAGE PACKAGE="/Game/Dormitory/Material/MI_Deco_23" FILE="E:/F盘/上传官网/su-z2/Dormitory/Content/Dormitory/Material/MI_Deco_23.uasset" SILENT=true
[2026.02.11-02.17.28:909][430]LogSavePackage: Moving 'E:/F盘/上传官网/su-z2/Dormitory/Saved/MI_Deco_2398F572CE47052658D2BE608F9C1FB16C.tmp' to 'E:/F盘/上传官网/su-z2/Dormitory/Content/Dormitory/Material/MI_Deco_23.uasset'
[2026.02.11-02.17.28:914][430]Cmd: OBJ SAVEPACKAGE PACKAGE="/Game/Dormitory/Texture/T_d19" FILE="E:/F盘/上传官网/su-z2/Dormitory/Content/Dormitory/Texture/T_d19.uasset" SILENT=true
[2026.02.11-02.17.28:920][430]LogSavePackage: Moving 'E:/F盘/上传官网/su-z2/Dormitory/Saved/T_d19356089194DB31AD020B86B873CEB87B7.tmp' to 'E:/F盘/上传官网/su-z2/Dormitory/Content/Dormitory/Texture/T_d19.uasset'
[2026.02.11-02.17.28:937][430]Cmd: OBJ SAVEPACKAGE PACKAGE="/Game/Dormitory/Material/MI_Deco_24" FILE="E:/F盘/上传官网/su-z2/Dormitory/Content/Dormitory/Material/MI_Deco_24.uasset" SILENT=true
[2026.02.11-02.17.28:941][430]LogSavePackage: Moving 'E:/F盘/上传官网/su-z2/Dormitory/Saved/MI_Deco_2401EA53A24B3A81D67B7F57A189B1A389.tmp' to 'E:/F盘/上传官网/su-z2/Dormitory/Content/Dormitory/Material/MI_Deco_24.uasset'
[2026.02.11-02.17.28:944][430]Cmd: OBJ SAVEPACKAGE PACKAGE="/Game/Dormitory/Texture/T_d20" FILE="E:/F盘/上传官网/su-z2/Dormitory/Content/Dormitory/Texture/T_d20.uasset" SILENT=true
[2026.02.11-02.17.28:948][430]LogSavePackage: Moving 'E:/F盘/上传官网/su-z2/Dormitory/Saved/T_d20FDFA86DD4B445068B4FCB7960ABA8585.tmp' to 'E:/F盘/上传官网/su-z2/Dormitory/Content/Dormitory/Texture/T_d20.uasset'
[2026.02.11-02.17.28:967][430]Cmd: OBJ SAVEPACKAGE PACKAGE="/Game/Dormitory/Material/MI_Deco_25" FILE="E:/F盘/上传官网/su-z2/Dormitory/Content/Dormitory/Material/MI_Deco_25.uasset" SILENT=true
[2026.02.11-02.17.28:971][430]LogSavePackage: Moving 'E:/F盘/上传官网/su-z2/Dormitory/Saved/MI_Deco_25626300C5450A11E1202080B1E8C7979B.tmp' to 'E:/F盘/上传官网/su-z2/Dormitory/Content/Dormitory/Material/MI_Deco_25.uasset'
[2026.02.11-02.17.28:976][430]Cmd: OBJ SAVEPACKAGE PACKAGE="/Game/Dormitory/Texture/T_d21" FILE="E:/F盘/上传官网/su-z2/Dormitory/Content/Dormitory/Texture/T_d21.uasset" SILENT=true
[2026.02.11-02.17.28:980][430]LogSavePackage: Moving 'E:/F盘/上传官网/su-z2/Dormitory/Saved/T_d21DBCAB35246E2D94E1AF51AB9D77ED64C.tmp' to 'E:/F盘/上传官网/su-z2/Dormitory/Content/Dormitory/Texture/T_d21.uasset'
[2026.02.11-02.17.28:999][430]Cmd: OBJ SAVEPACKAGE PACKAGE="/Game/Dormitory/Material/MI_Deco_26" FILE="E:/F盘/上传官网/su-z2/Dormitory/Content/Dormitory/Material/MI_Deco_26.uasset" SILENT=true
[2026.02.11-02.17.29:029][430]LogSavePackage: Moving 'E:/F盘/上传官网/su-z2/Dormitory/Saved/MI_Deco_261D9C3857452116FFC49A01B9E6C7867E.tmp' to 'E:/F盘/上传官网/su-z2/Dormitory/Content/Dormitory/Material/MI_Deco_26.uasset'
[2026.02.11-02.17.29:059][430]Cmd: OBJ SAVEPACKAGE PACKAGE="/Game/Dormitory/Mesh/SM_Flower_01" FILE="E:/F盘/上传官网/su-z2/Dormitory/Content/Dormitory/Mesh/SM_Flower_01.uasset" SILENT=true
[2026.02.11-02.17.29:600][430]LogSavePackage: Moving 'E:/F盘/上传官网/su-z2/Dormitory/Saved/SM_Flower_01E402BB464F6880CC52B24BA664F43F67.tmp' to 'E:/F盘/上传官网/su-z2/Dormitory/Content/Dormitory/Mesh/SM_Flower_01.uasset'
[2026.02.11-02.17.29:605][430]Cmd: OBJ SAVEPACKAGE PACKAGE="/Game/Dormitory/Texture/T_d05" FILE="E:/F盘/上传官网/su-z2/Dormitory/Content/Dormitory/Texture/T_d05.uasset" SILENT=true
[2026.02.11-02.17.29:647][430]LogSavePackage: Moving 'E:/F盘/上传官网/su-z2/Dormitory/Saved/T_d05C756BF8649E600D23FCB8BB3F0FFBBA6.tmp' to 'E:/F盘/上传官网/su-z2/Dormitory/Content/Dormitory/Texture/T_d05.uasset'
[2026.02.11-02.17.29:666][430]Cmd: OBJ SAVEPACKAGE PACKAGE="/Game/Dormitory/Material/MI_decor_01" FILE="E:/F盘/上传官网/su-z2/Dormitory/Content/Dormitory/Material/MI_decor_01.uasset" SILENT=true
[2026.02.11-02.17.29:670][430]LogSavePackage: Moving 'E:/F盘/上传官网/su-z2/Dormitory/Saved/MI_decor_016953313F42C16A8D21EB51B72A89F768.tmp' to 'E:/F盘/上传官网/su-z2/Dormitory/Content/Dormitory/Material/MI_decor_01.uasset'
[2026.02.11-02.17.29:689][430]Cmd: OBJ SAVEPACKAGE PACKAGE="/Game/Dormitory/Material/MI_decor_02" FILE="E:/F盘/上传官网/su-z2/Dormitory/Content/Dormitory/Material/MI_decor_02.uasset" SILENT=true
[2026.02.11-02.17.29:693][430]LogSavePackage: Moving 'E:/F盘/上传官网/su-z2/Dormitory/Saved/MI_decor_02BC9F9AAA4966EAAE90B33987B8A67B12.tmp' to 'E:/F盘/上传官网/su-z2/Dormitory/Content/Dormitory/Material/MI_decor_02.uasset'
[2026.02.11-02.17.29:712][430]Cmd: OBJ SAVEPACKAGE PACKAGE="/Game/Dormitory/Material/MI_decor_03" FILE="E:/F盘/上传官网/su-z2/Dormitory/Content/Dormitory/Material/MI_decor_03.uasset" SILENT=true
[2026.02.11-02.17.29:716][430]LogSavePackage: Moving 'E:/F盘/上传官网/su-z2/Dormitory/Saved/MI_decor_038A618DEF46AD9E36B49F4290EBB91EA9.tmp' to 'E:/F盘/上传官网/su-z2/Dormitory/Content/Dormitory/Material/MI_decor_03.uasset'
[2026.02.11-02.17.29:721][430]Cmd: OBJ SAVEPACKAGE PACKAGE="/Game/Dormitory/Texture/T_d04" FILE="E:/F盘/上传官网/su-z2/Dormitory/Content/Dormitory/Texture/T_d04.uasset" SILENT=true
[2026.02.11-02.17.29:726][430]LogSavePackage: Moving 'E:/F盘/上传官网/su-z2/Dormitory/Saved/T_d04B6FEDD3240EEFC48528D19B88A2B7C85.tmp' to 'E:/F盘/上传官网/su-z2/Dormitory/Content/Dormitory/Texture/T_d04.uasset'
[2026.02.11-02.17.29:748][430]Cmd: OBJ SAVEPACKAGE PACKAGE="/Game/Dormitory/Material/MI_decor_04" FILE="E:/F盘/上传官网/su-z2/Dormitory/Content/Dormitory/Material/MI_decor_04.uasset" SILENT=true
[2026.02.11-02.17.29:752][430]LogSavePackage: Moving 'E:/F盘/上传官网/su-z2/Dormitory/Saved/MI_decor_048464FF14452104169AB710882A6462B2.tmp' to 'E:/F盘/上传官网/su-z2/Dormitory/Content/Dormitory/Material/MI_decor_04.uasset'
[2026.02.11-02.17.29:778][430]Cmd: OBJ SAVEPACKAGE PACKAGE="/Game/Dormitory/Mesh/SM_Flower_011" FILE="E:/F盘/上传官网/su-z2/Dormitory/Content/Dormitory/Mesh/SM_Flower_011.uasset" SILENT=true
[2026.02.11-02.17.30:142][430]LogSavePackage: Moving 'E:/F盘/上传官网/su-z2/Dormitory/Saved/SM_Flower_01184B406F246717D1A6989CE9007286459.tmp' to 'E:/F盘/上传官网/su-z2/Dormitory/Content/Dormitory/Mesh/SM_Flower_011.uasset'
[2026.02.11-02.17.30:147][430]Cmd: OBJ SAVEPACKAGE PACKAGE="/Game/Dormitory/Texture/T_d26" FILE="E:/F盘/上传官网/su-z2/Dormitory/Content/Dormitory/Texture/T_d26.uasset" SILENT=true
[2026.02.11-02.17.30:154][430]LogSavePackage: Moving 'E:/F盘/上传官网/su-z2/Dormitory/Saved/T_d26552DDD6B4B1A2EBD12277DB4E25CCBF1.tmp' to 'E:/F盘/上传官网/su-z2/Dormitory/Content/Dormitory/Texture/T_d26.uasset'
[2026.02.11-02.17.30:169][430]Cmd: OBJ SAVEPACKAGE PACKAGE="/Game/Dormitory/Material/MI_Deco_28" FILE="E:/F盘/上传官网/su-z2/Dormitory/Content/Dormitory/Material/MI_Deco_28.uasset" SILENT=true
[2026.02.11-02.17.30:174][430]LogSavePackage: Moving 'E:/F盘/上传官网/su-z2/Dormitory/Saved/MI_Deco_2826A0903F4F6313579A76E69E2E2C6C53.tmp' to 'E:/F盘/上传官网/su-z2/Dormitory/Content/Dormitory/Material/MI_Deco_28.uasset'
[2026.02.11-02.17.30:179][430]Cmd: OBJ SAVEPACKAGE PACKAGE="/Game/Dormitory/Texture/T_d27" FILE="E:/F盘/上传官网/su-z2/Dormitory/Content/Dormitory/Texture/T_d27.uasset" SILENT=true
[2026.02.11-02.17.30:197][430]LogSavePackage: Moving 'E:/F盘/上传官网/su-z2/Dormitory/Saved/T_d2788D85E2D45A71DF82076DFB572D38223.tmp' to 'E:/F盘/上传官网/su-z2/Dormitory/Content/Dormitory/Texture/T_d27.uasset'
[2026.02.11-02.17.30:203][430]Cmd: OBJ SAVEPACKAGE PACKAGE="/Game/Dormitory/Texture/T_d4n" FILE="E:/F盘/上传官网/su-z2/Dormitory/Content/Dormitory/Texture/T_d4n.uasset" SILENT=true
[2026.02.11-02.17.30:212][430]LogSavePackage: Moving 'E:/F盘/上传官网/su-z2/Dormitory/Saved/T_d4n2CFAF4264D44397F71D80099DF2215CF.tmp' to 'E:/F盘/上传官网/su-z2/Dormitory/Content/Dormitory/Texture/T_d4n.uasset'
[2026.02.11-02.17.30:236][430]Cmd: OBJ SAVEPACKAGE PACKAGE="/Game/Dormitory/Material/MI_Deco_29" FILE="E:/F盘/上传官网/su-z2/Dormitory/Content/Dormitory/Material/MI_Deco_29.uasset" SILENT=true
[2026.02.11-02.17.30:240][430]LogSavePackage: Moving 'E:/F盘/上传官网/su-z2/Dormitory/Saved/MI_Deco_2998179DBB47CF0071B9C186B973313109.tmp' to 'E:/F盘/上传官网/su-z2/Dormitory/Content/Dormitory/Material/MI_Deco_29.uasset'
[2026.02.11-02.17.30:245][430]Cmd: OBJ SAVEPACKAGE PACKAGE="/Game/Dormitory/Texture/T_d28" FILE="E:/F盘/上传官网/su-z2/Dormitory/Content/Dormitory/Texture/T_d28.uasset" SILENT=true
[2026.02.11-02.17.30:252][430]LogSavePackage: Moving 'E:/F盘/上传官网/su-z2/Dormitory/Saved/T_d285646A79B46F1E67C5D761CBAD4E003E9.tmp' to 'E:/F盘/上传官网/su-z2/Dormitory/Content/Dormitory/Texture/T_d28.uasset'
[2026.02.11-02.17.30:268][430]Cmd: OBJ SAVEPACKAGE PACKAGE="/Game/Dormitory/Material/MI_Deco_30" FILE="E:/F盘/上传官网/su-z2/Dormitory/Content/Dormitory/Material/MI_Deco_30.uasset" SILENT=true
[2026.02.11-02.17.30:272][430]LogSavePackage: Moving 'E:/F盘/上传官网/su-z2/Dormitory/Saved/MI_Deco_30C46225524045BC0EE4D3BBAD311577B4.tmp' to 'E:/F盘/上传官网/su-z2/Dormitory/Content/Dormitory/Material/MI_Deco_30.uasset'
[2026.02.11-02.17.30:296][430]Cmd: OBJ SAVEPACKAGE PACKAGE="/Game/Dormitory/Mesh/SM_Flower_02" FILE="E:/F盘/上传官网/su-z2/Dormitory/Content/Dormitory/Mesh/SM_Flower_02.uasset" SILENT=true
[2026.02.11-02.17.30:577][430]LogSavePackage: Moving 'E:/F盘/上传官网/su-z2/Dormitory/Saved/SM_Flower_029E81039B43B63D2CC422EDAF3052FF18.tmp' to 'E:/F盘/上传官网/su-z2/Dormitory/Content/Dormitory/Mesh/SM_Flower_02.uasset'
[2026.02.11-02.17.30:582][430]Cmd: OBJ SAVEPACKAGE PACKAGE="/Game/Dormitory/Texture/T_Outdoor_Scene" FILE="E:/F盘/上传官网/su-z2/Dormitory/Content/Dormitory/Texture/T_Outdoor_Scene.uasset" SILENT=true
[2026.02.11-02.17.30:663][430]LogSavePackage: Moving 'E:/F盘/上传官网/su-z2/Dormitory/Saved/T_Outdoor_Scene6907499B40845A51CEB057941F33895D.tmp' to 'E:/F盘/上传官网/su-z2/Dormitory/Content/Dormitory/Texture/T_Outdoor_Scene.uasset'
[2026.02.11-02.17.30:680][430]Cmd: OBJ SAVEPACKAGE PACKAGE="/Game/Dormitory/Mesh/MI_Pano" FILE="E:/F盘/上传官网/su-z2/Dormitory/Content/Dormitory/Mesh/MI_Pano.uasset" SILENT=true
[2026.02.11-02.17.30:685][430]LogSavePackage: Moving 'E:/F盘/上传官网/su-z2/Dormitory/Saved/MI_Pano9108E3CE4ADF943B1E51788F031CE314.tmp' to 'E:/F盘/上传官网/su-z2/Dormitory/Content/Dormitory/Mesh/MI_Pano.uasset'
[2026.02.11-02.17.30:698][430]Cmd: OBJ SAVEPACKAGE PACKAGE="/Game/Dormitory/Mesh/SM_Pano" FILE="E:/F盘/上传官网/su-z2/Dormitory/Content/Dormitory/Mesh/SM_Pano.uasset" SILENT=true
[2026.02.11-02.17.30:717][430]LogSavePackage: Moving 'E:/F盘/上传官网/su-z2/Dormitory/Saved/SM_Pano40681D874D169F8147FBC08CAF66BE88.tmp' to 'E:/F盘/上传官网/su-z2/Dormitory/Content/Dormitory/Mesh/SM_Pano.uasset'
[2026.02.11-02.17.30:722][430]Cmd: OBJ SAVEPACKAGE PACKAGE="/Game/Dormitory/Texture/T_d3" FILE="E:/F盘/上传官网/su-z2/Dormitory/Content/Dormitory/Texture/T_d3.uasset" SILENT=true
[2026.02.11-02.17.30:769][430]LogSavePackage: Moving 'E:/F盘/上传官网/su-z2/Dormitory/Saved/T_d348C3689C47DF38BCCC7151BF642895DD.tmp' to 'E:/F盘/上传官网/su-z2/Dormitory/Content/Dormitory/Texture/T_d3.uasset'
[2026.02.11-02.17.30:784][430]Cmd: OBJ SAVEPACKAGE PACKAGE="/Game/Dormitory/Material/MI_Deco_06" FILE="E:/F盘/上传官网/su-z2/Dormitory/Content/Dormitory/Material/MI_Deco_06.uasset" SILENT=true
[2026.02.11-02.17.30:788][430]LogSavePackage: Moving 'E:/F盘/上传官网/su-z2/Dormitory/Saved/MI_Deco_0641FDFA4D49512A33725B769B793C2E18.tmp' to 'E:/F盘/上传官网/su-z2/Dormitory/Content/Dormitory/Material/MI_Deco_06.uasset'
[2026.02.11-02.17.30:803][430]Cmd: OBJ SAVEPACKAGE PACKAGE="/Game/Dormitory/Mesh/SM_Pillow_01" FILE="E:/F盘/上传官网/su-z2/Dormitory/Content/Dormitory/Mesh/SM_Pillow_01.uasset" SILENT=true
[2026.02.11-02.17.30:855][430]LogSavePackage: Moving 'E:/F盘/上传官网/su-z2/Dormitory/Saved/SM_Pillow_01373E5F664C9165782350238912435660.tmp' to 'E:/F盘/上传官网/su-z2/Dormitory/Content/Dormitory/Mesh/SM_Pillow_01.uasset'
[2026.02.11-02.17.30:870][430]Cmd: OBJ SAVEPACKAGE PACKAGE="/Game/Dormitory/Mesh/SM_Pillow_02" FILE="E:/F盘/上传官网/su-z2/Dormitory/Content/Dormitory/Mesh/SM_Pillow_02.uasset" SILENT=true
[2026.02.11-02.17.30:924][430]LogSavePackage: Moving 'E:/F盘/上传官网/su-z2/Dormitory/Saved/SM_Pillow_025EC543BE49351082C7C85D8D4B9C3A13.tmp' to 'E:/F盘/上传官网/su-z2/Dormitory/Content/Dormitory/Mesh/SM_Pillow_02.uasset'
[2026.02.11-02.17.30:941][430]Cmd: OBJ SAVEPACKAGE PACKAGE="/Game/Dormitory/Mesh/SM_Pillow_03" FILE="E:/F盘/上传官网/su-z2/Dormitory/Content/Dormitory/Mesh/SM_Pillow_03.uasset" SILENT=true
[2026.02.11-02.17.30:993][430]LogSavePackage: Moving 'E:/F盘/上传官网/su-z2/Dormitory/Saved/SM_Pillow_03318CB56A436F7659ED77E589F84E1EDA.tmp' to 'E:/F盘/上传官网/su-z2/Dormitory/Content/Dormitory/Mesh/SM_Pillow_03.uasset'
[2026.02.11-02.17.31:010][430]Cmd: OBJ SAVEPACKAGE PACKAGE="/Game/Dormitory/Mesh/SM_Pillow_04" FILE="E:/F盘/上传官网/su-z2/Dormitory/Content/Dormitory/Mesh/SM_Pillow_04.uasset" SILENT=true
[2026.02.11-02.17.31:063][430]LogSavePackage: Moving 'E:/F盘/上传官网/su-z2/Dormitory/Saved/SM_Pillow_04C5188258413FDAC34639118F5EDCE47B.tmp' to 'E:/F盘/上传官网/su-z2/Dormitory/Content/Dormitory/Mesh/SM_Pillow_04.uasset'
[2026.02.11-02.17.31:079][430]Cmd: OBJ SAVEPACKAGE PACKAGE="/Game/Dormitory/Mesh/SM_Pillow_05" FILE="E:/F盘/上传官网/su-z2/Dormitory/Content/Dormitory/Mesh/SM_Pillow_05.uasset" SILENT=true
[2026.02.11-02.17.31:134][430]LogSavePackage: Moving 'E:/F盘/上传官网/su-z2/Dormitory/Saved/SM_Pillow_05D1B19029482A0ADE4BC7B4A2B097103D.tmp' to 'E:/F盘/上传官网/su-z2/Dormitory/Content/Dormitory/Mesh/SM_Pillow_05.uasset'
[2026.02.11-02.17.31:150][430]Cmd: OBJ SAVEPACKAGE PACKAGE="/Game/Dormitory/Mesh/SM_Pillow_06" FILE="E:/F盘/上传官网/su-z2/Dormitory/Content/Dormitory/Mesh/SM_Pillow_06.uasset" SILENT=true
[2026.02.11-02.17.31:201][430]LogSavePackage: Moving 'E:/F盘/上传官网/su-z2/Dormitory/Saved/SM_Pillow_06F35430EA492F6E0D6BA610A5F57ABBD5.tmp' to 'E:/F盘/上传官网/su-z2/Dormitory/Content/Dormitory/Mesh/SM_Pillow_06.uasset'
[2026.02.11-02.17.31:217][430]Cmd: OBJ SAVEPACKAGE PACKAGE="/Game/Dormitory/Mesh/SM_Quilt_01" FILE="E:/F盘/上传官网/su-z2/Dormitory/Content/Dormitory/Mesh/SM_Quilt_01.uasset" SILENT=true
[2026.02.11-02.17.31:240][430]LogSavePackage: Moving 'E:/F盘/上传官网/su-z2/Dormitory/Saved/SM_Quilt_01EA59C352455ECAA01DD06CB6B5B3AD09.tmp' to 'E:/F盘/上传官网/su-z2/Dormitory/Content/Dormitory/Mesh/SM_Quilt_01.uasset'
[2026.02.11-02.17.31:256][430]Cmd: OBJ SAVEPACKAGE PACKAGE="/Game/Dormitory/Mesh/SM_Quilt_02" FILE="E:/F盘/上传官网/su-z2/Dormitory/Content/Dormitory/Mesh/SM_Quilt_02.uasset" SILENT=true
[2026.02.11-02.17.31:280][430]LogSavePackage: Moving 'E:/F盘/上传官网/su-z2/Dormitory/Saved/SM_Quilt_028CAFE0DE4AF9DE5DA3A828BCE9BCD760.tmp' to 'E:/F盘/上传官网/su-z2/Dormitory/Content/Dormitory/Mesh/SM_Quilt_02.uasset'
[2026.02.11-02.17.31:295][430]Cmd: OBJ SAVEPACKAGE PACKAGE="/Game/Dormitory/Mesh/SM_Quilt_03" FILE="E:/F盘/上传官网/su-z2/Dormitory/Content/Dormitory/Mesh/SM_Quilt_03.uasset" SILENT=true
[2026.02.11-02.17.31:319][430]LogSavePackage: Moving 'E:/F盘/上传官网/su-z2/Dormitory/Saved/SM_Quilt_03D595BB1B4F7380B552C7B5A997F168EC.tmp' to 'E:/F盘/上传官网/su-z2/Dormitory/Content/Dormitory/Mesh/SM_Quilt_03.uasset'
[2026.02.11-02.17.31:351][430]Cmd: OBJ SAVEPACKAGE PACKAGE="/Game/Dormitory/Mesh/SM_Quilt_04" FILE="E:/F盘/上传官网/su-z2/Dormitory/Content/Dormitory/Mesh/SM_Quilt_04.uasset" SILENT=true
[2026.02.11-02.17.31:373][430]LogSavePackage: Moving 'E:/F盘/上传官网/su-z2/Dormitory/Saved/SM_Quilt_0497FAAC0D4DB0ED5384E01DAC7842EBB3.tmp' to 'E:/F盘/上传官网/su-z2/Dormitory/Content/Dormitory/Mesh/SM_Quilt_04.uasset'
[2026.02.11-02.17.31:388][430]Cmd: OBJ SAVEPACKAGE PACKAGE="/Game/Dormitory/Mesh/SM_Quilt_05" FILE="E:/F盘/上传官网/su-z2/Dormitory/Content/Dormitory/Mesh/SM_Quilt_05.uasset" SILENT=true
[2026.02.11-02.17.31:412][430]LogSavePackage: Moving 'E:/F盘/上传官网/su-z2/Dormitory/Saved/SM_Quilt_05877AE307429BF84518577982F33BF425.tmp' to 'E:/F盘/上传官网/su-z2/Dormitory/Content/Dormitory/Mesh/SM_Quilt_05.uasset'
[2026.02.11-02.17.31:428][430]Cmd: OBJ SAVEPACKAGE PACKAGE="/Game/Dormitory/Mesh/SM_Quilt_06" FILE="E:/F盘/上传官网/su-z2/Dormitory/Content/Dormitory/Mesh/SM_Quilt_06.uasset" SILENT=true
[2026.02.11-02.17.31:450][430]LogSavePackage: Moving 'E:/F盘/上传官网/su-z2/Dormitory/Saved/SM_Quilt_062DD54ED0464B6727132E3AA808CD232F.tmp' to 'E:/F盘/上传官网/su-z2/Dormitory/Content/Dormitory/Mesh/SM_Quilt_06.uasset'
[2026.02.11-02.17.31:466][430]Cmd: OBJ SAVEPACKAGE PACKAGE="/Game/Dormitory/Material/MI_Deco_07" FILE="E:/F盘/上传官网/su-z2/Dormitory/Content/Dormitory/Material/MI_Deco_07.uasset" SILENT=true
[2026.02.11-02.17.31:470][430]LogSavePackage: Moving 'E:/F盘/上传官网/su-z2/Dormitory/Saved/MI_Deco_07D9270F1C4D318397083F219A6D539E9D.tmp' to 'E:/F盘/上传官网/su-z2/Dormitory/Content/Dormitory/Material/MI_Deco_07.uasset'
[2026.02.11-02.17.31:498][430]Cmd: OBJ SAVEPACKAGE PACKAGE="/Game/Dormitory/Mesh/SM_Shelf_01" FILE="E:/F盘/上传官网/su-z2/Dormitory/Content/Dormitory/Mesh/SM_Shelf_01.uasset" SILENT=true
[2026.02.11-02.17.32:997][430]LogSavePackage: Moving 'E:/F盘/上传官网/su-z2/Dormitory/Saved/SM_Shelf_01C7628D614989BA19B5F65CBE924C1FC6.tmp' to 'E:/F盘/上传官网/su-z2/Dormitory/Content/Dormitory/Mesh/SM_Shelf_01.uasset'
[2026.02.11-02.17.33:028][430]Cmd: OBJ SAVEPACKAGE PACKAGE="/Game/Dormitory/Mesh/SM_Shelf_03" FILE="E:/F盘/上传官网/su-z2/Dormitory/Content/Dormitory/Mesh/SM_Shelf_03.uasset" SILENT=true
[2026.02.11-02.17.33:765][430]LogSavePackage: Moving 'E:/F盘/上传官网/su-z2/Dormitory/Saved/SM_Shelf_03FE6931504A71C560860CD283A2330612.tmp' to 'E:/F盘/上传官网/su-z2/Dormitory/Content/Dormitory/Mesh/SM_Shelf_03.uasset'
[2026.02.11-02.17.33:804][430]Cmd: OBJ SAVEPACKAGE PACKAGE="/Game/Dormitory/Mesh/SM_Shelf_04" FILE="E:/F盘/上传官网/su-z2/Dormitory/Content/Dormitory/Mesh/SM_Shelf_04.uasset" SILENT=true
[2026.02.11-02.17.35:273][430]LogSavePackage: Moving 'E:/F盘/上传官网/su-z2/Dormitory/Saved/SM_Shelf_0464CCD3974D90965967CC2BB7F5352EB1.tmp' to 'E:/F盘/上传官网/su-z2/Dormitory/Content/Dormitory/Mesh/SM_Shelf_04.uasset'
[2026.02.11-02.17.35:311][430]Cmd: OBJ SAVEPACKAGE PACKAGE="/Game/Dormitory/Mesh/SM_Shelf_05" FILE="E:/F盘/上传官网/su-z2/Dormitory/Content/Dormitory/Mesh/SM_Shelf_05.uasset" SILENT=true
[2026.02.11-02.17.36:802][430]LogSavePackage: Moving 'E:/F盘/上传官网/su-z2/Dormitory/Saved/SM_Shelf_05B4834DB140F46E6012AAF080459DE973.tmp' to 'E:/F盘/上传官网/su-z2/Dormitory/Content/Dormitory/Mesh/SM_Shelf_05.uasset'
[2026.02.11-02.17.36:821][430]Cmd: OBJ SAVEPACKAGE PACKAGE="/Game/Dormitory/Mesh/SM_Table_01" FILE="E:/F盘/上传官网/su-z2/Dormitory/Content/Dormitory/Mesh/SM_Table_01.uasset" SILENT=true
[2026.02.11-02.17.36:830][430]LogSavePackage: Moving 'E:/F盘/上传官网/su-z2/Dormitory/Saved/SM_Table_012E7308844DAE011DD8441396CCCBD8F8.tmp' to 'E:/F盘/上传官网/su-z2/Dormitory/Content/Dormitory/Mesh/SM_Table_01.uasset'
[2026.02.11-02.17.36:848][430]Cmd: OBJ SAVEPACKAGE PACKAGE="/Game/Dormitory/Mesh/SM_Wall" FILE="E:/F盘/上传官网/su-z2/Dormitory/Content/Dormitory/Mesh/SM_Wall.uasset" SILENT=true
[2026.02.11-02.17.36:853][430]LogSavePackage: Moving 'E:/F盘/上传官网/su-z2/Dormitory/Saved/SM_Wall296AC87D4FCC19E57F0A1F9E7EE5BDC9.tmp' to 'E:/F盘/上传官网/su-z2/Dormitory/Content/Dormitory/Mesh/SM_Wall.uasset'
[2026.02.11-02.17.36:873][430]Cmd: OBJ SAVEPACKAGE PACKAGE="/Game/Dormitory/Mesh/M_Wall" FILE="E:/F盘/上传官网/su-z2/Dormitory/Content/Dormitory/Mesh/M_Wall.uasset" SILENT=true
[2026.02.11-02.17.36:878][430]LogSavePackage: Moving 'E:/F盘/上传官网/su-z2/Dormitory/Saved/M_Wall8B3A7A4C47165B464DC2A9B6C8474C71.tmp' to 'E:/F盘/上传官网/su-z2/Dormitory/Content/Dormitory/Mesh/M_Wall.uasset'
[2026.02.11-02.17.36:897][430]Cmd: OBJ SAVEPACKAGE PACKAGE="/Game/Dormitory/Mesh/MI_Wall" FILE="E:/F盘/上传官网/su-z2/Dormitory/Content/Dormitory/Mesh/MI_Wall.uasset" SILENT=true
[2026.02.11-02.17.36:901][430]LogSavePackage: Moving 'E:/F盘/上传官网/su-z2/Dormitory/Saved/MI_Wall55F98F0A408BF4FF317661A06C9719D7.tmp' to 'E:/F盘/上传官网/su-z2/Dormitory/Content/Dormitory/Mesh/MI_Wall.uasset'
[2026.02.11-02.17.36:919][430]Cmd: OBJ SAVEPACKAGE PACKAGE="/Game/Dormitory/Mesh/SM_Wall_01" FILE="E:/F盘/上传官网/su-z2/Dormitory/Content/Dormitory/Mesh/SM_Wall_01.uasset" SILENT=true
[2026.02.11-02.17.36:926][430]LogSavePackage: Moving 'E:/F盘/上传官网/su-z2/Dormitory/Saved/SM_Wall_01BB26601E4BB3A5FA19A867AFE52AC68A.tmp' to 'E:/F盘/上传官网/su-z2/Dormitory/Content/Dormitory/Mesh/SM_Wall_01.uasset'
[2026.02.11-02.17.36:945][430]Cmd: OBJ SAVEPACKAGE PACKAGE="/Game/Dormitory/Mesh/SM_Wall_02" FILE="E:/F盘/上传官网/su-z2/Dormitory/Content/Dormitory/Mesh/SM_Wall_02.uasset" SILENT=true
[2026.02.11-02.17.36:951][430]LogSavePackage: Moving 'E:/F盘/上传官网/su-z2/Dormitory/Saved/SM_Wall_02374477324CD8A947D87154A20C03067F.tmp' to 'E:/F盘/上传官网/su-z2/Dormitory/Content/Dormitory/Mesh/SM_Wall_02.uasset'
[2026.02.11-02.17.36:972][430]Cmd: OBJ SAVEPACKAGE PACKAGE="/Game/Dormitory/Mesh/SM_Wall_03" FILE="E:/F盘/上传官网/su-z2/Dormitory/Content/Dormitory/Mesh/SM_Wall_03.uasset" SILENT=true
[2026.02.11-02.17.36:977][430]LogSavePackage: Moving 'E:/F盘/上传官网/su-z2/Dormitory/Saved/SM_Wall_03425CFC1E42602E43D67AD4861760865F.tmp' to 'E:/F盘/上传官网/su-z2/Dormitory/Content/Dormitory/Mesh/SM_Wall_03.uasset'
[2026.02.11-02.17.36:994][430]Cmd: OBJ SAVEPACKAGE PACKAGE="/Game/Dormitory/Mesh/SM_Wall_04" FILE="E:/F盘/上传官网/su-z2/Dormitory/Content/Dormitory/Mesh/SM_Wall_04.uasset" SILENT=true
[2026.02.11-02.17.37:002][430]LogSavePackage: Moving 'E:/F盘/上传官网/su-z2/Dormitory/Saved/SM_Wall_04C63808E24FF7A1A288A7D7B0A03B9D6F.tmp' to 'E:/F盘/上传官网/su-z2/Dormitory/Content/Dormitory/Mesh/SM_Wall_04.uasset'
[2026.02.11-02.17.37:028][430]Cmd: OBJ SAVEPACKAGE PACKAGE="/Game/Dormitory/Mesh/SM_Window_01" FILE="E:/F盘/上传官网/su-z2/Dormitory/Content/Dormitory/Mesh/SM_Window_01.uasset" SILENT=true
[2026.02.11-02.17.37:035][430]LogSavePackage: Moving 'E:/F盘/上传官网/su-z2/Dormitory/Saved/SM_Window_011E2EEAF048B05AD4A8FF5CBD031EB384.tmp' to 'E:/F盘/上传官网/su-z2/Dormitory/Content/Dormitory/Mesh/SM_Window_01.uasset'
[2026.02.11-02.17.37:054][430]Cmd: OBJ SAVEPACKAGE PACKAGE="/Game/Dormitory/Mesh/SM_Window_02" FILE="E:/F盘/上传官网/su-z2/Dormitory/Content/Dormitory/Mesh/SM_Window_02.uasset" SILENT=true
[2026.02.11-02.17.37:060][430]LogSavePackage: Moving 'E:/F盘/上传官网/su-z2/Dormitory/Saved/SM_Window_028F534211434358268D0FEEAC68C7D41A.tmp' to 'E:/F盘/上传官网/su-z2/Dormitory/Content/Dormitory/Mesh/SM_Window_02.uasset'
[2026.02.11-02.17.37:061][430]Cmd: OBJ SAVEPACKAGE PACKAGE="/Game/Dormitory/Map/model" FILE="E:/F盘/上传官网/su-z2/Dormitory/Content/Dormitory/Map/model.umap" SILENT=true AUTOSAVING=false KEEPDIRTY=false
[2026.02.11-02.17.37:067][430]LogUObjectHash: Compacting FUObjectHashTables data took   0.56ms
[2026.02.11-02.17.37:109][430]LogSavePackage: Moving 'E:/F盘/上传官网/su-z2/Dormitory/Saved/modelFF2F536B4C4AA3A7DAAE22AFD0942631.tmp' to 'E:/F盘/上传官网/su-z2/Dormitory/Content/Dormitory/Map/model.umap'
[2026.02.11-02.17.37:116][430]LogFileHelpers: Saving map 'model' took 0.057
[2026.02.11-02.17.37:122][430]Cmd: OBJ SAVEPACKAGE PACKAGE="/Game/Dormitory/Texture/T_Mask20" FILE="E:/F盘/上传官网/su-z2/Dormitory/Content/Dormitory/Texture/T_Mask20.uasset" SILENT=true
[2026.02.11-02.17.37:248][430]LogSavePackage: Moving 'E:/F盘/上传官网/su-z2/Dormitory/Saved/T_Mask20D7C247754639360F01AC03A6865D04F1.tmp' to 'E:/F盘/上传官网/su-z2/Dormitory/Content/Dormitory/Texture/T_Mask20.uasset'
[2026.02.11-02.17.37:990][430]LogUObjectHash: Compacting FUObjectHashTables data took   0.21ms
[2026.02.11-02.17.37:993][430]LogUObjectHash: Compacting FUObjectHashTables data took   0.20ms
[2026.02.11-02.17.37:997][430]LogUObjectHash: Compacting FUObjectHashTables data took   0.21ms
[2026.02.11-02.17.38:000][430]LogUObjectHash: Compacting FUObjectHashTables data took   0.20ms
[2026.02.11-02.17.38:003][430]LogUObjectHash: Compacting FUObjectHashTables data took   0.20ms
[2026.02.11-02.17.38:006][430]LogUObjectHash: Compacting FUObjectHashTables data took   0.20ms
[2026.02.11-02.17.38:009][430]LogUObjectHash: Compacting FUObjectHashTables data took   0.20ms
[2026.02.11-02.17.38:012][430]LogUObjectHash: Compacting FUObjectHashTables data took   0.21ms
[2026.02.11-02.17.38:015][430]LogUObjectHash: Compacting FUObjectHashTables data took   0.20ms
[2026.02.11-02.17.38:018][430]LogUObjectHash: Compacting FUObjectHashTables data took   0.20ms
[2026.02.11-02.17.38:021][430]LogUObjectHash: Compacting FUObjectHashTables data took   0.20ms
[2026.02.11-02.17.38:023][430]LogUObjectHash: Compacting FUObjectHashTables data took   0.19ms
[2026.02.11-02.17.38:027][430]LogUObjectHash: Compacting FUObjectHashTables data took   0.20ms
[2026.02.11-02.17.38:030][430]LogUObjectHash: Compacting FUObjectHashTables data took   0.21ms
[2026.02.11-02.17.38:033][430]LogUObjectHash: Compacting FUObjectHashTables data took   0.20ms
[2026.02.11-02.17.38:036][430]LogUObjectHash: Compacting FUObjectHashTables data took   0.20ms
[2026.02.11-02.17.38:039][430]LogUObjectHash: Compacting FUObjectHashTables data took   0.20ms
[2026.02.11-02.17.38:042][430]LogUObjectHash: Compacting FUObjectHashTables data took   0.20ms
[2026.02.11-02.17.38:044][430]LogUObjectHash: Compacting FUObjectHashTables data took   0.20ms
[2026.02.11-02.17.38:047][430]LogUObjectHash: Compacting FUObjectHashTables data took   0.20ms
[2026.02.11-02.17.38:051][430]LogUObjectHash: Compacting FUObjectHashTables data took   0.20ms
[2026.02.11-02.17.38:053][430]LogUObjectHash: Compacting FUObjectHashTables data took   0.20ms
[2026.02.11-02.17.38:056][430]LogUObjectHash: Compacting FUObjectHashTables data took   0.20ms
[2026.02.11-02.17.38:059][430]LogUObjectHash: Compacting FUObjectHashTables data took   0.20ms
[2026.02.11-02.17.38:062][430]LogUObjectHash: Compacting FUObjectHashTables data took   0.20ms
[2026.02.11-02.17.38:065][430]LogUObjectHash: Compacting FUObjectHashTables data took   0.19ms
[2026.02.11-02.17.38:068][430]LogUObjectHash: Compacting FUObjectHashTables data took   0.20ms
[2026.02.11-02.17.38:071][430]LogUObjectHash: Compacting FUObjectHashTables data took   0.20ms
[2026.02.11-02.17.38:074][430]LogUObjectHash: Compacting FUObjectHashTables data took   0.21ms
[2026.02.11-02.17.38:077][430]LogUObjectHash: Compacting FUObjectHashTables data took   0.21ms
[2026.02.11-02.17.38:080][430]LogUObjectHash: Compacting FUObjectHashTables data took   0.23ms
[2026.02.11-02.17.38:083][430]LogUObjectHash: Compacting FUObjectHashTables data took   0.20ms
[2026.02.11-02.17.38:086][430]LogUObjectHash: Compacting FUObjectHashTables data took   0.21ms
[2026.02.11-02.17.38:089][430]LogUObjectHash: Compacting FUObjectHashTables data took   0.24ms
[2026.02.11-02.17.38:092][430]LogUObjectHash: Compacting FUObjectHashTables data took   0.22ms
[2026.02.11-02.17.38:095][430]LogUObjectHash: Compacting FUObjectHashTables data took   0.21ms
[2026.02.11-02.17.38:098][430]LogUObjectHash: Compacting FUObjectHashTables data took   0.22ms
[2026.02.11-02.17.38:101][430]LogUObjectHash: Compacting FUObjectHashTables data took   0.22ms
[2026.02.11-02.17.38:104][430]LogUObjectHash: Compacting FUObjectHashTables data took   0.21ms
[2026.02.11-02.17.38:107][430]LogUObjectHash: Compacting FUObjectHashTables data took   0.22ms
[2026.02.11-02.17.38:111][430]LogUObjectHash: Compacting FUObjectHashTables data took   0.22ms
[2026.02.11-02.17.38:114][430]LogUObjectHash: Compacting FUObjectHashTables data took   0.24ms
[2026.02.11-02.17.38:117][430]LogUObjectHash: Compacting FUObjectHashTables data took   0.21ms
[2026.02.11-02.17.38:120][430]LogUObjectHash: Compacting FUObjectHashTables data took   0.21ms
[2026.02.11-02.17.38:123][430]LogUObjectHash: Compacting FUObjectHashTables data took   0.20ms
[2026.02.11-02.17.38:126][430]LogUObjectHash: Compacting FUObjectHashTables data took   0.20ms
[2026.02.11-02.17.38:129][430]LogUObjectHash: Compacting FUObjectHashTables data took   0.20ms
[2026.02.11-02.17.38:132][430]LogUObjectHash: Compacting FUObjectHashTables data took   0.23ms
[2026.02.11-02.17.38:135][430]LogUObjectHash: Compacting FUObjectHashTables data took   0.21ms
[2026.02.11-02.17.38:138][430]LogUObjectHash: Compacting FUObjectHashTables data took   0.21ms
[2026.02.11-02.17.38:141][430]LogUObjectHash: Compacting FUObjectHashTables data took   0.21ms
[2026.02.11-02.17.38:144][430]LogUObjectHash: Compacting FUObjectHashTables data took   0.21ms
[2026.02.11-02.17.38:147][430]LogUObjectHash: Compacting FUObjectHashTables data took   0.20ms
[2026.02.11-02.17.38:150][430]LogUObjectHash: Compacting FUObjectHashTables data took   0.21ms
[2026.02.11-02.17.38:153][430]LogUObjectHash: Compacting FUObjectHashTables data took   0.20ms
[2026.02.11-02.17.38:156][430]LogUObjectHash: Compacting FUObjectHashTables data took   0.20ms
[2026.02.11-02.17.38:159][430]LogUObjectHash: Compacting FUObjectHashTables data took   0.21ms
[2026.02.11-02.17.38:162][430]LogUObjectHash: Compacting FUObjectHashTables data took   0.20ms
[2026.02.11-02.17.38:165][430]LogUObjectHash: Compacting FUObjectHashTables data took   0.20ms
[2026.02.11-02.17.38:168][430]LogUObjectHash: Compacting FUObjectHashTables data took   0.22ms
[2026.02.11-02.17.38:171][430]LogUObjectHash: Compacting FUObjectHashTables data took   0.20ms
[2026.02.11-02.17.38:174][430]LogUObjectHash: Compacting FUObjectHashTables data took   0.19ms
[2026.02.11-02.17.38:177][430]LogUObjectHash: Compacting FUObjectHashTables data took   0.20ms
[2026.02.11-02.17.38:180][430]LogUObjectHash: Compacting FUObjectHashTables data took   0.20ms
[2026.02.11-02.17.38:183][430]LogUObjectHash: Compacting FUObjectHashTables data took   0.20ms
[2026.02.11-02.17.38:191][430]LogUObjectHash: Compacting FUObjectHashTables data took   0.20ms
[2026.02.11-02.17.38:194][430]LogUObjectHash: Compacting FUObjectHashTables data took   0.22ms
[2026.02.11-02.17.38:198][430]LogUObjectHash: Compacting FUObjectHashTables data took   0.21ms
[2026.02.11-02.17.38:200][430]LogUObjectHash: Compacting FUObjectHashTables data took   0.20ms
[2026.02.11-02.17.38:203][430]LogUObjectHash: Compacting FUObjectHashTables data took   0.20ms
[2026.02.11-02.17.38:206][430]LogUObjectHash: Compacting FUObjectHashTables data took   0.20ms
[2026.02.11-02.17.38:209][430]LogUObjectHash: Compacting FUObjectHashTables data took   0.20ms
[2026.02.11-02.17.38:212][430]LogUObjectHash: Compacting FUObjectHashTables data took   0.21ms
[2026.02.11-02.17.38:215][430]LogUObjectHash: Compacting FUObjectHashTables data took   0.22ms
[2026.02.11-02.17.38:218][430]LogUObjectHash: Compacting FUObjectHashTables data took   0.20ms
[2026.02.11-02.17.38:221][430]LogUObjectHash: Compacting FUObjectHashTables data took   0.20ms
[2026.02.11-02.17.38:224][430]LogUObjectHash: Compacting FUObjectHashTables data took   0.20ms
[2026.02.11-02.17.38:227][430]LogUObjectHash: Compacting FUObjectHashTables data took   0.20ms
[2026.02.11-02.17.38:230][430]LogUObjectHash: Compacting FUObjectHashTables data took   0.20ms
[2026.02.11-02.17.38:233][430]LogUObjectHash: Compacting FUObjectHashTables data took   0.20ms
[2026.02.11-02.17.38:236][430]LogUObjectHash: Compacting FUObjectHashTables data took   0.20ms
[2026.02.11-02.17.38:239][430]LogUObjectHash: Compacting FUObjectHashTables data took   0.20ms
[2026.02.11-02.17.38:242][430]LogUObjectHash: Compacting FUObjectHashTables data took   0.25ms
[2026.02.11-02.17.38:245][430]LogUObjectHash: Compacting FUObjectHashTables data took   0.20ms
[2026.02.11-02.17.38:248][430]LogUObjectHash: Compacting FUObjectHashTables data took   0.20ms
[2026.02.11-02.17.38:250][430]LogUObjectHash: Compacting FUObjectHashTables data took   0.20ms
[2026.02.11-02.17.38:253][430]LogUObjectHash: Compacting FUObjectHashTables data took   0.19ms
[2026.02.11-02.17.38:256][430]LogUObjectHash: Compacting FUObjectHashTables data took   0.19ms
[2026.02.11-02.17.38:259][430]LogUObjectHash: Compacting FUObjectHashTables data took   0.20ms
[2026.02.11-02.17.38:262][430]LogUObjectHash: Compacting FUObjectHashTables data took   0.20ms
[2026.02.11-02.17.38:265][430]LogUObjectHash: Compacting FUObjectHashTables data took   0.20ms
[2026.02.11-02.17.38:268][430]LogUObjectHash: Compacting FUObjectHashTables data took   0.20ms
[2026.02.11-02.17.38:271][430]LogUObjectHash: Compacting FUObjectHashTables data took   0.20ms
[2026.02.11-02.17.38:274][430]LogUObjectHash: Compacting FUObjectHashTables data took   0.20ms
[2026.02.11-02.17.38:277][430]LogUObjectHash: Compacting FUObjectHashTables data took   0.20ms
[2026.02.11-02.17.38:280][430]LogUObjectHash: Compacting FUObjectHashTables data took   0.20ms
[2026.02.11-02.17.38:282][430]LogUObjectHash: Compacting FUObjectHashTables data took   0.19ms
[2026.02.11-02.17.38:285][430]LogUObjectHash: Compacting FUObjectHashTables data took   0.19ms
[2026.02.11-02.17.38:288][430]LogUObjectHash: Compacting FUObjectHashTables data took   0.20ms
[2026.02.11-02.17.38:291][430]LogUObjectHash: Compacting FUObjectHashTables data took   0.20ms
[2026.02.11-02.17.38:294][430]LogUObjectHash: Compacting FUObjectHashTables data took   0.19ms
[2026.02.11-02.17.38:297][430]LogUObjectHash: Compacting FUObjectHashTables data took   0.20ms
[2026.02.11-02.17.38:300][430]LogUObjectHash: Compacting FUObjectHashTables data took   0.20ms
[2026.02.11-02.17.38:303][430]LogUObjectHash: Compacting FUObjectHashTables data took   0.20ms
[2026.02.11-02.17.38:306][430]LogUObjectHash: Compacting FUObjectHashTables data took   0.20ms
[2026.02.11-02.17.38:309][430]LogUObjectHash: Compacting FUObjectHashTables data took   0.20ms
[2026.02.11-02.17.38:312][430]LogUObjectHash: Compacting FUObjectHashTables data took   0.20ms
[2026.02.11-02.17.38:315][430]LogUObjectHash: Compacting FUObjectHashTables data took   0.20ms
[2026.02.11-02.17.38:318][430]LogUObjectHash: Compacting FUObjectHashTables data took   0.20ms
[2026.02.11-02.17.38:321][430]LogUObjectHash: Compacting FUObjectHashTables data took   0.22ms
[2026.02.11-02.17.38:323][430]LogUObjectHash: Compacting FUObjectHashTables data took   0.20ms
[2026.02.11-02.17.38:326][430]LogUObjectHash: Compacting FUObjectHashTables data took   0.19ms
[2026.02.11-02.17.38:329][430]LogUObjectHash: Compacting FUObjectHashTables data took   0.19ms
[2026.02.11-02.17.38:332][430]LogUObjectHash: Compacting FUObjectHashTables data took   0.20ms
[2026.02.11-02.17.38:335][430]LogUObjectHash: Compacting FUObjectHashTables data took   0.20ms
[2026.02.11-02.17.38:338][430]LogUObjectHash: Compacting FUObjectHashTables data took   0.20ms
[2026.02.11-02.17.38:341][430]LogUObjectHash: Compacting FUObjectHashTables data took   0.20ms
[2026.02.11-02.17.38:344][430]LogUObjectHash: Compacting FUObjectHashTables data took   0.20ms
[2026.02.11-02.17.38:347][430]LogUObjectHash: Compacting FUObjectHashTables data took   0.20ms
[2026.02.11-02.17.38:350][430]LogUObjectHash: Compacting FUObjectHashTables data took   0.20ms
[2026.02.11-02.17.38:353][430]LogUObjectHash: Compacting FUObjectHashTables data took   0.24ms
[2026.02.11-02.17.38:356][430]LogUObjectHash: Compacting FUObjectHashTables data took   0.20ms
[2026.02.11-02.17.38:359][430]LogUObjectHash: Compacting FUObjectHashTables data took   0.20ms
[2026.02.11-02.17.38:362][430]LogUObjectHash: Compacting FUObjectHashTables data took   0.20ms
[2026.02.11-02.17.38:365][430]LogUObjectHash: Compacting FUObjectHashTables data took   0.20ms
[2026.02.11-02.17.38:368][430]LogUObjectHash: Compacting FUObjectHashTables data took   0.20ms
[2026.02.11-02.17.38:371][430]LogUObjectHash: Compacting FUObjectHashTables data took   0.21ms
[2026.02.11-02.17.38:374][430]LogUObjectHash: Compacting FUObjectHashTables data took   0.22ms
[2026.02.11-02.17.38:377][430]LogUObjectHash: Compacting FUObjectHashTables data took   0.20ms
[2026.02.11-02.17.38:380][430]LogUObjectHash: Compacting FUObjectHashTables data took   0.20ms
[2026.02.11-02.17.38:383][430]LogUObjectHash: Compacting FUObjectHashTables data took   0.20ms
[2026.02.11-02.17.38:388][430]LogUObjectHash: Compacting FUObjectHashTables data took   0.21ms
[2026.02.11-02.17.38:391][430]LogUObjectHash: Compacting FUObjectHashTables data took   0.20ms
[2026.02.11-02.17.38:394][430]LogUObjectHash: Compacting FUObjectHashTables data took   0.20ms
[2026.02.11-02.17.38:398][430]LogUObjectHash: Compacting FUObjectHashTables data took   0.21ms
[2026.02.11-02.17.38:401][430]LogUObjectHash: Compacting FUObjectHashTables data took   0.21ms
[2026.02.11-02.17.38:404][430]LogUObjectHash: Compacting FUObjectHashTables data took   0.20ms
[2026.02.11-02.17.38:407][430]LogUObjectHash: Compacting FUObjectHashTables data took   0.20ms
[2026.02.11-02.17.38:410][430]LogUObjectHash: Compacting FUObjectHashTables data took   0.20ms
[2026.02.11-02.17.38:413][430]LogUObjectHash: Compacting FUObjectHashTables data took   0.20ms
[2026.02.11-02.17.38:416][430]LogUObjectHash: Compacting FUObjectHashTables data took   0.21ms
[2026.02.11-02.17.38:419][430]LogUObjectHash: Compacting FUObjectHashTables data took   0.20ms
[2026.02.11-02.17.38:422][430]LogUObjectHash: Compacting FUObjectHashTables data took   0.20ms
[2026.02.11-02.17.38:425][430]LogUObjectHash: Compacting FUObjectHashTables data took   0.20ms
[2026.02.11-02.17.38:428][430]LogUObjectHash: Compacting FUObjectHashTables data took   0.20ms
[2026.02.11-02.17.38:431][430]LogUObjectHash: Compacting FUObjectHashTables data took   0.23ms
[2026.02.11-02.17.38:434][430]LogUObjectHash: Compacting FUObjectHashTables data took   0.20ms
[2026.02.11-02.17.38:437][430]LogUObjectHash: Compacting FUObjectHashTables data took   0.20ms
[2026.02.11-02.17.38:440][430]LogUObjectHash: Compacting FUObjectHashTables data took   0.20ms
[2026.02.11-02.17.38:443][430]LogUObjectHash: Compacting FUObjectHashTables data took   0.20ms
[2026.02.11-02.17.38:446][430]LogUObjectHash: Compacting FUObjectHashTables data took   0.21ms
[2026.02.11-02.17.38:449][430]LogUObjectHash: Compacting FUObjectHashTables data took   0.20ms
[2026.02.11-02.17.38:451][430]LogUObjectHash: Compacting FUObjectHashTables data took   0.20ms
[2026.02.11-02.17.38:454][430]LogUObjectHash: Compacting FUObjectHashTables data took   0.19ms
[2026.02.11-02.17.38:457][430]LogUObjectHash: Compacting FUObjectHashTables data took   0.19ms
[2026.02.11-02.17.38:460][430]LogUObjectHash: Compacting FUObjectHashTables data took   0.20ms
[2026.02.11-02.17.38:463][430]LogUObjectHash: Compacting FUObjectHashTables data took   0.20ms
[2026.02.11-02.17.38:466][430]LogUObjectHash: Compacting FUObjectHashTables data took   0.20ms
[2026.02.11-02.17.38:469][430]LogUObjectHash: Compacting FUObjectHashTables data took   0.20ms
[2026.02.11-02.17.38:472][430]LogUObjectHash: Compacting FUObjectHashTables data took   0.20ms
[2026.02.11-02.17.38:475][430]LogUObjectHash: Compacting FUObjectHashTables data took   0.19ms
[2026.02.11-02.17.38:478][430]LogUObjectHash: Compacting FUObjectHashTables data took   0.21ms
[2026.02.11-02.17.38:481][430]LogUObjectHash: Compacting FUObjectHashTables data took   0.20ms
[2026.02.11-02.17.38:484][430]LogUObjectHash: Compacting FUObjectHashTables data took   0.20ms
[2026.02.11-02.17.38:487][430]LogUObjectHash: Compacting FUObjectHashTables data took   0.20ms
[2026.02.11-02.17.38:490][430]LogUObjectHash: Compacting FUObjectHashTables data took   0.20ms
[2026.02.11-02.17.38:493][430]LogUObjectHash: Compacting FUObjectHashTables data took   0.20ms
[2026.02.11-02.17.38:496][430]LogUObjectHash: Compacting FUObjectHashTables data took   0.20ms
[2026.02.11-02.17.38:499][430]LogUObjectHash: Compacting FUObjectHashTables data took   0.20ms
[2026.02.11-02.17.38:502][430]LogUObjectHash: Compacting FUObjectHashTables data took   0.20ms
[2026.02.11-02.17.38:505][430]LogUObjectHash: Compacting FUObjectHashTables data took   0.20ms
[2026.02.11-02.17.38:508][430]LogUObjectHash: Compacting FUObjectHashTables data took   0.20ms
[2026.02.11-02.17.38:511][430]LogUObjectHash: Compacting FUObjectHashTables data took   0.20ms
[2026.02.11-02.17.38:514][430]LogUObjectHash: Compacting FUObjectHashTables data took   0.20ms
[2026.02.11-02.17.38:517][430]LogUObjectHash: Compacting FUObjectHashTables data took   0.20ms
[2026.02.11-02.17.38:520][430]LogUObjectHash: Compacting FUObjectHashTables data took   0.20ms
[2026.02.11-02.17.38:523][430]LogUObjectHash: Compacting FUObjectHashTables data took   0.20ms
[2026.02.11-02.17.38:526][430]LogUObjectHash: Compacting FUObjectHashTables data took   0.20ms
[2026.02.11-02.17.38:529][430]LogUObjectHash: Compacting FUObjectHashTables data took   0.20ms
[2026.02.11-02.17.38:532][430]LogUObjectHash: Compacting FUObjectHashTables data took   0.20ms
[2026.02.11-02.17.38:535][430]LogUObjectHash: Compacting FUObjectHashTables data took   0.20ms
[2026.02.11-02.17.38:538][430]LogUObjectHash: Compacting FUObjectHashTables data took   0.20ms
[2026.02.11-02.17.38:541][430]LogUObjectHash: Compacting FUObjectHashTables data took   0.20ms
[2026.02.11-02.17.38:544][430]LogUObjectHash: Compacting FUObjectHashTables data took   0.20ms
[2026.02.11-02.17.38:547][430]LogUObjectHash: Compacting FUObjectHashTables data took   0.20ms
[2026.02.11-02.17.38:550][430]LogUObjectHash: Compacting FUObjectHashTables data took   0.20ms
[2026.02.11-02.17.38:553][430]LogUObjectHash: Compacting FUObjectHashTables data took   0.20ms
[2026.02.11-02.17.38:556][430]LogUObjectHash: Compacting FUObjectHashTables data took   0.20ms
[2026.02.11-02.17.38:559][430]LogUObjectHash: Compacting FUObjectHashTables data took   0.20ms
[2026.02.11-02.17.38:562][430]LogUObjectHash: Compacting FUObjectHashTables data took   0.20ms
[2026.02.11-02.17.38:565][430]LogUObjectHash: Compacting FUObjectHashTables data took   0.20ms
[2026.02.11-02.17.38:568][430]LogUObjectHash: Compacting FUObjectHashTables data took   0.20ms
[2026.02.11-02.17.38:570][430]LogUObjectHash: Compacting FUObjectHashTables data took   0.20ms
[2026.02.11-02.17.38:573][430]LogUObjectHash: Compacting FUObjectHashTables data took   0.20ms
[2026.02.11-02.17.38:576][430]LogUObjectHash: Compacting FUObjectHashTables data took   0.19ms
[2026.02.11-02.17.38:579][430]LogUObjectHash: Compacting FUObjectHashTables data took   0.20ms
[2026.02.11-02.17.38:582][430]LogUObjectHash: Compacting FUObjectHashTables data took   0.19ms
[2026.02.11-02.17.38:585][430]LogUObjectHash: Compacting FUObjectHashTables data took   0.20ms
[2026.02.11-02.17.38:589][430]LogUObjectHash: Compacting FUObjectHashTables data took   0.20ms
[2026.02.11-02.17.38:592][430]LogUObjectHash: Compacting FUObjectHashTables data took   0.20ms
[2026.02.11-02.17.38:595][430]LogUObjectHash: Compacting FUObjectHashTables data took   0.20ms
[2026.02.11-02.17.38:598][430]LogUObjectHash: Compacting FUObjectHashTables data took   0.20ms
[2026.02.11-02.17.38:601][430]LogUObjectHash: Compacting FUObjectHashTables data took   0.20ms
[2026.02.11-02.17.38:604][430]LogUObjectHash: Compacting FUObjectHashTables data took   0.21ms
[2026.02.11-02.17.38:608][430]LogUObjectHash: Compacting FUObjectHashTables data took   0.22ms
[2026.02.11-02.17.38:611][430]LogUObjectHash: Compacting FUObjectHashTables data took   0.20ms
[2026.02.11-02.17.38:613][430]LogUObjectHash: Compacting FUObjectHashTables data took   0.20ms
[2026.02.11-02.17.38:616][430]LogUObjectHash: Compacting FUObjectHashTables data took   0.22ms
[2026.02.11-02.17.38:619][430]LogUObjectHash: Compacting FUObjectHashTables data took   0.20ms
[2026.02.11-02.17.38:622][430]LogUObjectHash: Compacting FUObjectHashTables data took   0.21ms
[2026.02.11-02.17.38:625][430]LogUObjectHash: Compacting FUObjectHashTables data took   0.22ms
[2026.02.11-02.17.38:629][430]LogUObjectHash: Compacting FUObjectHashTables data took   0.22ms
[2026.02.11-02.17.38:632][430]LogUObjectHash: Compacting FUObjectHashTables data took   0.21ms
[2026.02.11-02.17.38:635][430]LogUObjectHash: Compacting FUObjectHashTables data took   0.20ms
[2026.02.11-02.17.38:638][430]LogUObjectHash: Compacting FUObjectHashTables data took   0.20ms
[2026.02.11-02.17.38:641][430]LogUObjectHash: Compacting FUObjectHashTables data took   0.20ms
[2026.02.11-02.17.38:644][430]LogUObjectHash: Compacting FUObjectHashTables data took   0.20ms
[2026.02.11-02.17.38:647][430]LogUObjectHash: Compacting FUObjectHashTables data took   0.20ms
[2026.02.11-02.17.38:650][430]LogUObjectHash: Compacting FUObjectHashTables data took   0.22ms
[2026.02.11-02.17.38:653][430]LogUObjectHash: Compacting FUObjectHashTables data took   0.20ms
[2026.02.11-02.17.38:656][430]LogUObjectHash: Compacting FUObjectHashTables data took   0.21ms
[2026.02.11-02.17.38:659][430]LogUObjectHash: Compacting FUObjectHashTables data took   0.20ms
[2026.02.11-02.17.38:662][430]LogUObjectHash: Compacting FUObjectHashTables data took   0.20ms
[2026.02.11-02.17.38:665][430]LogUObjectHash: Compacting FUObjectHashTables data took   0.20ms
[2026.02.11-02.17.38:668][430]LogUObjectHash: Compacting FUObjectHashTables data took   0.20ms
[2026.02.11-02.17.38:671][430]LogUObjectHash: Compacting FUObjectHashTables data took   0.20ms
[2026.02.11-02.17.38:674][430]LogUObjectHash: Compacting FUObjectHashTables data took   0.20ms
[2026.02.11-02.17.38:677][430]LogUObjectHash: Compacting FUObjectHashTables data took   0.20ms
[2026.02.11-02.17.38:680][430]LogUObjectHash: Compacting FUObjectHashTables data took   0.20ms
[2026.02.11-02.17.38:682][430]LogUObjectHash: Compacting FUObjectHashTables data took   0.20ms
[2026.02.11-02.17.38:685][430]LogUObjectHash: Compacting FUObjectHashTables data took   0.19ms
[2026.02.11-02.17.38:688][430]LogUObjectHash: Compacting FUObjectHashTables data took   0.20ms
[2026.02.11-02.17.38:691][430]LogUObjectHash: Compacting FUObjectHashTables data took   0.20ms
[2026.02.11-02.17.38:694][430]LogUObjectHash: Compacting FUObjectHashTables data took   0.20ms
[2026.02.11-02.17.38:697][430]LogUObjectHash: Compacting FUObjectHashTables data took   0.20ms
[2026.02.11-02.17.38:700][430]LogUObjectHash: Compacting FUObjectHashTables data took   0.20ms
[2026.02.11-02.17.38:703][430]LogUObjectHash: Compacting FUObjectHashTables data took   0.20ms
[2026.02.11-02.17.38:706][430]LogUObjectHash: Compacting FUObjectHashTables data took   0.20ms
[2026.02.11-02.17.38:709][430]LogUObjectHash: Compacting FUObjectHashTables data took   0.20ms
[2026.02.11-02.17.38:712][430]LogUObjectHash: Compacting FUObjectHashTables data took   0.20ms
[2026.02.11-02.17.38:715][430]LogUObjectHash: Compacting FUObjectHashTables data took   0.20ms
[2026.02.11-02.17.38:718][430]LogUObjectHash: Compacting FUObjectHashTables data took   0.19ms
[2026.02.11-02.17.38:721][430]LogUObjectHash: Compacting FUObjectHashTables data took   0.20ms
[2026.02.11-02.17.38:724][430]LogUObjectHash: Compacting FUObjectHashTables data took   0.20ms
[2026.02.11-02.17.38:727][430]LogUObjectHash: Compacting FUObjectHashTables data took   0.20ms
[2026.02.11-02.17.38:730][430]LogUObjectHash: Compacting FUObjectHashTables data took   0.21ms
[2026.02.11-02.17.38:733][430]LogUObjectHash: Compacting FUObjectHashTables data took   0.21ms
[2026.02.11-02.17.38:736][430]LogUObjectHash: Compacting FUObjectHashTables data took   0.20ms
[2026.02.11-02.17.38:739][430]LogUObjectHash: Compacting FUObjectHashTables data took   0.20ms
[2026.02.11-02.17.38:741][430]LogUObjectHash: Compacting FUObjectHashTables data took   0.19ms
[2026.02.11-02.17.38:744][430]LogUObjectHash: Compacting FUObjectHashTables data took   0.20ms
[2026.02.11-02.17.38:747][430]LogUObjectHash: Compacting FUObjectHashTables data took   0.20ms
[2026.02.11-02.17.38:750][430]LogUObjectHash: Compacting FUObjectHashTables data took   0.20ms
[2026.02.11-02.17.38:753][430]LogUObjectHash: Compacting FUObjectHashTables data took   0.19ms
[2026.02.11-02.17.38:756][430]LogUObjectHash: Compacting FUObjectHashTables data took   0.20ms
[2026.02.11-02.17.38:759][430]LogUObjectHash: Compacting FUObjectHashTables data took   0.20ms
[2026.02.11-02.17.38:762][430]LogUObjectHash: Compacting FUObjectHashTables data took   0.20ms
[2026.02.11-02.17.38:765][430]LogUObjectHash: Compacting FUObjectHashTables data took   0.20ms
[2026.02.11-02.17.38:767][430]LogUObjectHash: Compacting FUObjectHashTables data took   0.20ms
[2026.02.11-02.17.38:770][430]LogUObjectHash: Compacting FUObjectHashTables data took   0.19ms
[2026.02.11-02.17.38:773][430]LogUObjectHash: Compacting FUObjectHashTables data took   0.19ms
[2026.02.11-02.17.38:776][430]LogUObjectHash: Compacting FUObjectHashTables data took   0.20ms
[2026.02.11-02.17.38:779][430]LogUObjectHash: Compacting FUObjectHashTables data took   0.20ms
[2026.02.11-02.17.38:782][430]LogUObjectHash: Compacting FUObjectHashTables data took   0.20ms
[2026.02.11-02.17.38:785][430]LogUObjectHash: Compacting FUObjectHashTables data took   0.20ms
[2026.02.11-02.17.38:790][430]LogUObjectHash: Compacting FUObjectHashTables data took   0.20ms
[2026.02.11-02.17.38:793][430]LogUObjectHash: Compacting FUObjectHashTables data took   0.20ms
[2026.02.11-02.17.38:796][430]LogUObjectHash: Compacting FUObjectHashTables data took   0.21ms
[2026.02.11-02.17.38:799][430]LogUObjectHash: Compacting FUObjectHashTables data took   0.20ms
[2026.02.11-02.17.38:802][430]LogUObjectHash: Compacting FUObjectHashTables data took   0.20ms
[2026.02.11-02.17.38:805][430]LogUObjectHash: Compacting FUObjectHashTables data took   0.20ms
[2026.02.11-02.17.38:808][430]LogUObjectHash: Compacting FUObjectHashTables data took   0.20ms
[2026.02.11-02.17.38:811][430]LogUObjectHash: Compacting FUObjectHashTables data took   0.20ms
[2026.02.11-02.17.38:814][430]LogUObjectHash: Compacting FUObjectHashTables data took   0.20ms
[2026.02.11-02.17.38:817][430]LogUObjectHash: Compacting FUObjectHashTables data took   0.20ms
[2026.02.11-02.17.38:820][430]LogUObjectHash: Compacting FUObjectHashTables data took   0.20ms
[2026.02.11-02.17.38:823][430]LogUObjectHash: Compacting FUObjectHashTables data took   0.20ms
[2026.02.11-02.17.38:826][430]LogUObjectHash: Compacting FUObjectHashTables data took   0.20ms
[2026.02.11-02.17.38:829][430]LogUObjectHash: Compacting FUObjectHashTables data took   0.20ms
[2026.02.11-02.17.38:831][430]LogUObjectHash: Compacting FUObjectHashTables data took   0.19ms
[2026.02.11-02.17.38:834][430]LogUObjectHash: Compacting FUObjectHashTables data took   0.20ms
[2026.02.11-02.17.38:837][430]LogUObjectHash: Compacting FUObjectHashTables data took   0.20ms
[2026.02.11-02.17.38:840][430]LogUObjectHash: Compacting FUObjectHashTables data took   0.20ms
[2026.02.11-02.17.38:843][430]LogUObjectHash: Compacting FUObjectHashTables data took   0.19ms
[2026.02.11-02.17.38:846][430]LogUObjectHash: Compacting FUObjectHashTables data took   0.19ms
[2026.02.11-02.17.38:849][430]LogUObjectHash: Compacting FUObjectHashTables data took   0.20ms
[2026.02.11-02.17.38:852][430]LogUObjectHash: Compacting FUObjectHashTables data took   0.20ms
[2026.02.11-02.17.38:855][430]LogUObjectHash: Compacting FUObjectHashTables data took   0.20ms
[2026.02.11-02.17.38:858][430]LogUObjectHash: Compacting FUObjectHashTables data took   0.19ms
[2026.02.11-02.17.38:861][430]LogUObjectHash: Compacting FUObjectHashTables data took   0.20ms
[2026.02.11-02.17.38:869][430]LogUObjectHash: Compacting FUObjectHashTables data took   0.51ms
[2026.02.11-02.17.38:872][430]LogUObjectHash: Compacting FUObjectHashTables data took   0.20ms
[2026.02.11-02.17.39:028][430]AssetCheck: New page: 资产保存：多个资产
[2026.02.11-02.17.39:028][430]LogContentValidation: Display: 正在验证Material /Game/Dormitory/Material/M_Model.M_Model
[2026.02.11-02.17.39:028][430]LogContentValidation: Display: 正在验证Texture2D /Game/Dormitory/Texture/T_Model_Normal.T_Model_Normal
[2026.02.11-02.17.39:028][430]LogContentValidation: Display: 正在验证Texture2D /Game/Dormitory/Texture/T_Model_BaseColor.T_Model_BaseColor
[2026.02.11-02.17.39:028][430]LogContentValidation: Display: 正在验证Texture2D /Game/Dormitory/Texture/T_Mask.T_Mask
[2026.02.11-02.17.39:028][430]LogContentValidation: Display: 正在验证MapBuildDataRegistry /Game/Dormitory/Map/model_BuiltData.model_BuiltData
[2026.02.11-02.17.39:028][430]LogContentValidation: Display: 正在验证Texture2D /Game/Dormitory/Texture/T_d101.T_d101
[2026.02.11-02.17.39:028][430]LogContentValidation: Display: 正在验证MaterialInstanceConstant /Game/Dormitory/Material/MI_Deco_02.MI_Deco_02
[2026.02.11-02.17.39:028][430]LogContentValidation: Display: 正在验证Texture2D /Game/Dormitory/Texture/T_Wall_BaseColor.T_Wall_BaseColor
[2026.02.11-02.17.39:028][430]LogContentValidation: Display: 正在验证Texture2D /Game/Dormitory/Texture/T_Wall_Normal.T_Wall_Normal
[2026.02.11-02.17.39:028][430]LogContentValidation: Display: 正在验证Material /Game/Dormitory/Material/M_Wall.M_Wall
[2026.02.11-02.17.39:028][430]LogContentValidation: Display: 正在验证MaterialInstanceConstant /Game/Dormitory/Material/MI_Wall.MI_Wall
[2026.02.11-02.17.39:028][430]LogContentValidation: Display: 正在验证MaterialInstanceConstant /Game/Dormitory/Material/MI_Deco_34.MI_Deco_34
[2026.02.11-02.17.39:028][430]LogContentValidation: Display: 正在验证StaticMesh /Game/Dormitory/Mesh/SM_Basin_01.SM_Basin_01
[2026.02.11-02.17.39:028][430]LogContentValidation: Display: 正在验证MaterialInstanceConstant /Game/Dormitory/Material/MI_Deco_44.MI_Deco_44
[2026.02.11-02.17.39:028][430]LogContentValidation: Display: 正在验证StaticMesh /Game/Dormitory/Mesh/SM_Basin_02.SM_Basin_02
[2026.02.11-02.17.39:028][430]LogContentValidation: Display: 正在验证MaterialInstanceConstant /Game/Dormitory/Material/MI_Deco_46.MI_Deco_46
[2026.02.11-02.17.39:028][430]LogContentValidation: Display: 正在验证StaticMesh /Game/Dormitory/Mesh/SM_Basin_03.SM_Basin_03
[2026.02.11-02.17.39:028][430]LogContentValidation: Display: 正在验证StaticMesh /Game/Dormitory/Mesh/SM_Basin_04.SM_Basin_04
[2026.02.11-02.17.39:028][430]LogContentValidation: Display: 正在验证MaterialInstanceConstant /Game/Dormitory/Material/MI_Deco_59.MI_Deco_59
[2026.02.11-02.17.39:028][430]LogContentValidation: Display: 正在验证StaticMesh /Game/Dormitory/Mesh/SM_Basin_05.SM_Basin_05
[2026.02.11-02.17.39:028][430]LogContentValidation: Display: 正在验证MaterialInstanceConstant /Game/Dormitory/Material/MI_Deco_53.MI_Deco_53
[2026.02.11-02.17.39:028][430]LogContentValidation: Display: 正在验证StaticMesh /Game/Dormitory/Mesh/SM_Basin_06.SM_Basin_06
[2026.02.11-02.17.39:028][430]LogContentValidation: Display: 正在验证MaterialInstanceConstant /Game/Dormitory/Material/MI_Black_SmoothPlastic.MI_Black_SmoothPlastic
[2026.02.11-02.17.39:028][430]LogContentValidation: Display: 正在验证Texture2D /Game/Dormitory/Texture/T_Noise01_Normal.T_Noise01_Normal
[2026.02.11-02.17.39:028][430]LogContentValidation: Display: 正在验证MaterialInstanceConstant /Game/Dormitory/Material/MI_Deco_03.MI_Deco_03
[2026.02.11-02.17.39:028][430]LogContentValidation: Display: 正在验证MaterialInstanceConstant /Game/Dormitory/Material/MI_Deco_04.MI_Deco_04
[2026.02.11-02.17.39:028][430]LogContentValidation: Display: 正在验证Texture2D /Game/Dormitory/Texture/T_d1.T_d1
[2026.02.11-02.17.39:029][430]LogContentValidation: Display: 正在验证MaterialInstanceConstant /Game/Dormitory/Material/MI_Deco_05.MI_Deco_05
[2026.02.11-02.17.39:029][430]LogContentValidation: Display: 正在验证StaticMesh /Game/Dormitory/Mesh/SM_Bed_01.SM_Bed_01
[2026.02.11-02.17.39:029][430]LogContentValidation: Display: 正在验证StaticMesh /Game/Dormitory/Mesh/SM_Bed_02.SM_Bed_02
[2026.02.11-02.17.39:029][430]LogContentValidation: Display: 正在验证StaticMesh /Game/Dormitory/Mesh/SM_Bed_03.SM_Bed_03
[2026.02.11-02.17.39:029][430]LogContentValidation: Display: 正在验证Texture2D /Game/Dormitory/Texture/T_Book07_Cover.T_Book07_Cover
[2026.02.11-02.17.39:029][430]LogContentValidation: Display: 正在验证MaterialInstanceConstant /Game/Dormitory/Material/MI_Book02_Cover.MI_Book02_Cover
[2026.02.11-02.17.39:029][430]LogContentValidation: Display: 正在验证Texture2D /Game/Dormitory/Texture/T_Book08_Cover.T_Book08_Cover
[2026.02.11-02.17.39:029][430]LogContentValidation: Display: 正在验证MaterialInstanceConstant /Game/Dormitory/Material/MI_Book03_Cover.MI_Book03_Cover
[2026.02.11-02.17.39:029][430]LogContentValidation: Display: 正在验证Texture2D /Game/Dormitory/Texture/T_Book05_Cover.T_Book05_Cover
[2026.02.11-02.17.39:029][430]LogContentValidation: Display: 正在验证MaterialInstanceConstant /Game/Dormitory/Material/MI_Book05_Cover.MI_Book05_Cover
[2026.02.11-02.17.39:029][430]LogContentValidation: Display: 正在验证Texture2D /Game/Dormitory/Texture/T_Book02_Cover.T_Book02_Cover
[2026.02.11-02.17.39:029][430]LogContentValidation: Display: 正在验证MaterialInstanceConstant /Game/Dormitory/Material/MI_Book07_Cover.MI_Book07_Cover
[2026.02.11-02.17.39:029][430]LogContentValidation: Display: 正在验证Texture2D /Game/Dormitory/Texture/T_Book_Page.T_Book_Page
[2026.02.11-02.17.39:029][430]LogContentValidation: Display: 正在验证MaterialInstanceConstant /Game/Dormitory/Material/MI_BookPage_Horizontal.MI_BookPage_Horizontal
[2026.02.11-02.17.39:029][430]LogContentValidation: Display: 正在验证Texture2D /Game/Dormitory/Texture/T_d5.T_d5
[2026.02.11-02.17.39:029][430]LogContentValidation: Display: 正在验证MaterialInstanceConstant /Game/Dormitory/Material/MI_Deco_08.MI_Deco_08
[2026.02.11-02.17.39:029][430]LogContentValidation: Display: 正在验证StaticMesh /Game/Dormitory/Mesh/SM_Book_01.SM_Book_01
[2026.02.11-02.17.39:029][430]LogContentValidation: Display: 正在验证Texture2D /Game/Dormitory/Texture/T_d7.T_d7
[2026.02.11-02.17.39:029][430]LogContentValidation: Display: 正在验证MaterialInstanceConstant /Game/Dormitory/Material/MI_Deco_12.MI_Deco_12
[2026.02.11-02.17.39:029][430]LogContentValidation: Display: 正在验证Texture2D /Game/Dormitory/Texture/T_d8.T_d8
[2026.02.11-02.17.39:029][430]LogContentValidation: Display: 正在验证MaterialInstanceConstant /Game/Dormitory/Material/MI_Deco_13.MI_Deco_13
[2026.02.11-02.17.39:029][430]LogContentValidation: Display: 正在验证Texture2D /Game/Dormitory/Texture/T_d9.T_d9
[2026.02.11-02.17.39:029][430]LogContentValidation: Display: 正在验证MaterialInstanceConstant /Game/Dormitory/Material/MI_Deco_14.MI_Deco_14
[2026.02.11-02.17.39:029][430]LogContentValidation: Display: 正在验证Texture2D /Game/Dormitory/Texture/T_d10.T_d10
[2026.02.11-02.17.39:029][430]LogContentValidation: Display: 正在验证MaterialInstanceConstant /Game/Dormitory/Material/MI_Deco_15.MI_Deco_15
[2026.02.11-02.17.39:029][430]LogContentValidation: Display: 正在验证Texture2D /Game/Dormitory/Texture/T_d12.T_d12
[2026.02.11-02.17.39:029][430]LogContentValidation: Display: 正在验证MaterialInstanceConstant /Game/Dormitory/Material/MI_Deco_16.MI_Deco_16
[2026.02.11-02.17.39:029][430]LogContentValidation: Display: 正在验证Texture2D /Game/Dormitory/Texture/T_d13.T_d13
[2026.02.11-02.17.39:029][430]LogContentValidation: Display: 正在验证MaterialInstanceConstant /Game/Dormitory/Material/MI_Deco_17.MI_Deco_17
[2026.02.11-02.17.39:029][430]LogContentValidation: Display: 正在验证Texture2D /Game/Dormitory/Texture/T_d14.T_d14
[2026.02.11-02.17.39:029][430]LogContentValidation: Display: 正在验证MaterialInstanceConstant /Game/Dormitory/Material/MI_Deco_18.MI_Deco_18
[2026.02.11-02.17.39:029][430]LogContentValidation: Display: 正在验证StaticMesh /Game/Dormitory/Mesh/SM_Book_02.SM_Book_02
[2026.02.11-02.17.39:029][430]LogContentValidation: Display: 正在验证Texture2D /Game/Dormitory/Texture/T_Book01_Cover.T_Book01_Cover
[2026.02.11-02.17.39:029][430]LogContentValidation: Display: 正在验证MaterialInstanceConstant /Game/Dormitory/Material/MI_Book01_Cover.MI_Book01_Cover
[2026.02.11-02.17.39:029][430]LogContentValidation: Display: 正在验证Texture2D /Game/Dormitory/Texture/T_Book04_Cover.T_Book04_Cover
[2026.02.11-02.17.39:029][430]LogContentValidation: Display: 正在验证MaterialInstanceConstant /Game/Dormitory/Material/MI_Book04_Cover.MI_Book04_Cover
[2026.02.11-02.17.39:029][430]LogContentValidation: Display: 正在验证Texture2D /Game/Dormitory/Texture/T_d29.T_d29
[2026.02.11-02.17.39:029][430]LogContentValidation: Display: 正在验证MaterialInstanceConstant /Game/Dormitory/Material/MI_Deco_31.MI_Deco_31
[2026.02.11-02.17.39:029][430]LogContentValidation: Display: 正在验证Texture2D /Game/Dormitory/Texture/T_d30.T_d30
[2026.02.11-02.17.39:029][430]LogContentValidation: Display: 正在验证MaterialInstanceConstant /Game/Dormitory/Material/MI_Deco_32.MI_Deco_32
[2026.02.11-02.17.39:029][430]LogContentValidation: Display: 正在验证Texture2D /Game/Dormitory/Texture/T_d31.T_d31
[2026.02.11-02.17.39:029][430]LogContentValidation: Display: 正在验证MaterialInstanceConstant /Game/Dormitory/Material/MI_Deco_33.MI_Deco_33
[2026.02.11-02.17.39:029][430]LogContentValidation: Display: 正在验证StaticMesh /Game/Dormitory/Mesh/SM_Book_03.SM_Book_03
[2026.02.11-02.17.39:029][430]LogContentValidation: Display: 正在验证Texture2D /Game/Dormitory/Texture/T_d22.T_d22
[2026.02.11-02.17.39:029][430]LogContentValidation: Display: 正在验证MaterialInstanceConstant /Game/Dormitory/Material/MI_Deco_27.MI_Deco_27
[2026.02.11-02.17.39:029][430]LogContentValidation: Display: 正在验证Texture2D /Game/Dormitory/Texture/T_d23.T_d23
[2026.02.11-02.17.39:029][430]LogContentValidation: Display: 正在验证MaterialInstanceConstant /Game/Dormitory/Material/MI_Deco_41.MI_Deco_41
[2026.02.11-02.17.39:029][430]LogContentValidation: Display: 正在验证Texture2D /Game/Dormitory/Texture/T_d24.T_d24
[2026.02.11-02.17.39:029][430]LogContentValidation: Display: 正在验证MaterialInstanceConstant /Game/Dormitory/Material/MI_Deco_42.MI_Deco_42
[2026.02.11-02.17.39:029][430]LogContentValidation: Display: 正在验证Texture2D /Game/Dormitory/Texture/T_d25.T_d25
[2026.02.11-02.17.39:029][430]LogContentValidation: Display: 正在验证MaterialInstanceConstant /Game/Dormitory/Material/MI_Deco_43.MI_Deco_43
[2026.02.11-02.17.39:029][430]LogContentValidation: Display: 正在验证StaticMesh /Game/Dormitory/Mesh/SM_Book_04.SM_Book_04
[2026.02.11-02.17.39:029][430]LogContentValidation: Display: 正在验证StaticMesh /Game/Dormitory/Mesh/SM_Book_05.SM_Book_05
[2026.02.11-02.17.39:029][430]LogContentValidation: Display: 正在验证Texture2D /Game/Dormitory/Texture/T_Book06_Cover_BaseColor.T_Book06_Cover_BaseColor
[2026.02.11-02.17.39:029][430]LogContentValidation: Display: 正在验证MaterialInstanceConstant /Game/Dormitory/Material/MI_Book09_Cover.MI_Book09_Cover
[2026.02.11-02.17.39:029][430]LogContentValidation: Display: 正在验证StaticMesh /Game/Dormitory/Mesh/SM_Book_06.SM_Book_06
[2026.02.11-02.17.39:029][430]LogContentValidation: Display: 正在验证Texture2D /Game/Dormitory/Texture/T_Book09_Cover_BaseColor.T_Book09_Cover_BaseColor
[2026.02.11-02.17.39:029][430]LogContentValidation: Display: 正在验证MaterialInstanceConstant /Game/Dormitory/Material/MI_Book06_Cover.MI_Book06_Cover
[2026.02.11-02.17.39:029][430]LogContentValidation: Display: 正在验证Texture2D /Game/Dormitory/Texture/T_d32.T_d32
[2026.02.11-02.17.39:029][430]LogContentValidation: Display: 正在验证MaterialInstanceConstant /Game/Dormitory/Material/MI_Deco_35.MI_Deco_35
[2026.02.11-02.17.39:029][430]LogContentValidation: Display: 正在验证StaticMesh /Game/Dormitory/Mesh/SM_Book_07.SM_Book_07
[2026.02.11-02.17.39:029][430]LogContentValidation: Display: 正在验证MaterialInstanceConstant /Game/Dormitory/Material/MI_BookPage_Vertical.MI_BookPage_Vertical
[2026.02.11-02.17.39:029][430]LogContentValidation: Display: 正在验证Texture2D /Game/Dormitory/Texture/T_d48.T_d48
[2026.02.11-02.17.39:029][430]LogContentValidation: Display: 正在验证MaterialInstanceConstant /Game/Dormitory/Material/MI_Deco_65.MI_Deco_65
[2026.02.11-02.17.39:029][430]LogContentValidation: Display: 正在验证StaticMesh /Game/Dormitory/Mesh/SM_Book_08.SM_Book_08
[2026.02.11-02.17.39:029][430]LogContentValidation: Display: 正在验证Texture2D /Game/Dormitory/Texture/T_Book03_Cover.T_Book03_Cover
[2026.02.11-02.17.39:029][430]LogContentValidation: Display: 正在验证MaterialInstanceConstant /Game/Dormitory/Material/MI_Book08_Cover.MI_Book08_Cover
[2026.02.11-02.17.39:029][430]LogContentValidation: Display: 正在验证Texture2D /Game/Dormitory/Texture/T_d41.T_d41
[2026.02.11-02.17.39:029][430]LogContentValidation: Display: 正在验证MaterialInstanceConstant /Game/Dormitory/Material/MI_Deco_51.MI_Deco_51
[2026.02.11-02.17.39:029][430]LogContentValidation: Display: 正在验证StaticMesh /Game/Dormitory/Mesh/SM_Book_09.SM_Book_09
[2026.02.11-02.17.39:029][430]LogContentValidation: Display: 正在验证StaticMesh /Game/Dormitory/Mesh/SM_Book_10.SM_Book_10
[2026.02.11-02.17.39:029][430]LogContentValidation: Display: 正在验证StaticMesh /Game/Dormitory/Mesh/SM_Book_11.SM_Book_11
[2026.02.11-02.17.39:029][430]LogContentValidation: Display: 正在验证StaticMesh /Game/Dormitory/Mesh/SM_Book_12.SM_Book_12
[2026.02.11-02.17.39:029][430]LogContentValidation: Display: 正在验证Texture2D /Game/Dormitory/Texture/T_d49.T_d49
[2026.02.11-02.17.39:029][430]LogContentValidation: Display: 正在验证MaterialInstanceConstant /Game/Dormitory/Material/MI_Deco_66.MI_Deco_66
[2026.02.11-02.17.39:029][430]LogContentValidation: Display: 正在验证StaticMesh /Game/Dormitory/Mesh/SM_Book_13.SM_Book_13
[2026.02.11-02.17.39:029][430]LogContentValidation: Display: 正在验证Texture2D /Game/Dormitory/Texture/T_Dirty002.T_Dirty002
[2026.02.11-02.17.39:029][430]LogContentValidation: Display: 正在验证MaterialInstanceConstant /Game/Dormitory/Material/MI_Black_FrostMetal.MI_Black_FrostMetal
[2026.02.11-02.17.39:029][430]LogContentValidation: Display: 正在验证MaterialInstanceConstant /Game/Dormitory/Material/MI_Blue3.MI_Blue3
[2026.02.11-02.17.39:029][430]LogContentValidation: Display: 正在验证MaterialInstanceConstant /Game/Dormitory/Material/MI_Gray_FrostMetal.MI_Gray_FrostMetal
[2026.02.11-02.17.39:029][430]LogContentValidation: Display: 正在验证MaterialInstanceConstant /Game/Dormitory/Material/MI_Gray_FrostMetal2.MI_Gray_FrostMetal2
[2026.02.11-02.17.39:030][430]LogContentValidation: Display: 正在验证Texture2D /Game/Dormitory/Texture/T_Rec_10.T_Rec_10
[2026.02.11-02.17.39:030][430]LogContentValidation: Display: 正在验证MaterialInstanceConstant /Game/Dormitory/Material/MI_Rec_08.MI_Rec_08
[2026.02.11-02.17.39:030][430]LogContentValidation: Display: 正在验证Texture2D /Game/Dormitory/Texture/T_Rec_11.T_Rec_11
[2026.02.11-02.17.39:030][430]LogContentValidation: Display: 正在验证MaterialInstanceConstant /Game/Dormitory/Material/MI_Rec_12.MI_Rec_12
[2026.02.11-02.17.39:030][430]LogContentValidation: Display: 正在验证MaterialInstanceConstant /Game/Dormitory/Material/MI_White_DirtyMetal.MI_White_DirtyMetal
[2026.02.11-02.17.39:030][430]LogContentValidation: Display: 正在验证MaterialInstanceConstant /Game/Dormitory/Material/MI_White_FrostMetal.MI_White_FrostMetal
[2026.02.11-02.17.39:030][430]LogContentValidation: Display: 正在验证StaticMesh /Game/Dormitory/Mesh/SM_Boot008.SM_Boot008
[2026.02.11-02.17.39:030][430]LogContentValidation: Display: 正在验证MaterialInstanceConstant /Game/Dormitory/Material/MI_Blue1.MI_Blue1
[2026.02.11-02.17.39:030][430]LogContentValidation: Display: 正在验证Texture2D /Game/Dormitory/Texture/T_Rec_14.T_Rec_14
[2026.02.11-02.17.39:030][430]LogContentValidation: Display: 正在验证MaterialInstanceConstant /Game/Dormitory/Material/MI_Rec_01.MI_Rec_01
[2026.02.11-02.17.39:030][430]LogContentValidation: Display: 正在验证Texture2D /Game/Dormitory/Texture/T_Rec_13.T_Rec_13
[2026.02.11-02.17.39:030][430]LogContentValidation: Display: 正在验证MaterialInstanceConstant /Game/Dormitory/Material/MI_Rec_02.MI_Rec_02
[2026.02.11-02.17.39:030][430]LogContentValidation: Display: 正在验证Texture2D /Game/Dormitory/Texture/T_Rec_01.T_Rec_01
[2026.02.11-02.17.39:030][430]LogContentValidation: Display: 正在验证Texture2D /Game/Dormitory/Texture/T_Rec_12.T_Rec_12
[2026.02.11-02.17.39:030][430]LogContentValidation: Display: 正在验证MaterialInstanceConstant /Game/Dormitory/Material/MI_Rec_03.MI_Rec_03
[2026.02.11-02.17.39:030][430]LogContentValidation: Display: 正在验证MaterialInstanceConstant /Game/Dormitory/Material/MI_White_SmoothMetal.MI_White_SmoothMetal
[2026.02.11-02.17.39:030][430]LogContentValidation: Display: 正在验证StaticMesh /Game/Dormitory/Mesh/SM_Boot012.SM_Boot012
[2026.02.11-02.17.39:030][430]LogContentValidation: Display: 正在验证MaterialInstanceConstant /Game/Dormitory/Material/MI_Deco_69.MI_Deco_69
[2026.02.11-02.17.39:030][430]LogContentValidation: Display: 正在验证StaticMesh /Game/Dormitory/Mesh/SM_Cabinet_01.SM_Cabinet_01
[2026.02.11-02.17.39:030][430]LogContentValidation: Display: 正在验证MaterialInstanceConstant /Game/Dormitory/Material/MI_Deco_62.MI_Deco_62
[2026.02.11-02.17.39:030][430]LogContentValidation: Display: 正在验证Texture2D /Game/Dormitory/Texture/T_Wood02_BaseColor.T_Wood02_BaseColor
[2026.02.11-02.17.39:030][430]LogContentValidation: Display: 正在验证MaterialInstanceConstant /Game/Dormitory/Material/MI_Wood02.MI_Wood02
[2026.02.11-02.17.39:030][430]LogContentValidation: Display: 正在验证StaticMesh /Game/Dormitory/Mesh/SM_Chair_01.SM_Chair_01
[2026.02.11-02.17.39:030][430]LogContentValidation: Display: 正在验证StaticMesh /Game/Dormitory/Mesh/SM_Chair_02.SM_Chair_02
[2026.02.11-02.17.39:030][430]LogContentValidation: Display: 正在验证MaterialInstanceConstant /Game/Dormitory/Material/MI_Deco_37.MI_Deco_37
[2026.02.11-02.17.39:030][430]LogContentValidation: Display: 正在验证Texture2D /Game/Dormitory/Texture/T_d43.T_d43
[2026.02.11-02.17.39:030][430]LogContentValidation: Display: 正在验证MaterialInstanceConstant /Game/Dormitory/Material/MI_Deco_58.MI_Deco_58
[2026.02.11-02.17.39:030][430]LogContentValidation: Display: 正在验证Texture2D /Game/Dormitory/Texture/T_d44.T_d44
[2026.02.11-02.17.39:030][430]LogContentValidation: Display: 正在验证MaterialInstanceConstant /Game/Dormitory/Material/MI_Deco_60.MI_Deco_60
[2026.02.11-02.17.39:030][430]LogContentValidation: Display: 正在验证Texture2D /Game/Dormitory/Texture/T_d45.T_d45
[2026.02.11-02.17.39:030][430]LogContentValidation: Display: 正在验证MaterialInstanceConstant /Game/Dormitory/Material/MI_Deco_61.MI_Deco_61
[2026.02.11-02.17.39:030][430]LogContentValidation: Display: 正在验证Texture2D /Game/Dormitory/Texture/T_d1T_d101.T_d1T_d101
[2026.02.11-02.17.39:030][430]LogContentValidation: Display: 正在验证MaterialInstanceConstant /Game/Dormitory/Material/MI_Deco_74.MI_Deco_74
[2026.02.11-02.17.39:030][430]LogContentValidation: Display: 正在验证MaterialInstanceConstant /Game/Dormitory/Material/MI_Gray_SmoothPlastic.MI_Gray_SmoothPlastic
[2026.02.11-02.17.39:030][430]LogContentValidation: Display: 正在验证StaticMesh /Game/Dormitory/Mesh/SM_Computer_01.SM_Computer_01
[2026.02.11-02.17.39:030][430]LogContentValidation: Display: 正在验证Texture2D /Game/Dormitory/Texture/T_d46.T_d46
[2026.02.11-02.17.39:030][430]LogContentValidation: Display: 正在验证MaterialInstanceConstant /Game/Dormitory/Material/MI_Deco_57.MI_Deco_57
[2026.02.11-02.17.39:030][430]LogContentValidation: Display: 正在验证StaticMesh /Game/Dormitory/Mesh/SM_Computer_02.SM_Computer_02
[2026.02.11-02.17.39:030][430]LogContentValidation: Display: 正在验证MaterialInstanceConstant /Game/Dormitory/Material/MI_Deco_10.MI_Deco_10
[2026.02.11-02.17.39:030][430]LogContentValidation: Display: 正在验证Texture2D /Game/Dormitory/Texture/T_d6.T_d6
[2026.02.11-02.17.39:030][430]LogContentValidation: Display: 正在验证MaterialInstanceConstant /Game/Dormitory/Material/MI_Deco_11.MI_Deco_11
[2026.02.11-02.17.39:030][430]LogContentValidation: Display: 正在验证StaticMesh /Game/Dormitory/Mesh/SM_Cup_01.SM_Cup_01
[2026.02.11-02.17.39:030][430]LogContentValidation: Display: 正在验证Texture2D /Game/Dormitory/Texture/T_11.T_11
[2026.02.11-02.17.39:030][430]LogContentValidation: Display: 正在验证MaterialInstanceConstant /Game/Dormitory/Material/MI_Deco_09.MI_Deco_09
[2026.02.11-02.17.39:030][430]LogContentValidation: Display: 正在验证StaticMesh /Game/Dormitory/Mesh/SM_Cup_02.SM_Cup_02
[2026.02.11-02.17.39:030][430]LogContentValidation: Display: 正在验证StaticMesh /Game/Dormitory/Mesh/SM_Cup_03.SM_Cup_03
[2026.02.11-02.17.39:030][430]LogContentValidation: Display: 正在验证StaticMesh /Game/Dormitory/Mesh/SM_Cup_04.SM_Cup_04
[2026.02.11-02.17.39:030][430]LogContentValidation: Display: 正在验证MaterialInstanceConstant /Game/Dormitory/Material/MI_Black_SmoothMetal.MI_Black_SmoothMetal
[2026.02.11-02.17.39:030][430]LogContentValidation: Display: 正在验证Texture2D /Game/Dormitory/Texture/T_Curtain_BaseColor.T_Curtain_BaseColor
[2026.02.11-02.17.39:030][430]LogContentValidation: Display: 正在验证Texture2D /Game/Dormitory/Texture/T_Curtain_Normal.T_Curtain_Normal
[2026.02.11-02.17.39:030][430]LogContentValidation: Display: 正在验证MaterialInstanceConstant /Game/Dormitory/Mesh/MI_Curtain.MI_Curtain
[2026.02.11-02.17.39:030][430]LogContentValidation: Display: 正在验证StaticMesh /Game/Dormitory/Mesh/SM_Curtain_01.SM_Curtain_01
[2026.02.11-02.17.39:030][430]LogContentValidation: Display: 正在验证StaticMesh /Game/Dormitory/Mesh/SM_Curtain_02.SM_Curtain_02
[2026.02.11-02.17.39:030][430]LogContentValidation: Display: 正在验证Texture2D /Game/Dormitory/Texture/T_d47.T_d47
[2026.02.11-02.17.39:030][430]LogContentValidation: Display: 正在验证MaterialInstanceConstant /Game/Dormitory/Material/MI_Deco_64.MI_Deco_64
[2026.02.11-02.17.39:030][430]LogContentValidation: Display: 正在验证StaticMesh /Game/Dormitory/Mesh/SM_Deco_01.SM_Deco_01
[2026.02.11-02.17.39:030][430]LogContentValidation: Display: 正在验证MaterialInstanceConstant /Game/Dormitory/Material/MI_Copper.MI_Copper
[2026.02.11-02.17.39:030][430]LogContentValidation: Display: 正在验证Texture2D /Game/Dormitory/Texture/T_d38.T_d38
[2026.02.11-02.17.39:030][430]LogContentValidation: Display: 正在验证MaterialInstanceConstant /Game/Dormitory/Material/MI_Deco_48.MI_Deco_48
[2026.02.11-02.17.39:030][430]LogContentValidation: Display: 正在验证Texture2D /Game/Dormitory/Texture/T_d39.T_d39
[2026.02.11-02.17.39:030][430]LogContentValidation: Display: 正在验证MaterialInstanceConstant /Game/Dormitory/Material/MI_Deco_49.MI_Deco_49
[2026.02.11-02.17.39:030][430]LogContentValidation: Display: 正在验证Texture2D /Game/Dormitory/Texture/T_d40.T_d40
[2026.02.11-02.17.39:030][430]LogContentValidation: Display: 正在验证MaterialInstanceConstant /Game/Dormitory/Material/MI_Deco_50.MI_Deco_50
[2026.02.11-02.17.39:030][430]LogContentValidation: Display: 正在验证Material /Game/Dormitory/Material/M_Model_Glass.M_Model_Glass
[2026.02.11-02.17.39:030][430]LogContentValidation: Display: 正在验证MaterialInstanceConstant /Game/Dormitory/Material/MI_Glass_Area.MI_Glass_Area
[2026.02.11-02.17.39:030][430]LogContentValidation: Display: 正在验证MaterialInstanceConstant /Game/Dormitory/Material/MI_Gray_SmoothMetal.MI_Gray_SmoothMetal
[2026.02.11-02.17.39:030][430]LogContentValidation: Display: 正在验证StaticMesh /Game/Dormitory/Mesh/SM_Deco_02.SM_Deco_02
[2026.02.11-02.17.39:030][430]LogContentValidation: Display: 正在验证Texture2D /Game/Dormitory/Texture/T_d33.T_d33
[2026.02.11-02.17.39:030][430]LogContentValidation: Display: 正在验证Texture2D /Game/Dormitory/Texture/T_d5n.T_d5n
[2026.02.11-02.17.39:030][430]LogContentValidation: Display: 正在验证MaterialInstanceConstant /Game/Dormitory/Material/MI_Deco_36.MI_Deco_36
[2026.02.11-02.17.39:030][430]LogContentValidation: Display: 正在验证Texture2D /Game/Dormitory/Texture/T_TL0073.T_TL0073
[2026.02.11-02.17.39:030][430]LogContentValidation: Display: 正在验证MaterialInstanceConstant /Game/Dormitory/Material/MI_Deco_47.MI_Deco_47
[2026.02.11-02.17.39:030][430]LogContentValidation: Display: 正在验证MaterialInstanceConstant /Game/Dormitory/Material/MI_White_SmoothPlastic.MI_White_SmoothPlastic
[2026.02.11-02.17.39:030][430]LogContentValidation: Display: 正在验证StaticMesh /Game/Dormitory/Mesh/SM_Deco_03.SM_Deco_03
[2026.02.11-02.17.39:030][430]LogContentValidation: Display: 正在验证Texture2D /Game/Dormitory/Texture/T_d34.T_d34
[2026.02.11-02.17.39:030][430]LogContentValidation: Display: 正在验证MaterialInstanceConstant /Game/Dormitory/Material/MI_Deco_38.MI_Deco_38
[2026.02.11-02.17.39:030][430]LogContentValidation: Display: 正在验证Texture2D /Game/Dormitory/Texture/T_d35.T_d35
[2026.02.11-02.17.39:030][430]LogContentValidation: Display: 正在验证MaterialInstanceConstant /Game/Dormitory/Material/MI_Deco_39.MI_Deco_39
[2026.02.11-02.17.39:030][430]LogContentValidation: Display: 正在验证Texture2D /Game/Dormitory/Texture/T_d37.T_d37
[2026.02.11-02.17.39:030][430]LogContentValidation: Display: 正在验证MaterialInstanceConstant /Game/Dormitory/Material/MI_Deco_40.MI_Deco_40
[2026.02.11-02.17.39:030][430]LogContentValidation: Display: 正在验证Texture2D /Game/Dormitory/Texture/T_Wood01_BaseColor.T_Wood01_BaseColor
[2026.02.11-02.17.39:030][430]LogContentValidation: Display: 正在验证Texture2D /Game/Dormitory/Texture/T_Wood01_Normal.T_Wood01_Normal
[2026.02.11-02.17.39:031][430]LogContentValidation: Display: 正在验证MaterialInstanceConstant /Game/Dormitory/Material/MI_Wood01.MI_Wood01
[2026.02.11-02.17.39:031][430]LogContentValidation: Display: 正在验证StaticMesh /Game/Dormitory/Mesh/SM_Deco_04.SM_Deco_04
[2026.02.11-02.17.39:031][430]LogContentValidation: Display: 正在验证MaterialInstanceConstant /Game/Dormitory/Material/MI_Black_FrostPlastic.MI_Black_FrostPlastic
[2026.02.11-02.17.39:031][430]LogContentValidation: Display: 正在验证StaticMesh /Game/Dormitory/Mesh/SM_Deco_05.SM_Deco_05
[2026.02.11-02.17.39:031][430]LogContentValidation: Display: 正在验证MaterialInstanceConstant /Game/Dormitory/Material/MI_Deco_190.MI_Deco_190
[2026.02.11-02.17.39:031][430]LogContentValidation: Display: 正在验证MaterialInstanceConstant /Game/Dormitory/Material/MI_Light.MI_Light
[2026.02.11-02.17.39:031][430]LogContentValidation: Display: 正在验证Material /Game/Dormitory/Mesh/M_Model_Glass_Demo.M_Model_Glass_Demo
[2026.02.11-02.17.39:031][430]LogContentValidation: Display: 正在验证MaterialInstanceConstant /Game/Dormitory/Mesh/MI_Window_Glass.MI_Window_Glass
[2026.02.11-02.17.39:031][430]LogContentValidation: Display: 正在验证StaticMesh /Game/Dormitory/Mesh/SM_Deco_06.SM_Deco_06
[2026.02.11-02.17.39:031][430]LogContentValidation: Display: 正在验证StaticMesh /Game/Dormitory/Mesh/SM_Deco_08.SM_Deco_08
[2026.02.11-02.17.39:031][430]LogContentValidation: Display: 正在验证MaterialInstanceConstant /Game/Dormitory/Material/MI_Deco_52.MI_Deco_52
[2026.02.11-02.17.39:031][430]LogContentValidation: Display: 正在验证StaticMesh /Game/Dormitory/Mesh/SM_Deco_09.SM_Deco_09
[2026.02.11-02.17.39:031][430]LogContentValidation: Display: 正在验证MaterialInstanceConstant /Game/Dormitory/Material/MI_Deco_55.MI_Deco_55
[2026.02.11-02.17.39:031][430]LogContentValidation: Display: 正在验证StaticMesh /Game/Dormitory/Mesh/SM_Deco_10.SM_Deco_10
[2026.02.11-02.17.39:031][430]LogContentValidation: Display: 正在验证MaterialInstanceConstant /Game/Dormitory/Material/MI_Deco_19.MI_Deco_19
[2026.02.11-02.17.39:031][430]LogContentValidation: Display: 正在验证Texture2D /Game/Dormitory/Texture/T_d50.T_d50
[2026.02.11-02.17.39:031][430]LogContentValidation: Display: 正在验证MaterialInstanceConstant /Game/Dormitory/Material/MI_Deco_68.MI_Deco_68
[2026.02.11-02.17.39:031][430]LogContentValidation: Display: 正在验证StaticMesh /Game/Dormitory/Mesh/SM_Deco_11.SM_Deco_11
[2026.02.11-02.17.39:031][430]LogContentValidation: Display: 正在验证MaterialInstanceConstant /Game/Dormitory/Material/MI_Deco_70.MI_Deco_70
[2026.02.11-02.17.39:031][430]LogContentValidation: Display: 正在验证StaticMesh /Game/Dormitory/Mesh/SM_Deco_12.SM_Deco_12
[2026.02.11-02.17.39:031][430]LogContentValidation: Display: 正在验证Texture2D /Game/Dormitory/Texture/T_Cloth04_BaseColor.T_Cloth04_BaseColor
[2026.02.11-02.17.39:031][430]LogContentValidation: Display: 正在验证Texture2D /Game/Dormitory/Texture/T_Cloth04_Normal.T_Cloth04_Normal
[2026.02.11-02.17.39:031][430]LogContentValidation: Display: 正在验证MaterialInstanceConstant /Game/Dormitory/Material/MI_Cloth04.MI_Cloth04
[2026.02.11-02.17.39:031][430]LogContentValidation: Display: 正在验证StaticMesh /Game/Dormitory/Mesh/SM_Deco_13.SM_Deco_13
[2026.02.11-02.17.39:031][430]LogContentValidation: Display: 正在验证StaticMesh /Game/Dormitory/Mesh/SM_Deco_14.SM_Deco_14
[2026.02.11-02.17.39:031][430]LogContentValidation: Display: 正在验证StaticMesh /Game/Dormitory/Mesh/SM_Deco_15.SM_Deco_15
[2026.02.11-02.17.39:031][430]LogContentValidation: Display: 正在验证StaticMesh /Game/Dormitory/Mesh/SM_Deco_16.SM_Deco_16
[2026.02.11-02.17.39:031][430]LogContentValidation: Display: 正在验证StaticMesh /Game/Dormitory/Mesh/SM_Deco_17.SM_Deco_17
[2026.02.11-02.17.39:031][430]LogContentValidation: Display: 正在验证MaterialInstanceConstant /Game/Dormitory/Material/MI_Deco_67.MI_Deco_67
[2026.02.11-02.17.39:031][430]LogContentValidation: Display: 正在验证StaticMesh /Game/Dormitory/Mesh/SM_Deco_18.SM_Deco_18
[2026.02.11-02.17.39:031][430]LogContentValidation: Display: 正在验证MaterialInstanceConstant /Game/Dormitory/Material/MI_Deco_63.MI_Deco_63
[2026.02.11-02.17.39:031][430]LogContentValidation: Display: 正在验证MaterialInstanceConstant /Game/Dormitory/Material/MI_Gold_SmoothMetal.MI_Gold_SmoothMetal
[2026.02.11-02.17.39:031][430]LogContentValidation: Display: 正在验证StaticMesh /Game/Dormitory/Mesh/SM_Door_01.SM_Door_01
[2026.02.11-02.17.39:031][430]LogContentValidation: Display: 正在验证StaticMesh /Game/Dormitory/Mesh/SM_Door_02.SM_Door_02
[2026.02.11-02.17.39:031][430]LogContentValidation: Display: 正在验证StaticMesh /Game/Dormitory/Mesh/SM_Floor_01.SM_Floor_01
[2026.02.11-02.17.39:031][430]LogContentValidation: Display: 正在验证Texture2D /Game/Dormitory/Texture/T_d15.T_d15
[2026.02.11-02.17.39:031][430]LogContentValidation: Display: 正在验证MaterialInstanceConstant /Game/Dormitory/Material/MI_Deco_20.MI_Deco_20
[2026.02.11-02.17.39:031][430]LogContentValidation: Display: 正在验证Texture2D /Game/Dormitory/Texture/T_d16.T_d16
[2026.02.11-02.17.39:031][430]LogContentValidation: Display: 正在验证MaterialInstanceConstant /Game/Dormitory/Material/MI_Deco_21.MI_Deco_21
[2026.02.11-02.17.39:031][430]LogContentValidation: Display: 正在验证Texture2D /Game/Dormitory/Texture/T_d18.T_d18
[2026.02.11-02.17.39:031][430]LogContentValidation: Display: 正在验证MaterialInstanceConstant /Game/Dormitory/Material/MI_Deco_22.MI_Deco_22
[2026.02.11-02.17.39:031][430]LogContentValidation: Display: 正在验证Texture2D /Game/Dormitory/Texture/T_d17.T_d17
[2026.02.11-02.17.39:031][430]LogContentValidation: Display: 正在验证Texture2D /Game/Dormitory/Texture/T_d3n.T_d3n
[2026.02.11-02.17.39:031][430]LogContentValidation: Display: 正在验证MaterialInstanceConstant /Game/Dormitory/Material/MI_Deco_23.MI_Deco_23
[2026.02.11-02.17.39:031][430]LogContentValidation: Display: 正在验证Texture2D /Game/Dormitory/Texture/T_d19.T_d19
[2026.02.11-02.17.39:031][430]LogContentValidation: Display: 正在验证MaterialInstanceConstant /Game/Dormitory/Material/MI_Deco_24.MI_Deco_24
[2026.02.11-02.17.39:031][430]LogContentValidation: Display: 正在验证Texture2D /Game/Dormitory/Texture/T_d20.T_d20
[2026.02.11-02.17.39:031][430]LogContentValidation: Display: 正在验证MaterialInstanceConstant /Game/Dormitory/Material/MI_Deco_25.MI_Deco_25
[2026.02.11-02.17.39:031][430]LogContentValidation: Display: 正在验证Texture2D /Game/Dormitory/Texture/T_d21.T_d21
[2026.02.11-02.17.39:031][430]LogContentValidation: Display: 正在验证MaterialInstanceConstant /Game/Dormitory/Material/MI_Deco_26.MI_Deco_26
[2026.02.11-02.17.39:031][430]LogContentValidation: Display: 正在验证StaticMesh /Game/Dormitory/Mesh/SM_Flower_01.SM_Flower_01
[2026.02.11-02.17.39:031][430]LogContentValidation: Display: 正在验证Texture2D /Game/Dormitory/Texture/T_d05.T_d05
[2026.02.11-02.17.39:031][430]LogContentValidation: Display: 正在验证MaterialInstanceConstant /Game/Dormitory/Material/MI_decor_01.MI_decor_01
[2026.02.11-02.17.39:031][430]LogContentValidation: Display: 正在验证MaterialInstanceConstant /Game/Dormitory/Material/MI_decor_02.MI_decor_02
[2026.02.11-02.17.39:031][430]LogContentValidation: Display: 正在验证MaterialInstanceConstant /Game/Dormitory/Material/MI_decor_03.MI_decor_03
[2026.02.11-02.17.39:031][430]LogContentValidation: Display: 正在验证Texture2D /Game/Dormitory/Texture/T_d04.T_d04
[2026.02.11-02.17.39:031][430]LogContentValidation: Display: 正在验证MaterialInstanceConstant /Game/Dormitory/Material/MI_decor_04.MI_decor_04
[2026.02.11-02.17.39:031][430]LogContentValidation: Display: 正在验证StaticMesh /Game/Dormitory/Mesh/SM_Flower_011.SM_Flower_011
[2026.02.11-02.17.39:031][430]LogContentValidation: Display: 正在验证Texture2D /Game/Dormitory/Texture/T_d26.T_d26
[2026.02.11-02.17.39:031][430]LogContentValidation: Display: 正在验证MaterialInstanceConstant /Game/Dormitory/Material/MI_Deco_28.MI_Deco_28
[2026.02.11-02.17.39:031][430]LogContentValidation: Display: 正在验证Texture2D /Game/Dormitory/Texture/T_d27.T_d27
[2026.02.11-02.17.39:031][430]LogContentValidation: Display: 正在验证Texture2D /Game/Dormitory/Texture/T_d4n.T_d4n
[2026.02.11-02.17.39:031][430]LogContentValidation: Display: 正在验证MaterialInstanceConstant /Game/Dormitory/Material/MI_Deco_29.MI_Deco_29
[2026.02.11-02.17.39:031][430]LogContentValidation: Display: 正在验证Texture2D /Game/Dormitory/Texture/T_d28.T_d28
[2026.02.11-02.17.39:031][430]LogContentValidation: Display: 正在验证MaterialInstanceConstant /Game/Dormitory/Material/MI_Deco_30.MI_Deco_30
[2026.02.11-02.17.39:031][430]LogContentValidation: Display: 正在验证StaticMesh /Game/Dormitory/Mesh/SM_Flower_02.SM_Flower_02
[2026.02.11-02.17.39:031][430]LogContentValidation: Display: 正在验证Texture2D /Game/Dormitory/Texture/T_Outdoor_Scene.T_Outdoor_Scene
[2026.02.11-02.17.39:031][430]LogContentValidation: Display: 正在验证MaterialInstanceConstant /Game/Dormitory/Mesh/MI_Pano.MI_Pano
[2026.02.11-02.17.39:031][430]LogContentValidation: Display: 正在验证StaticMesh /Game/Dormitory/Mesh/SM_Pano.SM_Pano
[2026.02.11-02.17.39:031][430]LogContentValidation: Display: 正在验证Texture2D /Game/Dormitory/Texture/T_d3.T_d3
[2026.02.11-02.17.39:031][430]LogContentValidation: Display: 正在验证MaterialInstanceConstant /Game/Dormitory/Material/MI_Deco_06.MI_Deco_06
[2026.02.11-02.17.39:031][430]LogContentValidation: Display: 正在验证StaticMesh /Game/Dormitory/Mesh/SM_Pillow_01.SM_Pillow_01
[2026.02.11-02.17.39:031][430]LogContentValidation: Display: 正在验证StaticMesh /Game/Dormitory/Mesh/SM_Pillow_02.SM_Pillow_02
[2026.02.11-02.17.39:031][430]LogContentValidation: Display: 正在验证StaticMesh /Game/Dormitory/Mesh/SM_Pillow_03.SM_Pillow_03
[2026.02.11-02.17.39:031][430]LogContentValidation: Display: 正在验证StaticMesh /Game/Dormitory/Mesh/SM_Pillow_04.SM_Pillow_04
[2026.02.11-02.17.39:031][430]LogContentValidation: Display: 正在验证StaticMesh /Game/Dormitory/Mesh/SM_Pillow_05.SM_Pillow_05
[2026.02.11-02.17.39:031][430]LogContentValidation: Display: 正在验证StaticMesh /Game/Dormitory/Mesh/SM_Pillow_06.SM_Pillow_06
[2026.02.11-02.17.39:031][430]LogContentValidation: Display: 正在验证StaticMesh /Game/Dormitory/Mesh/SM_Quilt_01.SM_Quilt_01
[2026.02.11-02.17.39:031][430]LogContentValidation: Display: 正在验证StaticMesh /Game/Dormitory/Mesh/SM_Quilt_02.SM_Quilt_02
[2026.02.11-02.17.39:031][430]LogContentValidation: Display: 正在验证StaticMesh /Game/Dormitory/Mesh/SM_Quilt_03.SM_Quilt_03
[2026.02.11-02.17.39:031][430]LogContentValidation: Display: 正在验证StaticMesh /Game/Dormitory/Mesh/SM_Quilt_04.SM_Quilt_04
[2026.02.11-02.17.39:031][430]LogContentValidation: Display: 正在验证StaticMesh /Game/Dormitory/Mesh/SM_Quilt_05.SM_Quilt_05
[2026.02.11-02.17.39:031][430]LogContentValidation: Display: 正在验证StaticMesh /Game/Dormitory/Mesh/SM_Quilt_06.SM_Quilt_06
[2026.02.11-02.17.39:032][430]LogContentValidation: Display: 正在验证MaterialInstanceConstant /Game/Dormitory/Material/MI_Deco_07.MI_Deco_07
[2026.02.11-02.17.39:032][430]LogContentValidation: Display: 正在验证StaticMesh /Game/Dormitory/Mesh/SM_Shelf_01.SM_Shelf_01
[2026.02.11-02.17.39:032][430]LogContentValidation: Display: 正在验证StaticMesh /Game/Dormitory/Mesh/SM_Shelf_03.SM_Shelf_03
[2026.02.11-02.17.39:032][430]LogContentValidation: Display: 正在验证StaticMesh /Game/Dormitory/Mesh/SM_Shelf_04.SM_Shelf_04
[2026.02.11-02.17.39:032][430]LogContentValidation: Display: 正在验证StaticMesh /Game/Dormitory/Mesh/SM_Shelf_05.SM_Shelf_05
[2026.02.11-02.17.39:032][430]LogContentValidation: Display: 正在验证StaticMesh /Game/Dormitory/Mesh/SM_Table_01.SM_Table_01
[2026.02.11-02.17.39:032][430]LogContentValidation: Display: 正在验证StaticMesh /Game/Dormitory/Mesh/SM_Wall.SM_Wall
[2026.02.11-02.17.39:032][430]LogContentValidation: Display: 正在验证Material /Game/Dormitory/Mesh/M_Wall.M_Wall
[2026.02.11-02.17.39:032][430]LogContentValidation: Display: 正在验证MaterialInstanceConstant /Game/Dormitory/Mesh/MI_Wall.MI_Wall
[2026.02.11-02.17.39:032][430]LogContentValidation: Display: 正在验证StaticMesh /Game/Dormitory/Mesh/SM_Wall_01.SM_Wall_01
[2026.02.11-02.17.39:032][430]LogContentValidation: Display: 正在验证StaticMesh /Game/Dormitory/Mesh/SM_Wall_02.SM_Wall_02
[2026.02.11-02.17.39:032][430]LogContentValidation: Display: 正在验证StaticMesh /Game/Dormitory/Mesh/SM_Wall_03.SM_Wall_03
[2026.02.11-02.17.39:032][430]LogContentValidation: Display: 正在验证StaticMesh /Game/Dormitory/Mesh/SM_Wall_04.SM_Wall_04
[2026.02.11-02.17.39:032][430]LogContentValidation: Display: 正在验证StaticMesh /Game/Dormitory/Mesh/SM_Window_01.SM_Window_01
[2026.02.11-02.17.39:032][430]LogContentValidation: Display: 正在验证StaticMesh /Game/Dormitory/Mesh/SM_Window_02.SM_Window_02
[2026.02.11-02.17.39:032][430]LogContentValidation: Display: 正在验证World /Game/Dormitory/Map/model.model
[2026.02.11-02.17.39:032][430]LogContentValidation: Display: 正在验证Texture2D /Game/Dormitory/Texture/T_Mask20.T_Mask20
[2026.02.11-02.51.01:178][652]LogUObjectHash: Compacting FUObjectHashTables data took   0.39ms
[2026.02.11-02.51.01:191][652]LogSlate: Window 'Dormitory - 虚幻编辑器' being destroyed
[2026.02.11-02.51.01:261][653]Cmd: QUIT_EDITOR
[2026.02.11-02.51.01:261][653]LogCore: Engine exit requested (reason: UUnrealEdEngine::CloseEditor())
[2026.02.11-02.51.01:264][653]LogCore: Engine exit requested (reason: EngineExit() was called; note: exit was already requested)
[2026.02.11-02.51.01:266][653]LogAudio: Display: Beginning Audio Device Manager Shutdown (Module: AudioMixerXAudio2)...
[2026.02.11-02.51.01:266][653]LogAudio: Display: Destroying 1 Remaining Audio Device(s)...
[2026.02.11-02.51.01:266][653]LogAudio: Display: Audio Device unregistered from world 'model'.
[2026.02.11-02.51.01:267][653]LogAudioMixer: FMixerPlatformXAudio2::StopAudioStream() called
[2026.02.11-02.51.01:268][653]LogAudioMixer: FMixerPlatformXAudio2::StopAudioStream() called
[2026.02.11-02.51.01:275][653]LogAudio: Display: Audio Device Manager Shutdown
[2026.02.11-02.51.01:277][653]LogExit: Preparing to exit.
[2026.02.11-02.51.01:845][653]LogUObjectHash: Compacting FUObjectHashTables data took   0.60ms
[2026.02.11-02.51.02:351][653]LogWorld: UWorld::CleanupWorld for World_0, bSessionEnded=true, bCleanupResources=true
[2026.02.11-02.51.02:351][653]LogWorld: UWorld::CleanupWorld for World_1, bSessionEnded=true, bCleanupResources=true
[2026.02.11-02.51.02:359][653]LogDemo: Cleaned up 0 splitscreen connections with owner deletion
[2026.02.11-02.51.02:363][653]LogStylusInput: Shutting down StylusInput subsystem.
[2026.02.11-02.51.02:363][653]LogWorld: UWorld::CleanupWorld for None, bSessionEnded=true, bCleanupResources=true
[2026.02.11-02.51.02:364][653]LogExit: Editor shut down
[2026.02.11-02.51.02:364][653]LogExit: Transaction tracking system shut down
[2026.02.11-02.51.02:673][653]LogExit: Object subsystem successfully closed.
[2026.02.11-02.51.02:689][653]LogShaderCompilers: Display: === FShaderJobCache stats ===
[2026.02.11-02.51.02:689][653]LogShaderCompilers: Display: Total job queries 0, among them cache hits 0 (0.00%)
[2026.02.11-02.51.02:689][653]LogShaderCompilers: Display: Tracking 0 distinct input hashes that result in 0 distinct outputs (0.00%)
[2026.02.11-02.51.02:689][653]LogShaderCompilers: Display: RAM used: 0.00 MB (0.00 GB) of 1638.40 MB (1.60 GB) budget. Usage: 0.00%
[2026.02.11-02.51.02:689][653]LogShaderCompilers: Display: ================================================
[2026.02.11-02.51.02:692][653]LogShaderCompilers: Display: Shaders left to compile 0
[2026.02.11-02.51.02:737][653]LogModuleManager: Shutting down and abandoning module HierarchicalLODUtilities (890)
[2026.02.11-02.51.02:737][653]LogModuleManager: Shutting down and abandoning module HierarchicalLODOutliner (888)
[2026.02.11-02.51.02:737][653]LogModuleManager: Shutting down and abandoning module SceneOutliner (886)
[2026.02.11-02.51.02:737][653]LogModuleManager: Shutting down and abandoning module AddContentDialog (884)
[2026.02.11-02.51.02:737][653]LogModuleManager: Shutting down and abandoning module WidgetCarousel (883)
[2026.02.11-02.51.02:737][653]LogModuleManager: Shutting down and abandoning module EditorWidgets (880)
[2026.02.11-02.51.02:737][653]LogModuleManager: Shutting down and abandoning module StatsViewer (878)
[2026.02.11-02.51.02:737][653]LogModuleManager: Shutting down and abandoning module PIEPreviewDeviceProfileSelector (876)
[2026.02.11-02.51.02:737][653]LogModuleManager: Shutting down and abandoning module SequenceRecorderSections (874)
[2026.02.11-02.51.02:737][653]LogModuleManager: Shutting down and abandoning module AutomationWorker (872)
[2026.02.11-02.51.02:737][653]LogModuleManager: Shutting down and abandoning module SteamVREditor (870)
[2026.02.11-02.51.02:737][653]LogModuleManager: Shutting down and abandoning module OculusMR (868)
[2026.02.11-02.51.02:737][653]LogModuleManager: Shutting down and abandoning module OpenXRInput (866)
[2026.02.11-02.51.02:737][653]LogModuleManager: Shutting down and abandoning module GooglePADEditor (864)
[2026.02.11-02.51.02:737][653]LogModuleManager: Shutting down and abandoning module AudioCaptureEditor (862)
[2026.02.11-02.51.02:737][653]LogModuleManager: Shutting down and abandoning module TakeRecorderSources (860)
[2026.02.11-02.51.02:737][653]LogModuleManager: Shutting down and abandoning module TakeRecorder (859)
[2026.02.11-02.51.02:737][653]LogModuleManager: Shutting down and abandoning module TakeTrackRecorders (856)
[2026.02.11-02.51.02:737][653]LogModuleManager: Shutting down and abandoning module TakesCore (854)
[2026.02.11-02.51.02:737][653]LogModuleManager: Shutting down and abandoning module TemplateSequenceEditor (852)
[2026.02.11-02.51.02:737][653]LogModuleManager: Shutting down and abandoning module MatineeToLevelSequence (850)
[2026.02.11-02.51.02:737][653]LogModuleManager: Shutting down and abandoning module LevelSequenceEditor (848)
[2026.02.11-02.51.02:737][653]LogModuleManager: Shutting down and abandoning module ActorSequenceEditor (846)
[2026.02.11-02.51.02:737][653]LogModuleManager: Shutting down and abandoning module MagicLeapMediaCodecFactory (844)
[2026.02.11-02.51.02:737][653]LogModuleManager: Shutting down and abandoning module MagicLeapMediaFactory (842)
[2026.02.11-02.51.02:737][653]LogModuleManager: Shutting down and abandoning module MagicLeapMediaEditor (840)
[2026.02.11-02.51.02:737][653]LogModuleManager: Shutting down and abandoning module WmfMediaFactory (838)
[2026.02.11-02.51.02:737][653]LogModuleManager: Shutting down and abandoning module WmfMediaEditor (836)
[2026.02.11-02.51.02:737][653]LogModuleManager: Shutting down and abandoning module WebMMediaFactory (834)
[2026.02.11-02.51.02:737][653]LogModuleManager: Shutting down and abandoning module WebMMediaEditor (832)
[2026.02.11-02.51.02:737][653]LogModuleManager: Shutting down and abandoning module WebMMedia (830)
[2026.02.11-02.51.02:737][653]LogModuleManager: Shutting down and abandoning module MediaPlayerEditor (828)
[2026.02.11-02.51.02:737][653]LogModuleManager: Shutting down and abandoning module MediaCompositingEditor (826)
[2026.02.11-02.51.02:738][653]LogModuleManager: Shutting down and abandoning module SequenceRecorder (825)
[2026.02.11-02.51.02:738][653]LogModuleManager: Shutting down and abandoning module OpenExrWrapper (822)
[2026.02.11-02.51.02:738][653]LogModuleManager: Shutting down and abandoning module ImgMediaFactory (820)
[2026.02.11-02.51.02:738][653]LogModuleManager: Shutting down and abandoning module ImgMediaEditor (818)
[2026.02.11-02.51.02:738][653]LogModuleManager: Shutting down and abandoning module AvfMediaFactory (816)
[2026.02.11-02.51.02:738][653]LogModuleManager: Shutting down and abandoning module AvfMediaEditor (814)
[2026.02.11-02.51.02:738][653]LogModuleManager: Shutting down and abandoning module AndroidMediaFactory (812)
[2026.02.11-02.51.02:738][653]LogModuleManager: Shutting down and abandoning module AndroidMediaEditor (810)
[2026.02.11-02.51.02:738][653]LogModuleManager: Shutting down and abandoning module PlanarCut (808)
[2026.02.11-02.51.02:738][653]LogModuleManager: Shutting down and abandoning module CharacterAI (806)
[2026.02.11-02.51.02:738][653]LogModuleManager: Shutting down and abandoning module TextureAlignMode (804)
[2026.02.11-02.51.02:738][653]LogModuleManager: Shutting down and abandoning module BspMode (802)
[2026.02.11-02.51.02:738][653]LogModuleManager: Shutting down and abandoning module GeometryMode (800)
[2026.02.11-02.51.02:738][653]LogModuleManager: Shutting down and abandoning module CameraShakePreviewer (798)
[2026.02.11-02.51.02:738][653]LogModuleManager: Shutting down and abandoning module SmartSnapping (796)
[2026.02.11-02.51.02:738][653]LogModuleManager: Shutting down and abandoning module SessionServices (794)
[2026.02.11-02.51.02:738][653]LogModuleManager: Shutting down and abandoning module MeshPaint (792)
[2026.02.11-02.51.02:738][653]LogModuleManager: Shutting down and abandoning module VirtualTexturingEditor (790)
[2026.02.11-02.51.02:738][653]LogModuleManager: Shutting down and abandoning module FoliageEdit (788)
[2026.02.11-02.51.02:738][653]LogModuleManager: Shutting down and abandoning module LandscapeEditor (786)
[2026.02.11-02.51.02:738][653]LogModuleManager: Shutting down and abandoning module MeshPaintMode (784)
[2026.02.11-02.51.02:738][653]LogModuleManager: Shutting down and abandoning module SceneDepthPickerMode (782)
[2026.02.11-02.51.02:738][653]LogModuleManager: Shutting down and abandoning module ActorPickerMode (780)
[2026.02.11-02.51.02:738][653]LogModuleManager: Shutting down and abandoning module PlacementMode (778)
[2026.02.11-02.51.02:738][653]LogModuleManager: Shutting down and abandoning module ViewportSnapping (776)
[2026.02.11-02.51.02:738][653]LogModuleManager: Shutting down and abandoning module ViewportInteraction (774)
[2026.02.11-02.51.02:738][653]LogModuleManager: Shutting down and abandoning module ClothPainter (772)
[2026.02.11-02.51.02:738][653]LogModuleManager: Shutting down and abandoning module SkeletalMeshEditor (771)
[2026.02.11-02.51.02:738][653]LogModuleManager: Shutting down and abandoning module LogVisualizer (768)
[2026.02.11-02.51.02:738][653]LogModuleManager: Shutting down and abandoning module IntroTutorials (766)
[2026.02.11-02.51.02:738][653]LogModuleManager: Shutting down and abandoning module GameProjectGeneration (765)
[2026.02.11-02.51.02:738][653]LogModuleManager: Shutting down and abandoning module LuminPlatformEditor (762)
[2026.02.11-02.51.02:738][653]LogModuleManager: Shutting down and abandoning module IOSPlatformEditor (760)
[2026.02.11-02.51.02:738][653]LogModuleManager: Shutting down and abandoning module AndroidPlatformEditor (758)
[2026.02.11-02.51.02:738][653]LogModuleManager: Shutting down and abandoning module AndroidDeviceDetection (757)
[2026.02.11-02.51.04:110][653]LogModuleManager: Shutting down and abandoning module WindowsPlatformEditor (754)
[2026.02.11-02.51.04:110][653]LogModuleManager: Shutting down and abandoning module LuminRuntimeSettings (752)
[2026.02.11-02.51.04:110][653]LogModuleManager: Shutting down and abandoning module IOSRuntimeSettings (750)
[2026.02.11-02.51.04:111][653]LogModuleManager: Shutting down and abandoning module AndroidRuntimeSettings (748)
[2026.02.11-02.51.04:111][653]LogModuleManager: Shutting down and abandoning module TraceInsights (746)
[2026.02.11-02.51.04:111][653]MemoryProfiler: Shutdown
[2026.02.11-02.51.04:111][653]NetworkingProfiler: Shutdown
[2026.02.11-02.51.04:111][653]LoadingProfiler: Shutdown
[2026.02.11-02.51.04:111][653]TimingProfiler: Shutdown
[2026.02.11-02.51.04:111][653]LogModuleManager: Shutting down and abandoning module TraceServices (745)
[2026.02.11-02.51.04:111][653]LogModuleManager: Shutting down and abandoning module EditorInteractiveToolsFramework (742)
[2026.02.11-02.51.04:111][653]LogModuleManager: Shutting down and abandoning module TimeManagementEditor (740)
[2026.02.11-02.51.04:111][653]LogModuleManager: Shutting down and abandoning module InputBindingEditor (738)
[2026.02.11-02.51.04:111][653]LogModuleManager: Shutting down and abandoning module MergeActors (736)
[2026.02.11-02.51.04:111][653]LogModuleManager: Shutting down and abandoning module LocalizationDashboard (734)
[2026.02.11-02.51.04:111][653]LogModuleManager: Shutting down and abandoning module LocalizationService (733)
[2026.02.11-02.51.04:111][653]LogModuleManager: Shutting down and abandoning module HardwareTargeting (730)
[2026.02.11-02.51.04:111][653]LogModuleManager: Shutting down and abandoning module DeviceProfileEditor (728)
[2026.02.11-02.51.04:111][653]LogModuleManager: Shutting down and abandoning module UndoHistory (726)
[2026.02.11-02.51.04:111][653]LogModuleManager: Shutting down and abandoning module XmlParser (724)
[2026.02.11-02.51.04:111][653]LogModuleManager: Shutting down and abandoning module Blutility (722)
[2026.02.11-02.51.04:111][653]LogModuleManager: Shutting down and abandoning module ProjectSettingsViewer (720)
[2026.02.11-02.51.04:111][653]LogModuleManager: Shutting down and abandoning module ProjectTargetPlatformEditor (719)
[2026.02.11-02.51.04:111][653]LogModuleManager: Shutting down and abandoning module EditorSettingsViewer (716)
[2026.02.11-02.51.04:111][653]LogModuleManager: Shutting down and abandoning module InternationalizationSettings (715)
[2026.02.11-02.51.04:111][653]LogModuleManager: Shutting down and abandoning module SettingsEditor (712)
[2026.02.11-02.51.04:111][653]LogModuleManager: Shutting down and abandoning module ProjectLauncher (710)
[2026.02.11-02.51.04:111][653]LogModuleManager: Shutting down and abandoning module SessionFrontend (708)
[2026.02.11-02.51.04:111][653]LogModuleManager: Shutting down and abandoning module ProfilerClient (706)
[2026.02.11-02.51.04:111][653]LogModuleManager: Shutting down and abandoning module DeviceManager (704)
[2026.02.11-02.51.04:111][653]LogModuleManager: Shutting down and abandoning module TargetDeviceServices (703)
[2026.02.11-02.51.04:144][653]LogModuleManager: Shutting down and abandoning module AutomationController (700)
[2026.02.11-02.51.04:144][653]LogModuleManager: Shutting down and abandoning module AutomationWindow (698)
[2026.02.11-02.51.04:144][653]LogModuleManager: Shutting down and abandoning module Layers (696)
[2026.02.11-02.51.04:144][653]LogModuleManager: Shutting down and abandoning module ComponentVisualizers (694)
[2026.02.11-02.51.04:144][653]LogModuleManager: Shutting down and abandoning module DetailCustomizations (692)
[2026.02.11-02.51.04:144][653]LogModuleManager: Shutting down and abandoning module PackagesDialog (690)
[2026.02.11-02.51.04:144][653]LogModuleManager: Shutting down and abandoning module AnimationBlueprintEditor (688)
[2026.02.11-02.51.04:144][653]LogModuleManager: Shutting down and abandoning module Persona (686)
[2026.02.11-02.51.04:144][653]LogModuleManager: Shutting down and abandoning module AdvancedPreviewScene (685)
[2026.02.11-02.51.04:144][653]LogModuleManager: Shutting down and abandoning module AnimGraph (683)
[2026.02.11-02.51.04:144][653]LogModuleManager: Shutting down and abandoning module Kismet (680)
[2026.02.11-02.51.04:144][653]LogModuleManager: Shutting down and abandoning module KismetWidgets (679)
[2026.02.11-02.51.04:144][653]LogModuleManager: Shutting down and abandoning module GraphEditor (676)
[2026.02.11-02.51.04:144][653]LogModuleManager: Shutting down and abandoning module StructViewer (674)
[2026.02.11-02.51.04:144][653]LogModuleManager: Shutting down and abandoning module ClassViewer (672)
[2026.02.11-02.51.04:144][653]LogModuleManager: Shutting down and abandoning module Toolbox (670)
[2026.02.11-02.51.04:144][653]LogModuleManager: Shutting down and abandoning module ModuleUI (668)
[2026.02.11-02.51.04:144][653]LogModuleManager: Shutting down and abandoning module OutputLog (666)
[2026.02.11-02.51.04:145][653]LogModuleManager: Shutting down and abandoning module GammaUI (664)
[2026.02.11-02.51.04:145][653]LogModuleManager: Shutting down and abandoning module Documentation (662)
[2026.02.11-02.51.04:145][653]LogModuleManager: Shutting down and abandoning module LiveCoding (660)
[2026.02.11-02.51.04:145][653]LogModuleManager: Shutting down and abandoning module LevelSequence (658)
[2026.02.11-02.51.04:145][653]LogModuleManager: Shutting down and abandoning module MovieSceneTracks (656)
[2026.02.11-02.51.04:145][653]LogModuleManager: Shutting down and abandoning module MovieScene (654)
[2026.02.11-02.51.04:145][653]LogModuleManager: Shutting down and abandoning module StreamingPauseRendering (652)
[2026.02.11-02.51.04:145][653]LogModuleManager: Shutting down and abandoning module LauncherPlatform (650)
[2026.02.11-02.51.04:145][653]LogModuleManager: Shutting down and abandoning module AnalyticsET (648)
[2026.02.11-02.51.04:145][653]LogModuleManager: Shutting down and abandoning module PortalServices (646)
[2026.02.11-02.51.04:145][653]LogModuleManager: Shutting down and abandoning module PortalRpc (644)
[2026.02.11-02.51.04:145][653]LogModuleManager: Shutting down and abandoning module MessagingRpc (642)
[2026.02.11-02.51.04:145][653]LogModuleManager: Shutting down and abandoning module AudioMixerXAudio2 (640)
[2026.02.11-02.51.04:145][653]LogModuleManager: Shutting down and abandoning module AudioMixerCore (639)
[2026.02.11-02.51.04:145][653]LogModuleManager: Shutting down and abandoning module AIModule (636)
[2026.02.11-02.51.04:145][653]LogModuleManager: Shutting down and abandoning module GameplayDebugger (635)
[2026.02.11-02.51.04:145][653]LogModuleManager: Shutting down and abandoning module AITestSuite (633)
[2026.02.11-02.51.04:145][653]LogModuleManager: Shutting down and abandoning module NavigationSystem (631)
[2026.02.11-02.51.04:145][653]LogModuleManager: Shutting down and abandoning module ImageWriteQueue (628)
[2026.02.11-02.51.04:149][653]LogModuleManager: Shutting down and abandoning module ProfilerService (626)
[2026.02.11-02.51.04:262][653]LogModuleManager: Shutting down and abandoning module TaskGraph (624)
[2026.02.11-02.51.04:262][653]LogModuleManager: Shutting down and abandoning module AudioSynesthesiaEditor (622)
[2026.02.11-02.51.04:262][653]LogModuleManager: Shutting down and abandoning module OculusEditor (620)
[2026.02.11-02.51.04:263][653]LogModuleManager: Shutting down and abandoning module OculusInput (618)
[2026.02.11-02.51.04:263][653]LogModuleManager: Shutting down and abandoning module ContentBrowserFileDataSource (616)
[2026.02.11-02.51.04:263][653]LogModuleManager: Shutting down and abandoning module ContentBrowserClassDataSource (614)
[2026.02.11-02.51.04:263][653]LogModuleManager: Shutting down and abandoning module ContentBrowserAssetDataSource (612)
[2026.02.11-02.51.04:263][653]LogModuleManager: Shutting down and abandoning module CollectionManager (611)
[2026.02.11-02.51.04:263][653]LogModuleManager: Shutting down and abandoning module SynthesisEditor (608)
[2026.02.11-02.51.04:263][653]LogModuleManager: Shutting down and abandoning module Synthesis (606)
[2026.02.11-02.51.04:263][653]LogModuleManager: Shutting down and abandoning module ProceduralMeshComponentEditor (604)
[2026.02.11-02.51.04:263][653]LogModuleManager: Shutting down and abandoning module ProceduralMeshComponent (602)
[2026.02.11-02.51.04:263][653]LogModuleManager: Shutting down and abandoning module OpenXREditor (600)
[2026.02.11-02.51.04:263][653]LogModuleManager: Shutting down and abandoning module MobilePatchingUtils (598)
[2026.02.11-02.51.04:263][653]LogModuleManager: Shutting down and abandoning module HairStrandsEditor (596)
[2026.02.11-02.51.04:263][653]LogModuleManager: Shutting down and abandoning module GooglePAD (594)
[2026.02.11-02.51.04:263][653]LogModuleManager: Shutting down and abandoning module EditableMesh (592)
[2026.02.11-02.51.04:263][653]LogModuleManager: Shutting down and abandoning module CustomMeshComponent (590)
[2026.02.11-02.51.04:263][653]LogModuleManager: Shutting down and abandoning module CableComponent (588)
[2026.02.11-02.51.04:263][653]LogModuleManager: Shutting down and abandoning module AssetTags (586)
[2026.02.11-02.51.04:263][653]LogModuleManager: Shutting down and abandoning module AudioCapture (584)
[2026.02.11-02.51.04:263][653]LogModuleManager: Shutting down and abandoning module AudioCaptureRtAudio (583)
[2026.02.11-02.51.04:263][653]LogModuleManager: Shutting down and abandoning module ArchVisCharacter (580)
[2026.02.11-02.51.04:263][653]LogModuleManager: Shutting down and abandoning module AppleImageUtilsBlueprintSupport (578)
[2026.02.11-02.51.04:263][653]LogModuleManager: Shutting down and abandoning module AppleImageUtils (576)
[2026.02.11-02.51.04:263][653]LogModuleManager: Shutting down and abandoning module AndroidPermission (574)
[2026.02.11-02.51.04:263][653]LogModuleManager: Shutting down and abandoning module ActorLayerUtilitiesEditor (572)
[2026.02.11-02.51.04:263][653]LogModuleManager: Shutting down and abandoning module ActorLayerUtilities (570)
[2026.02.11-02.51.04:263][653]LogModuleManager: Shutting down and abandoning module TakeSequencer (568)
[2026.02.11-02.51.04:263][653]LogModuleManager: Shutting down and abandoning module TakeMovieScene (566)
[2026.02.11-02.51.04:263][653]LogModuleManager: Shutting down and abandoning module ScreenshotTools (564)
[2026.02.11-02.51.04:263][653]LogModuleManager: Shutting down and abandoning module TemplateSequence (562)
[2026.02.11-02.51.04:263][653]LogModuleManager: Shutting down and abandoning module MagicLeapSharedWorld (560)
[2026.02.11-02.51.04:263][653]LogModuleManager: Shutting down and abandoning module MagicLeapLightEstimation (558)
[2026.02.11-02.51.04:263][653]LogModuleManager: Shutting down and abandoning module MagicLeapHelperVulkan (556)
[2026.02.11-02.51.04:263][653]LogModuleManager: Shutting down and abandoning module MagicLeapHelperOpenGL (554)
[2026.02.11-02.51.04:263][653]LogModuleManager: Shutting down and abandoning module MagicLeapAudio (552)
[2026.02.11-02.51.04:263][653]LogModuleManager: Shutting down and abandoning module MediaCompositing (550)
[2026.02.11-02.51.04:263][653]LogModuleManager: Shutting down and abandoning module ImgMedia (548)
[2026.02.11-02.51.04:263][653]LogModuleManager: Shutting down and abandoning module VisualStudioCodeSourceCodeAccess (546)
[2026.02.11-02.51.04:263][653]LogModuleManager: Shutting down and abandoning module VisualStudioSourceCodeAccess (544)
[2026.02.11-02.51.04:263][653]LogModuleManager: Shutting down and abandoning module UObjectPlugin (542)
[2026.02.11-02.51.04:263][653]LogModuleManager: Shutting down and abandoning module RiderSourceCodeAccess (540)
[2026.02.11-02.51.04:263][653]LogModuleManager: Shutting down and abandoning module SubversionSourceControl (538)
[2026.02.11-02.51.04:263][653]LogModuleManager: Shutting down and abandoning module PluginUtils (536)
[2026.02.11-02.51.04:263][653]LogModuleManager: Shutting down and abandoning module PerforceSourceControl (534)
[2026.02.11-02.51.04:263][653]LogModuleManager: Shutting down and abandoning module PlasticSourceControl (532)
[2026.02.11-02.51.04:263][653]LogModuleManager: Shutting down and abandoning module GitSourceControl (530)
[2026.02.11-02.51.04:263][653]LogModuleManager: Shutting down and abandoning module SourceControl (529)
[2026.02.11-02.51.04:263][653]LogModuleManager: Shutting down and abandoning module CLionSourceCodeAccess (526)
[2026.02.11-02.51.04:263][653]LogModuleManager: Shutting down and abandoning module AnimationSharingEd (524)
[2026.02.11-02.51.04:263][653]LogModuleManager: Shutting down and abandoning module NiagaraEditorWidgets (522)
[2026.02.11-02.51.04:264][653]LogModuleManager: Shutting down and abandoning module OpenImageDenoise (520)
[2026.02.11-02.51.04:264][653]LogOpenImageDenoise: OIDN shutting down
[2026.02.11-02.51.04:264][653]LogModuleManager: Shutting down and abandoning module ModelingToolsEditorMode (518)
[2026.02.11-02.51.04:264][653]LogModuleManager: Shutting down and abandoning module MotoSynthEditor (516)
[2026.02.11-02.51.04:264][653]LogModuleManager: Shutting down and abandoning module MotoSynth (514)
[2026.02.11-02.51.04:264][653]LogModuleManager: Shutting down and abandoning module MeshModelingToolsEditorOnly (512)
[2026.02.11-02.51.04:264][653]LogModuleManager: Shutting down and abandoning module MeshModelingTools (510)
[2026.02.11-02.51.04:264][653]LogModuleManager: Shutting down and abandoning module ModelingOperatorsEditorOnly (508)
[2026.02.11-02.51.04:264][653]LogModuleManager: Shutting down and abandoning module ModelingOperators (506)
[2026.02.11-02.51.04:264][653]LogModuleManager: Shutting down and abandoning module ModelingComponents (504)
[2026.02.11-02.51.04:264][653]LogModuleManager: Shutting down and abandoning module MeshConversion (502)
[2026.02.11-02.51.04:264][653]LogModuleManager: Shutting down and abandoning module DynamicMesh (500)
[2026.02.11-02.51.04:264][653]LogModuleManager: Shutting down and abandoning module GeometryAlgorithms (498)
[2026.02.11-02.51.04:264][653]LogModuleManager: Shutting down and abandoning module GeometricObjects (496)
[2026.02.11-02.51.04:264][653]LogModuleManager: Shutting down and abandoning module GeometryCollectionTracks (494)
[2026.02.11-02.51.04:264][653]LogModuleManager: Shutting down and abandoning module GeometryCollectionSequencer (493)
[2026.02.11-02.51.04:264][653]LogModuleManager: Shutting down and abandoning module GeometryCollectionEditor (490)
[2026.02.11-02.51.04:264][653]LogModuleManager: Shutting down and abandoning module OodleNetworkHandlerComponent (488)
[2026.02.11-02.51.04:264][653]LogModuleManager: Shutting down and abandoning module GeometryCacheTracks (486)
[2026.02.11-02.51.04:264][653]LogModuleManager: Shutting down and abandoning module GeometryCacheStreamer (484)
[2026.02.11-02.51.04:264][653]LogModuleManager: Shutting down and abandoning module GeometryCacheSequencer (482)
[2026.02.11-02.51.04:264][653]LogModuleManager: Shutting down and abandoning module ChaosNiagara (480)
[2026.02.11-02.51.04:264][653]LogModuleManager: Shutting down and abandoning module ChaosSolverEditor (478)
[2026.02.11-02.51.04:264][653]LogModuleManager: Shutting down and abandoning module FractureEditor (476)
[2026.02.11-02.51.04:264][653]LogModuleManager: Shutting down and abandoning module FieldSystemEngine (475)
[2026.02.11-02.51.04:264][653]LogModuleManager: Shutting down and abandoning module ChaosClothEditor (472)
[2026.02.11-02.51.04:264][653]LogModuleManager: Shutting down and abandoning module BackChannel (470)
[2026.02.11-02.51.04:264][653]LogModuleManager: Shutting down and abandoning module AutomationUtilsEditor (468)
[2026.02.11-02.51.04:264][653]LogModuleManager: Shutting down and abandoning module AutomationUtils (466)
[2026.02.11-02.51.04:264][653]LogModuleManager: Shutting down and abandoning module VariantManagerContentEditor (464)
[2026.02.11-02.51.04:264][653]LogModuleManager: Shutting down and abandoning module AlembicImporter (462)
[2026.02.11-02.51.04:264][653]LogModuleManager: Shutting down and abandoning module AlembicLibrary (461)
[2026.02.11-02.51.04:264][653]LogModuleManager: Shutting down and abandoning module GeometryCache (460)
[2026.02.11-02.51.04:264][653]LogModuleManager: Shutting down and abandoning module GeometryCacheEd (459)
[2026.02.11-02.51.04:264][653]LogModuleManager: Shutting down and abandoning module DatasmithContentEditor (454)
[2026.02.11-02.51.04:264][653]LogModuleManager: Shutting down and abandoning module StylusInput (452)
[2026.02.11-02.51.04:264][653]LogModuleManager: Shutting down and abandoning module SpeedTreeImporter (450)
[2026.02.11-02.51.04:264][653]LogModuleManager: Shutting down and abandoning module MobileLauncherProfileWizard (448)
[2026.02.11-02.51.04:264][653]LogModuleManager: Shutting down and abandoning module PluginBrowser (446)
[2026.02.11-02.51.04:264][653]LogModuleManager: Shutting down and abandoning module MaterialAnalyzer (444)
[2026.02.11-02.51.04:264][653]LogModuleManager: Shutting down and abandoning module CurveEditorTools (442)
[2026.02.11-02.51.04:264][653]LogModuleManager: Shutting down and abandoning module CryptoKeysOpenSSL (440)
[2026.02.11-02.51.04:264][653]LogModuleManager: Shutting down and abandoning module CryptoKeys (438)
[2026.02.11-02.51.04:264][653]LogModuleManager: Shutting down and abandoning module LightPropagationVolumeEditor (436)
[2026.02.11-02.51.04:264][653]LogModuleManager: Shutting down and abandoning module LiveLinkSequencer (434)
[2026.02.11-02.51.04:264][653]LogModuleManager: Shutting down and abandoning module LiveLinkMovieScene (432)
[2026.02.11-02.51.04:264][653]LogModuleManager: Shutting down and abandoning module LiveLinkGraphNode (430)
[2026.02.11-02.51.04:264][653]LogModuleManager: Shutting down and abandoning module LiveLinkEditor (428)
[2026.02.11-02.51.04:264][653]LogModuleManager: Shutting down and abandoning module LiveLinkComponents (426)
[2026.02.11-02.51.04:264][653]LogModuleManager: Shutting down and abandoning module LiveLink (424)
[2026.02.11-02.51.04:970][653]LogModuleManager: Shutting down and abandoning module PaperTiledImporter (422)
[2026.02.11-02.51.04:970][653]LogModuleManager: Shutting down and abandoning module PaperSpriteSheetImporter (420)
[2026.02.11-02.51.04:970][653]LogModuleManager: Shutting down and abandoning module Paper2DEditor (418)
[2026.02.11-02.51.04:971][653]LogModuleManager: Shutting down and abandoning module MeshPaintingToolset (416)
[2026.02.11-02.51.04:971][653]LogModuleManager: Shutting down and abandoning module MeshPaintEditorMode (414)
[2026.02.11-02.51.04:971][653]LogModuleManager: Shutting down and abandoning module GameplayCameras (412)
[2026.02.11-02.51.04:971][653]LogModuleManager: Shutting down and abandoning module SoundFields (410)
[2026.02.11-02.51.04:971][653]LogModuleManager: Shutting down and abandoning module SignificanceManager (408)
[2026.02.11-02.51.04:971][653]LogModuleManager: Shutting down and abandoning module RuntimePhysXCooking (406)
[2026.02.11-02.51.04:971][653]LogModuleManager: Shutting down and abandoning module PropertyAccessEditor (404)
[2026.02.11-02.51.04:971][653]LogModuleManager: Shutting down and abandoning module PhysXVehiclesEditor (402)
[2026.02.11-02.51.04:971][653]LogModuleManager: Shutting down and abandoning module LocationServicesBPLibrary (398)
[2026.02.11-02.51.04:971][653]LogModuleManager: Shutting down and abandoning module AudioSynesthesia (396)
[2026.02.11-02.51.04:971][653]LogModuleManager: Shutting down and abandoning module AudioSynesthesiaCore (394)
[2026.02.11-02.51.04:971][653]LogModuleManager: Shutting down and abandoning module ActorSequence (392)
[2026.02.11-02.51.04:971][653]LogModuleManager: Shutting down and abandoning module UdpMessaging (390)
[2026.02.11-02.51.05:072][653]LogModuleManager: Shutting down and abandoning module TcpMessaging (388)
[2026.02.11-02.51.05:173][653]LogModuleManager: Shutting down and abandoning module MagicLeapARPin (386)
[2026.02.11-02.51.05:173][653]LogModuleManager: Shutting down and abandoning module MagicLeapHandMeshing (384)
[2026.02.11-02.51.05:173][653]LogModuleManager: Shutting down and abandoning module MagicLeapSecureStorage (382)
[2026.02.11-02.51.05:173][653]LogModuleManager: Shutting down and abandoning module MagicLeapPrivileges (380)
[2026.02.11-02.51.05:173][653]LogModuleManager: Shutting down and abandoning module MagicLeapPlanes (378)
[2026.02.11-02.51.05:173][653]LogMagicLeapPlanes: Planes tracker already destroyed.
[2026.02.11-02.51.05:173][653]LogModuleManager: Shutting down and abandoning module MagicLeapImageTracker (376)
[2026.02.11-02.51.05:173][653]LogModuleManager: Shutting down and abandoning module MagicLeapIdentity (374)
[2026.02.11-02.51.05:173][653]LogModuleManager: Shutting down and abandoning module MagicLeapHandTracking (372)
[2026.02.11-02.51.05:173][653]LogModuleManager: Shutting down and abandoning module MagicLeapEyeTracker (370)
[2026.02.11-02.51.05:173][653]LogModuleManager: Shutting down and abandoning module MagicLeapController (368)
[2026.02.11-02.51.05:173][653]LogModuleManager: Shutting down and abandoning module MagicLeapARPinImpl (366)
[2026.02.11-02.51.05:173][653]LogModuleManager: Shutting down and abandoning module MagicLeapAR (364)
[2026.02.11-02.51.05:173][653]LogModuleManager: Shutting down and abandoning module ImgMediaEngine (362)
[2026.02.11-02.51.05:173][653]LogModuleManager: Shutting down and abandoning module PropertyAccessNode (360)
[2026.02.11-02.51.05:173][653]LogModuleManager: Shutting down and abandoning module AnimationSharing (358)
[2026.02.11-02.51.05:173][653]LogModuleManager: Shutting down and abandoning module NiagaraAnimNotifies (356)
[2026.02.11-02.51.05:173][653]LogModuleManager: Shutting down and abandoning module Niagara (354)
[2026.02.11-02.51.05:173][653]LogModuleManager: Shutting down and abandoning module SignalProcessing (353)
[2026.02.11-02.51.05:173][653]LogModuleManager: Shutting down and abandoning module NiagaraEditor (351)
[2026.02.11-02.51.05:173][653]LogModuleManager: Shutting down and abandoning module NiagaraCore (348)
[2026.02.11-02.51.05:173][653]LogModuleManager: Shutting down and abandoning module PythonScriptPlugin (346)
[2026.02.11-02.51.05:173][653]LogModuleManager: Shutting down and abandoning module GameplayTagsEditor (344)
[2026.02.11-02.51.05:173][653]LogModuleManager: Shutting down and abandoning module FacialAnimationEditor (342)
[2026.02.11-02.51.05:173][653]LogModuleManager: Shutting down and abandoning module FacialAnimation (340)
[2026.02.11-02.51.05:173][653]LogModuleManager: Shutting down and abandoning module DataValidation (338)
[2026.02.11-02.51.05:173][653]LogModuleManager: Shutting down and abandoning module AssetManagerEditor (336)
[2026.02.11-02.51.05:173][653]LogModuleManager: Shutting down and abandoning module LevelEditor (335)
[2026.02.11-02.51.05:174][653]LogModuleManager: Shutting down and abandoning module PixelInspectorModule (334)
[2026.02.11-02.51.05:174][653]LogModuleManager: Shutting down and abandoning module CommonMenuExtensions (332)
[2026.02.11-02.51.05:174][653]LogModuleManager: Shutting down and abandoning module MainFrame (330)
[2026.02.11-02.51.05:174][653]LogModuleManager: Shutting down and abandoning module HotReload (329)
[2026.02.11-02.51.05:174][653]LogModuleManager: Shutting down and abandoning module ToolMenus (325)
[2026.02.11-02.51.05:174][653]LogModuleManager: Shutting down and abandoning module ContentBrowser (323)
[2026.02.11-02.51.05:174][653]LogModuleManager: Shutting down and abandoning module ContentBrowserData (322)
[2026.02.11-02.51.05:175][653]LogModuleManager: Shutting down and abandoning module TreeMap (319)
[2026.02.11-02.51.05:175][653]LogModuleManager: Shutting down and abandoning module LightPropagationVolumeRuntime (316)
[2026.02.11-02.51.05:175][653]LogModuleManager: Shutting down and abandoning module EnvironmentQueryEditor (314)
[2026.02.11-02.51.05:175][653]LogModuleManager: Shutting down and abandoning module Paper2D (312)
[2026.02.11-02.51.05:175][653]LogModuleManager: Shutting down and abandoning module WindowsMoviePlayer (310)
[2026.02.11-02.51.05:176][653]LogModuleManager: Shutting down and abandoning module WebMMoviePlayer (308)
[2026.02.11-02.51.05:176][653]LogModuleManager: Shutting down and abandoning module NetworkReplayStreaming (306)
[2026.02.11-02.51.05:176][653]LogModuleManager: Shutting down and abandoning module PacketHandler (304)
[2026.02.11-02.51.05:176][653]LogModuleManager: Shutting down and abandoning module ClothingSystemEditor (302)
[2026.02.11-02.51.05:176][653]LogModuleManager: Shutting down and abandoning module ClothingSystemRuntimeNv (300)
[2026.02.11-02.51.05:176][653]LogModuleManager: Shutting down and abandoning module MediaAssets (298)
[2026.02.11-02.51.05:176][653]LogModuleManager: Shutting down and abandoning module Overlay (296)
[2026.02.11-02.51.05:176][653]LogModuleManager: Shutting down and abandoning module OverlayEditor (295)
[2026.02.11-02.51.05:176][653]LogModuleManager: Shutting down and abandoning module VREditor (292)
[2026.02.11-02.51.05:176][653]LogModuleManager: Shutting down and abandoning module StringTableEditor (290)
[2026.02.11-02.51.05:176][653]LogModuleManager: Shutting down and abandoning module GameplayTasksEditor (288)
[2026.02.11-02.51.05:176][653]LogModuleManager: Shutting down and abandoning module BehaviorTreeEditor (286)
[2026.02.11-02.51.05:176][653]LogModuleManager: Shutting down and abandoning module FunctionalTesting (284)
[2026.02.11-02.51.05:176][653]LogModuleManager: Shutting down and abandoning module CollisionAnalyzer (282)
[2026.02.11-02.51.05:176][653]LogModuleManager: Shutting down and abandoning module WorkspaceMenuStructure (281)
[2026.02.11-02.51.05:176][653]LogModuleManager: Shutting down and abandoning module UMG (278)
[2026.02.11-02.51.05:176][653]LogModuleManager: Shutting down and abandoning module UMGEditor (277)
[2026.02.11-02.51.05:176][653]LogModuleManager: Shutting down and abandoning module MessageLog (275)
[2026.02.11-02.51.05:176][653]LogModuleManager: Shutting down and abandoning module SlateReflector (270)
[2026.02.11-02.51.05:176][653]LogModuleManager: Shutting down and abandoning module Slate (268)
[2026.02.11-02.51.05:176][653]LogModuleManager: Shutting down and abandoning module SlateCore (266)
[2026.02.11-02.51.05:177][653]LogModuleManager: Shutting down and abandoning module LandscapeEditorUtilities (264)
[2026.02.11-02.51.05:177][653]LogModuleManager: Shutting down and abandoning module UnrealEd (262)
[2026.02.11-02.51.05:177][653]LogModuleManager: Shutting down and abandoning module MRMesh (260)
[2026.02.11-02.51.05:177][653]LogModuleManager: Shutting down and abandoning module SourceCodeAccess (258)
[2026.02.11-02.51.05:177][653]LogModuleManager: Shutting down and abandoning module HeadMountedDisplay (256)
[2026.02.11-02.51.05:177][653]LogModuleManager: Shutting down and abandoning module XAudio2 (254)
[2026.02.11-02.51.05:177][653]LogModuleManager: Shutting down and abandoning module Networking (252)
[2026.02.11-02.51.05:177][653]LogModuleManager: Shutting down and abandoning module Core (250)
[2026.02.11-02.51.05:177][653]LogModuleManager: Shutting down and abandoning module MaterialEditor (248)
[2026.02.11-02.51.05:177][653]LogModuleManager: Shutting down and abandoning module MovieSceneTools (246)
[2026.02.11-02.51.05:177][653]LogModuleManager: Shutting down and abandoning module CurveEditor (245)
[2026.02.11-02.51.05:177][653]LogModuleManager: Shutting down and abandoning module Sequencer (243)
[2026.02.11-02.51.05:177][653]LogModuleManager: Shutting down and abandoning module EditorStyle (242)
[2026.02.11-02.51.05:178][653]LogModuleManager: Shutting down and abandoning module KismetCompiler (238)
[2026.02.11-02.51.05:178][653]LogModuleManager: Shutting down and abandoning module MeshBuilder (236)
[2026.02.11-02.51.05:178][653]LogModuleManager: Shutting down and abandoning module MeshUtilities (234)
[2026.02.11-02.51.05:178][653]LogModuleManager: Shutting down and abandoning module MeshMergeUtilities (233)
[2026.02.11-02.51.05:178][653]LogModuleManager: Shutting down and abandoning module MeshReductionInterface (232)
[2026.02.11-02.51.05:178][653]LogModuleManager: Shutting down and abandoning module MeshBoneReduction (231)
[2026.02.11-02.51.05:178][653]LogModuleManager: Shutting down and abandoning module SkeletalMeshReduction (229)
[2026.02.11-02.51.05:178][653]LogModuleManager: Shutting down and abandoning module ProxyLODMeshReduction (227)
[2026.02.11-02.51.05:178][653]LogModuleManager: Shutting down and abandoning module QuadricMeshReduction (225)
[2026.02.11-02.51.05:178][653]LogModuleManager: Shutting down and abandoning module MaterialBaking (221)
[2026.02.11-02.51.05:178][653]LogModuleManager: Shutting down and abandoning module NullInstallBundleManager (216)
[2026.02.11-02.51.05:178][653]LogModuleManager: Shutting down and abandoning module DerivedDataCache (214)
[2026.02.11-02.51.05:178][653]LogModuleManager: Shutting down and abandoning module TargetPlatform (212)
[2026.02.11-02.51.05:178][653]LogModuleManager: Shutting down and abandoning module VulkanShaderFormat (211)
[2026.02.11-02.51.05:178][653]LogModuleManager: Shutting down and abandoning module ShaderFormatVectorVM (209)
[2026.02.11-02.51.05:178][653]LogModuleManager: Shutting down and abandoning module ShaderFormatOpenGL (207)
[2026.02.11-02.51.05:178][653]LogModuleManager: Shutting down and abandoning module ShaderFormatD3D (205)
[2026.02.11-02.51.05:178][653]LogModuleManager: Shutting down and abandoning module MetalShaderFormat (203)
[2026.02.11-02.51.05:178][653]LogModuleManager: Shutting down and abandoning module TextureFormatOodle (201)
[2026.02.11-02.51.05:178][653]LogModuleManager: Shutting down and abandoning module TextureFormatUncompressed (199)
[2026.02.11-02.51.05:178][653]LogModuleManager: Shutting down and abandoning module TextureFormatPVR (197)
[2026.02.11-02.51.05:178][653]LogModuleManager: Shutting down and abandoning module TextureFormatETC2 (195)
[2026.02.11-02.51.05:178][653]LogModuleManager: Shutting down and abandoning module TextureFormatDXT (193)
[2026.02.11-02.51.05:178][653]LogModuleManager: Shutting down and abandoning module TextureFormatIntelISPCTexComp (191)
[2026.02.11-02.51.05:178][653]LogModuleManager: Shutting down and abandoning module TextureFormatASTC (189)
[2026.02.11-02.51.05:178][653]LogModuleManager: Shutting down and abandoning module ImageWrapper (188)
[2026.02.11-02.51.05:178][653]LogModuleManager: Shutting down and abandoning module AudioFormatOpus (185)
[2026.02.11-02.51.05:178][653]LogModuleManager: Shutting down and abandoning module AudioFormatOgg (183)
[2026.02.11-02.51.05:178][653]LogModuleManager: Shutting down and abandoning module AudioFormatADPCM (181)
[2026.02.11-02.51.05:178][653]LogModuleManager: Shutting down and abandoning module WindowsServerTargetPlatform (179)
[2026.02.11-02.51.05:178][653]LogModuleManager: Shutting down and abandoning module WindowsClientTargetPlatform (177)
[2026.02.11-02.51.05:178][653]LogModuleManager: Shutting down and abandoning module WindowsTargetPlatform (175)
[2026.02.11-02.51.05:178][653]LogModuleManager: Shutting down and abandoning module WindowsNoEditorTargetPlatform (173)
[2026.02.11-02.51.05:178][653]LogModuleManager: Shutting down and abandoning module TVOSTargetPlatform (171)
[2026.02.11-02.51.05:179][653]LogModuleManager: Shutting down and abandoning module MacServerTargetPlatform (169)
[2026.02.11-02.51.05:179][653]LogModuleManager: Shutting down and abandoning module MacClientTargetPlatform (167)
[2026.02.11-02.51.05:179][653]LogModuleManager: Shutting down and abandoning module MacTargetPlatform (165)
[2026.02.11-02.51.05:179][653]LogModuleManager: Shutting down and abandoning module MacNoEditorTargetPlatform (163)
[2026.02.11-02.51.05:179][653]LogModuleManager: Shutting down and abandoning module LuminTargetPlatform (161)
[2026.02.11-02.51.05:182][653]LogModuleManager: Shutting down and abandoning module LinuxAArch64ServerTargetPlatform (159)
[2026.02.11-02.51.05:182][653]LogModuleManager: Shutting down and abandoning module LinuxAArch64ClientTargetPlatform (157)
[2026.02.11-02.51.05:182][653]LogModuleManager: Shutting down and abandoning module LinuxAArch64NoEditorTargetPlatform (155)
[2026.02.11-02.51.05:182][653]LogModuleManager: Shutting down and abandoning module LinuxServerTargetPlatform (153)
[2026.02.11-02.51.05:182][653]LogModuleManager: Shutting down and abandoning module LinuxClientTargetPlatform (151)
[2026.02.11-02.51.05:182][653]LogModuleManager: Shutting down and abandoning module LinuxNoEditorTargetPlatform (149)
[2026.02.11-02.51.05:182][653]LogModuleManager: Shutting down and abandoning module LinuxTargetPlatform (147)
[2026.02.11-02.51.05:182][653]LogModuleManager: Shutting down and abandoning module Messaging (145)
[2026.02.11-02.51.05:182][653]LogModuleManager: Shutting down and abandoning module IOSTargetPlatform (143)
[2026.02.11-02.51.05:183][653]LogModuleManager: Shutting down and abandoning module AndroidTargetPlatform (141)
[2026.02.11-02.51.05:185][653]LogModuleManager: Shutting down and abandoning module AllDesktopTargetPlatform (139)
[2026.02.11-02.51.05:185][653]LogModuleManager: Shutting down and abandoning module D3D11RHI (136)
[2026.02.11-02.51.05:185][653]LogModuleManager: Shutting down and abandoning module InputCore (134)
[2026.02.11-02.51.05:185][653]LogModuleManager: Shutting down and abandoning module Settings (132)
[2026.02.11-02.51.05:185][653]LogModuleManager: Shutting down and abandoning module DirectoryWatcher (130)
[2026.02.11-02.51.05:185][653]LogModuleManager: Shutting down and abandoning module PhysXCooking (128)
[2026.02.11-02.51.05:185][653]LogModuleManager: Shutting down and abandoning module Chaos (126)
[2026.02.11-02.51.05:185][653]LogModuleManager: Shutting down and abandoning module WindowsPlatformFeatures (124)
[2026.02.11-02.51.05:185][653]LogModuleManager: Shutting down and abandoning module GameplayMediaEncoder (123)
[2026.02.11-02.51.05:186][653]LogModuleManager: Shutting down and abandoning module AVEncoder (122)
[2026.02.11-02.51.05:186][653]LogModuleManager: Shutting down and abandoning module SteamVRInputDevice (118)
[2026.02.11-02.51.05:186][653]LogModuleManager: Shutting down and abandoning module SteamVRInput (116)
[2026.02.11-02.51.05:186][653]LogModuleManager: Shutting down and abandoning module SteamVR (114)
[2026.02.11-02.51.05:186][653]LogHMD: Freeing OpenVRDLLHandle.
[2026.02.11-02.51.05:186][653]LogModuleManager: Shutting down and abandoning module OculusHMD (112)
[2026.02.11-02.51.05:186][653]LogModuleManager: Shutting down and abandoning module OpenXRHandTracking (110)
[2026.02.11-02.51.05:186][653]LogSlate: Slate User Destroyed.  User Index 0, Is Virtual User: 0
[2026.02.11-02.51.05:186][653]LogModuleManager: Shutting down and abandoning module OpenXREyeTracker (108)
[2026.02.11-02.51.05:186][653]LogModuleManager: Shutting down and abandoning module OpenXRAR (106)
[2026.02.11-02.51.05:186][653]LogModuleManager: Shutting down and abandoning module AugmentedReality (105)
[2026.02.11-02.51.05:186][653]LogModuleManager: Shutting down and abandoning module OpenXRHMD (102)
[2026.02.11-02.51.05:186][653]LogModuleManager: Shutting down and abandoning module HairStrandsCore (100)
[2026.02.11-02.51.05:186][653]LogModuleManager: Shutting down and abandoning module ExampleDeviceProfileSelector (98)
[2026.02.11-02.51.05:186][653]LogModuleManager: Shutting down and abandoning module ChunkDownloader (96)
[2026.02.11-02.51.05:186][653]LogModuleManager: Shutting down and abandoning module LauncherChunkInstaller (94)
[2026.02.11-02.51.05:186][653]LogModuleManager: Shutting down and abandoning module OnlineBlueprintSupport (92)
[2026.02.11-02.51.05:186][653]LogModuleManager: Shutting down and abandoning module OnlineSubsystem (88)
[2026.02.11-02.51.05:187][653]LogModuleManager: Shutting down and abandoning module XMPP (83)
[2026.02.11-02.51.05:187][653]LogModuleManager: Shutting down and abandoning module WebSockets (82)
[2026.02.11-02.51.05:214][653]LogModuleManager: Shutting down and abandoning module HTTP (79)
[2026.02.11-02.51.05:214][653]LogHttp: Display: Http module shutting down, but needs to wait on 1 outstanding Http requests:
[2026.02.11-02.51.05:214][653]LogHttp: Display: 	verb=[POST] url=[https://datarouter.ol.epicgames.com/datarouter/api/v1/public/data?SessionID=%7B9132DD1A-4532-7630-2795-6B907B2860A4%7D&AppID=UEEditor.Rocket.Release&AppVersion=4.27.2-18319896%2B%2B%2BUE4%2BRelease-4.27&UserID=0453ca9343d345238c7566a86fa14d46%7Cf4dca9ad26044d4bb8e854493f27655c%7Cfec8be6a-ec3b-4d19-80eb-7c2df42cb4c7&AppEnvironment=datacollector-binary&UploadType=eteventstream] refs=[1] status=Processing
[2026.02.11-02.51.05:214][653]LogHttp: Display: cleaning up 1 outstanding Http requests.
[2026.02.11-02.51.05:223][653]LogModuleManager: Shutting down and abandoning module SSL (78)
[2026.02.11-02.51.05:224][653]LogModuleManager: Shutting down and abandoning module MLSDK (74)
[2026.02.11-02.51.05:224][653]LogModuleManager: Shutting down and abandoning module MagicLeap (72)
[2026.02.11-02.51.05:224][653]LogModuleManager: Shutting down and abandoning module WmfMedia (70)
[2026.02.11-02.51.05:225][653]LogModuleManager: Shutting down and abandoning module Media (69)
[2026.02.11-02.51.05:226][653]LogModuleManager: Shutting down and abandoning module MediaInfo (68)
[2026.02.11-02.51.05:226][653]LogModuleManager: Shutting down and abandoning module ExrReaderGpu (64)
[2026.02.11-02.51.05:226][653]LogModuleManager: Shutting down and abandoning module PixWinPlugin (62)
[2026.02.11-02.51.05:226][653]LogModuleManager: Shutting down and abandoning module NiagaraVertexFactories (60)
[2026.02.11-02.51.05:226][653]LogModuleManager: Shutting down and abandoning module NiagaraShader (58)
[2026.02.11-02.51.05:226][653]LogModuleManager: Shutting down and abandoning module ChaosCloth (56)
[2026.02.11-02.51.05:226][653]LogModuleManager: Shutting down and abandoning module VariantManagerContent (54)
[2026.02.11-02.51.05:226][653]LogModuleManager: Shutting down and abandoning module DatasmithContent (52)
[2026.02.11-02.51.05:226][653]LogModuleManager: Shutting down and abandoning module AISupportModule (50)
[2026.02.11-02.51.05:226][653]LogModuleManager: Shutting down and abandoning module DesktopPlatform (48)
[2026.02.11-02.51.05:226][653]LogModuleManager: Shutting down and abandoning module PlatformCryptoOpenSSL (46)
[2026.02.11-02.51.05:226][653]LogModuleManager: Shutting down and abandoning module PlatformCryptoTypes (44)
[2026.02.11-02.51.05:226][653]LogModuleManager: Shutting down and abandoning module PlatformCrypto (42)
[2026.02.11-02.51.05:226][653]LogModuleManager: Shutting down and abandoning module PythonScriptPluginPreload (40)
[2026.02.11-02.51.05:226][653]LogModuleManager: Shutting down and abandoning module OodleDataCompressionFormat (38)
[2026.02.11-02.51.05:226][653]LogModuleManager: Shutting down and abandoning module XGEController (36)
[2026.02.11-02.51.05:226][653]LogXGEController: Cleaning working directory: C:/Users/zhang/AppData/Local/Temp/UnrealXGEWorkingDir/
[2026.02.11-02.51.05:227][653]LogModuleManager: Shutting down and abandoning module AnimationModifiers (34)
[2026.02.11-02.51.05:227][653]LogModuleManager: Shutting down and abandoning module AudioEditor (32)
[2026.02.11-02.51.05:227][653]LogModuleManager: Shutting down and abandoning module PropertyEditor (31)
[2026.02.11-02.51.05:227][653]LogModuleManager: Shutting down and abandoning module TextureCompressor (28)
[2026.02.11-02.51.05:227][653]LogModuleManager: Shutting down and abandoning module RenderCore (26)
[2026.02.11-02.51.05:227][653]LogModuleManager: Shutting down and abandoning module Landscape (24)
[2026.02.11-02.51.05:227][653]LogModuleManager: Shutting down and abandoning module SlateRHIRenderer (22)
[2026.02.11-02.51.05:228][653]LogModuleManager: Shutting down and abandoning module AnimGraphRuntime (20)
[2026.02.11-02.51.05:228][653]LogModuleManager: Shutting down and abandoning module Renderer (18)
[2026.02.11-02.51.05:228][653]LogModuleManager: Shutting down and abandoning module Engine (16)
[2026.02.11-02.51.05:228][653]LogModuleManager: Shutting down and abandoning module CoreUObject (14)
[2026.02.11-02.51.05:228][653]LogModuleManager: Shutting down and abandoning module NetworkFile (12)
[2026.02.11-02.51.05:228][653]LogModuleManager: Shutting down and abandoning module CookedIterativeFile (10)
[2026.02.11-02.51.05:228][653]LogModuleManager: Shutting down and abandoning module StreamingFile (8)
[2026.02.11-02.51.05:228][653]LogModuleManager: Shutting down and abandoning module SandboxFile (6)
[2026.02.11-02.51.05:228][653]LogModuleManager: Shutting down and abandoning module PakFile (4)
[2026.02.11-02.51.05:228][653]LogModuleManager: Shutting down and abandoning module RSA (3)
[2026.02.11-02.51.05:228][653]LogContentStreaming: Display: There are 1 unreleased StreamingManagers
[2026.02.11-02.51.05:245][653]LogD3D11RHI: Shutdown
[2026.02.11-02.51.05:245][653]LogD3D11RHI: CleanupD3DDevice
[2026.02.11-02.51.05:246][653]LogExit: Exiting.
[2026.02.11-02.51.05:258][653]Log file closed, 02/11/26 10:51:05
