Log file open, 02/11/26 10:11:33
LogWindows: Failed to load 'aqProf.dll' (GetLastError=126)
LogWindows: File 'aqProf.dll' does not exist
LogWindows: Failed to load 'VtuneApi.dll' (GetLastError=126)
LogWindows: File 'VtuneApi.dll' does not exist
LogWindows: Failed to load 'VtuneApi32e.dll' (GetLastError=126)
LogWindows: File 'VtuneApi32e.dll' does not exist
LogConsoleResponse: Display: Failed to find resolution value strings in scalability ini. Falling back to default.
LogConsoleResponse: Display: Failed to find resolution value strings in scalability ini. Falling back to default.
LogInit: Display: Running engine for game: model
LogPlatformFile: Not using cached read wrapper
LogTaskGraph: Started task graph with 5 named threads and 35 total threads with 3 sets of task threads.
LogStats: Stats thread started at 0.311370
LogICUInternationalization: ICU TimeZone Detection - Raw Offset: +8:00, Platform Override: ''
LogInit: Display: Loading text-based GConfig....
LogPluginManager: Mounting plugin MeshPainting
LogPluginManager: Mounting plugin XGEController
LogPluginManager: Mounting plugin Paper2D
LogPluginManager: Mounting plugin LiveLink
LogPluginManager: Mounting plugin AISupport
LogPluginManager: Mounting plugin EnvironmentQueryEditor
LogPluginManager: Mounting plugin LightPropagationVolume
LogPluginManager: Mounting plugin GameplayCameras
LogPluginManager: Mounting plugin CameraShakePreviewer
LogPluginManager: Mounting plugin OodleData
LogPluginManager: Mounting plugin OodleNetwork
LogPluginManager: Mounting plugin DatasmithContent
LogPluginManager: Mounting plugin VariantManagerContent
LogPluginManager: Mounting plugin CodeLiteSourceCodeAccess
LogPluginManager: Mounting plugin CLionSourceCodeAccess
LogPluginManager: Mounting plugin GitSourceControl
LogPluginManager: Mounting plugin NullSourceCodeAccess
LogPluginManager: Mounting plugin PerforceSourceControl
LogPluginManager: Mounting plugin AnimationSharing
LogPluginManager: Mounting plugin PixWinPlugin
LogPluginManager: Mounting plugin PluginUtils
LogPluginManager: Mounting plugin PropertyAccessNode
LogPluginManager: Mounting plugin KDevelopSourceCodeAccess
LogPluginManager: Mounting plugin RiderSourceCodeAccess
LogPluginManager: Mounting plugin SubversionSourceControl
LogPluginManager: Mounting plugin TextureFormatOodle
LogPluginManager: Mounting plugin UObjectPlugin
LogPluginManager: Mounting plugin XCodeSourceCodeAccess
LogPluginManager: Mounting plugin PlasticSourceControl
LogPluginManager: Mounting plugin VisualStudioCodeSourceCodeAccess
LogPluginManager: Mounting plugin VisualStudioSourceCodeAccess
LogPluginManager: Mounting plugin CryptoKeys
LogPluginManager: Mounting plugin AssetManagerEditor
LogPluginManager: Mounting plugin CurveEditorTools
LogPluginManager: Mounting plugin DataValidation
LogPluginManager: Mounting plugin FacialAnimation
LogPluginManager: Mounting plugin GeometryMode
LogPluginManager: Mounting plugin MaterialAnalyzer
LogPluginManager: Mounting plugin MobileLauncherProfileWizard
LogPluginManager: Mounting plugin PluginBrowser
LogPluginManager: Mounting plugin StylusInput
LogPluginManager: Mounting plugin Niagara
LogPluginManager: Mounting plugin AlembicImporter
LogPluginManager: Mounting plugin GameplayTagsEditor
LogPluginManager: Mounting plugin MacGraphicsSwitching
LogPluginManager: Mounting plugin SpeedTreeImporter
LogPluginManager: Mounting plugin AutomationUtils
LogPluginManager: Mounting plugin BackChannel
LogPluginManager: Mounting plugin ChaosEditor
LogPluginManager: Mounting plugin ChaosCloth
LogPluginManager: Mounting plugin ChaosClothEditor
LogPluginManager: Mounting plugin ChaosNiagara
LogPluginManager: Mounting plugin CharacterAI
LogPluginManager: Mounting plugin ChaosSolverPlugin
LogPluginManager: Mounting plugin GeometryCache
LogPluginManager: Mounting plugin GeometryCollectionPlugin
LogPluginManager: Mounting plugin GeometryProcessing
LogPluginManager: Mounting plugin MeshModelingToolset
LogPluginManager: Mounting plugin ModelingToolsEditorMode
LogPluginManager: Mounting plugin MotoSynth
LogPluginManager: Mounting plugin OpenImageDenoise
LogPluginManager: Mounting plugin PlanarCut
LogPluginManager: Mounting plugin PlatformCrypto
LogPluginManager: Mounting plugin ProxyLODPlugin
LogPluginManager: Mounting plugin LuminPlatformFeatures
LogPluginManager: Mounting plugin MagicLeap
LogPluginManager: Mounting plugin MagicLeapLightEstimation
LogPluginManager: Mounting plugin PythonScriptPlugin
LogPluginManager: Mounting plugin MagicLeapMedia
LogPluginManager: Mounting plugin SkeletalReduction
LogPluginManager: Mounting plugin MLSDK
LogPluginManager: Mounting plugin UdpMessaging
LogPluginManager: Mounting plugin ActorSequence
LogPluginManager: Mounting plugin MagicLeapPassableWorld
LogPluginManager: Mounting plugin TcpMessaging
LogPluginManager: Mounting plugin LevelSequenceEditor
LogPluginManager: Mounting plugin MatineeToLevelSequence
LogPluginManager: Mounting plugin TemplateSequence
LogPluginManager: Mounting plugin OnlineSubsystem
LogPluginManager: Mounting plugin OnlineSubsystemNull
LogPluginManager: Mounting plugin OnlineSubsystemUtils
LogPluginManager: Mounting plugin LauncherChunkInstaller
LogPluginManager: Mounting plugin AndroidMedia
LogPluginManager: Mounting plugin AvfMedia
LogPluginManager: Mounting plugin ImgMedia
LogPluginManager: Mounting plugin MediaCompositing
LogPluginManager: Mounting plugin MediaPlayerEditor
LogPluginManager: Mounting plugin WebMMedia
LogPluginManager: Mounting plugin WmfMedia
LogPluginManager: Mounting plugin ActorLayerUtilities
LogPluginManager: Mounting plugin AndroidDeviceProfileSelector
LogPluginManager: Mounting plugin AndroidPermission
LogPluginManager: Mounting plugin AndroidMoviePlayer
LogPluginManager: Mounting plugin AppleImageUtils
LogPluginManager: Mounting plugin AppleMoviePlayer
LogPluginManager: Mounting plugin AssetTags
LogPluginManager: Mounting plugin AudioCapture
LogPluginManager: Mounting plugin CableComponent
LogPluginManager: Mounting plugin AudioSynesthesia
LogPluginManager: Mounting plugin ChunkDownloader
LogPluginManager: Mounting plugin ArchVisCharacter
LogPluginManager: Mounting plugin CustomMeshComponent
LogPluginManager: Mounting plugin EditableMesh
LogPluginManager: Mounting plugin ExampleDeviceProfileSelector
LogPluginManager: Mounting plugin GoogleCloudMessaging
LogPluginManager: Mounting plugin GooglePAD
LogPluginManager: Mounting plugin HairStrands
LogPluginManager: Mounting plugin IOSDeviceProfileSelector
LogPluginManager: Mounting plugin LinuxDeviceProfileSelector
LogPluginManager: Mounting plugin LocationServicesBPLibrary
LogPluginManager: Mounting plugin MobilePatchingUtils
LogPluginManager: Mounting plugin OpenXR
LogPluginManager: Mounting plugin OpenXREyeTracker
LogPluginManager: Mounting plugin OpenXRHandTracking
LogPluginManager: Mounting plugin PhysXVehicles
LogPluginManager: Mounting plugin ScreenshotTools
LogPluginManager: Mounting plugin PostSplashScreen
LogPluginManager: Mounting plugin ProceduralMeshComponent
LogPluginManager: Mounting plugin PropertyAccessEditor
LogPluginManager: Mounting plugin RuntimePhysXCooking
LogPluginManager: Mounting plugin SignificanceManager
LogPluginManager: Mounting plugin SoundFields
LogPluginManager: Mounting plugin Synthesis
LogPluginManager: Mounting plugin WebMMoviePlayer
LogPluginManager: Mounting plugin WindowsMoviePlayer
LogPluginManager: Mounting plugin Takes
LogPluginManager: Mounting plugin ContentBrowserClassDataSource
LogPluginManager: Mounting plugin ContentBrowserAssetDataSource
LogPluginManager: Mounting plugin ContentBrowserFileDataSource
LogPluginManager: Mounting plugin OnlineSubsystemGooglePlay
LogPluginManager: Mounting plugin OnlineSubsystemIOS
LogPluginManager: Mounting plugin OculusVR
LogPluginManager: Mounting plugin SteamVR
PixWinPlugin: PIX capture plugin failed to initialize! Check that the process is launched from PIX.
LogLuminAPIImpl: Warning: MLSDK not found.  This likely means the MLSDK environment variable is not set.
LogInit: Using libcurl 7.55.1-DEV
LogInit:  - built for x86_64-pc-win32
LogInit:  - supports SSL with OpenSSL/1.1.1
LogInit:  - supports HTTP deflate (compression) using libz 1.2.8
LogInit:  - other features:
LogInit:      CURL_VERSION_SSL
LogInit:      CURL_VERSION_LIBZ
LogInit:      CURL_VERSION_IPV6
LogInit:      CURL_VERSION_ASYNCHDNS
LogInit:      CURL_VERSION_LARGEFILE
LogInit:      CURL_VERSION_IDN
LogInit:  CurlRequestOptions (configurable via config and command line):
LogInit:  - bVerifyPeer = true  - Libcurl will verify peer certificate
LogInit:  - bUseHttpProxy = false  - Libcurl will NOT use HTTP proxy
LogInit:  - bDontReuseConnections = false  - Libcurl will reuse connections
LogInit:  - MaxHostConnections = 16  - Libcurl will limit the number of connections to a host
LogInit:  - LocalHostAddr = Default
LogInit:  - BufferSize = 65536
LogOnline: OSS: Creating online subsystem instance for: NULL
LogInit: WinSock: version 1.1 (2.2), MaxSocks=32767, MaxUdp=65467
LogOnline: OSS: TryLoadSubsystemAndSetDefault: Loaded subsystem for module [NULL]
LogOculusPluginWrapper: OculusPlugin initialized successfully
LogHMD: Failed initializing OVRPlugin 1.59.0
LogInit: Build: ++UE4+Release-4.27-CL-18319896
LogInit: Engine Version: 4.27.2-18319896+++UE4+Release-4.27
LogInit: Compatible Engine Version: 4.27.0-17155196+++UE4+Release-4.27
LogInit: Net CL: 17155196
LogInit: OS: Windows 10 (Release 2009) (), CPU: 12th Gen Intel(R) Core(TM) i5-12400F, GPU: NVIDIA GeForce GTX 1660
LogInit: Compiled (64-bit): Nov 30 2021 07:12:08
LogInit: Compiled with Visual C++: 19.24.28315.00
LogInit: Build Configuration: Development
LogInit: Branch Name: ++UE4+Release-4.27
LogInit: Command Line: 
LogInit: Base Directory: C:/Program Files/Epic Games/UE_4.27/Engine/Binaries/Win64/
LogInit: Allocator: TBB
LogInit: Installed Engine Build: 1
LogDevObjectVersion: Number of dev versions registered: 29
LogDevObjectVersion:   Dev-Blueprints (B0D832E4-1F89-4F0D-ACCF-7EB736FD4AA2): 10
LogDevObjectVersion:   Dev-Build (E1C64328-A22C-4D53-A36C-8E866417BD8C): 0
LogDevObjectVersion:   Dev-Core (375EC13C-06E4-48FB-B500-84F0262A717E): 4
LogDevObjectVersion:   Dev-Editor (E4B068ED-F494-42E9-A231-DA0B2E46BB41): 40
LogDevObjectVersion:   Dev-Framework (CFFC743F-43B0-4480-9391-14DF171D2073): 37
LogDevObjectVersion:   Dev-Mobile (B02B49B5-BB20-44E9-A304-32B752E40360): 3
LogDevObjectVersion:   Dev-Networking (A4E4105C-59A1-49B5-A7C5-40C4547EDFEE): 0
LogDevObjectVersion:   Dev-Online (39C831C9-5AE6-47DC-9A44-9C173E1C8E7C): 0
LogDevObjectVersion:   Dev-Physics (78F01B33-EBEA-4F98-B9B4-84EACCB95AA2): 14
LogDevObjectVersion:   Dev-Platform (6631380F-2D4D-43E0-8009-CF276956A95A): 0
LogDevObjectVersion:   Dev-Rendering (12F88B9F-8875-4AFC-A67C-D90C383ABD29): 45
LogDevObjectVersion:   Dev-Sequencer (7B5AE74C-D270-4C10-A958-57980B212A5A): 13
LogDevObjectVersion:   Dev-VR (D7296918-1DD6-4BDD-9DE2-64A83CC13884): 3
LogDevObjectVersion:   Dev-LoadTimes (C2A15278-BFE7-4AFE-6C17-90FF531DF755): 1
LogDevObjectVersion:   Private-Geometry (6EACA3D4-40EC-4CC1-B786-8BED09428FC5): 3
LogDevObjectVersion:   Dev-AnimPhys (29E575DD-E0A3-4627-9D10-D276232CDCEA): 17
LogDevObjectVersion:   Dev-Anim (AF43A65D-7FD3-4947-9873-3E8ED9C1BB05): 15
LogDevObjectVersion:   Dev-ReflectionCapture (6B266CEC-1EC7-4B8F-A30B-E4D90942FC07): 1
LogDevObjectVersion:   Dev-Automation (0DF73D61-A23F-47EA-B727-89E90C41499A): 1
LogDevObjectVersion:   FortniteMain (601D1886-AC64-4F84-AA16-D3DE0DEAC7D6): 47
LogDevObjectVersion:   FortniteRelease (E7086368-6B23-4C58-8439-1B7016265E91): 1
LogDevObjectVersion:   Dev-Enterprise (9DFFBCD6-494F-0158-E221-12823C92A888): 10
LogDevObjectVersion:   Dev-Niagara (F2AED0AC-9AFE-416F-8664-AA7FFA26D6FC): 1
LogDevObjectVersion:   Dev-Destruction (174F1F0B-B4C6-45A5-B13F-2EE8D0FB917D): 10
LogDevObjectVersion:   Dev-Physics-Ext (35F94A83-E258-406C-A318-09F59610247C): 41
LogDevObjectVersion:   Dev-PhysicsMaterial-Chaos (B68FC16E-8B1B-42E2-B453-215C058844FE): 1
LogDevObjectVersion:   Dev-CineCamera (B2E18506-4273-CFC2-A54E-F4BB758BBA07): 1
LogDevObjectVersion:   Dev-VirtualProduction (64F58936-FD1B-42BA-BA96-7289D5D0FA4E): 1
LogDevObjectVersion:   Dev-MediaFramework (6F0ED827-A609-4895-9C91-998D90180EA4): 2
LogInit: Presizing for max 25165824 objects, including 0 objects not considered by GC, pre-allocating 0 bytes for permanent pool.
LogConfig: Applying CVar settings from Section [/Script/Engine.StreamingSettings] File [E:/F盘/上传官网/su-z2/Dormitory/Saved/Config/Windows/Engine.ini]
LogConfig: Setting CVar [[s.MinBulkDataSizeForAsyncLoading:131072]]
LogConfig: Setting CVar [[s.AsyncLoadingThreadEnabled:0]]
LogConfig: Setting CVar [[s.EventDrivenLoaderEnabled:1]]
LogConfig: Setting CVar [[s.WarnIfTimeLimitExceeded:0]]
LogConfig: Setting CVar [[s.TimeLimitExceededMultiplier:1.5]]
LogConfig: Setting CVar [[s.TimeLimitExceededMinTime:0.005]]
LogConfig: Setting CVar [[s.UseBackgroundLevelStreaming:1]]
LogConfig: Setting CVar [[s.PriorityAsyncLoadingExtraTime:15.0]]
LogConfig: Setting CVar [[s.LevelStreamingActorsUpdateTimeLimit:5.0]]
LogConfig: Setting CVar [[s.PriorityLevelStreamingActorsUpdateExtraTime:5.0]]
LogConfig: Setting CVar [[s.LevelStreamingComponentsRegistrationGranularity:10]]
LogConfig: Setting CVar [[s.UnregisterComponentsTimeLimit:1.0]]
LogConfig: Setting CVar [[s.LevelStreamingComponentsUnregistrationGranularity:5]]
LogConfig: Setting CVar [[s.FlushStreamingOnExit:1]]
LogInit: Object subsystem initialized
LogConfig: Setting CVar [[con.DebugEarlyDefault:1]]
LogConfig: Setting CVar [[r.setres:1280x720]]
LogConfig: Setting CVar [[fx.NiagaraAllowRuntimeScalabilityChanges:1]]
[2026.02.11-02.11.34:232][  0]LogConfig: Setting CVar [[r.VSync:0]]
[2026.02.11-02.11.34:232][  0]LogConfig: Setting CVar [[r.RHICmdBypass:0]]
[2026.02.11-02.11.34:232][  0]LogConfig: Applying CVar settings from Section [/Script/Engine.RendererSettings] File [E:/F盘/上传官网/su-z2/Dormitory/Saved/Config/Windows/Engine.ini]
[2026.02.11-02.11.34:232][  0]LogConfig: Setting CVar [[r.GPUCrashDebugging:0]]
[2026.02.11-02.11.34:232][  0]LogConfig: Setting CVar [[r.AllowGlobalClipPlane:1]]
[2026.02.11-02.11.34:232][  0]LogConfig: Applying CVar settings from Section [/Script/Engine.RendererOverrideSettings] File [E:/F盘/上传官网/su-z2/Dormitory/Saved/Config/Windows/Engine.ini]
[2026.02.11-02.11.34:232][  0]LogConfig: Applying CVar settings from Section [/Script/Engine.StreamingSettings] File [E:/F盘/上传官网/su-z2/Dormitory/Saved/Config/Windows/Engine.ini]
[2026.02.11-02.11.34:232][  0]LogConfig: Setting CVar [[s.MinBulkDataSizeForAsyncLoading:131072]]
[2026.02.11-02.11.34:232][  0]LogConfig: Setting CVar [[s.AsyncLoadingThreadEnabled:0]]
[2026.02.11-02.11.34:232][  0]LogConfig: Setting CVar [[s.EventDrivenLoaderEnabled:1]]
[2026.02.11-02.11.34:232][  0]LogConfig: Setting CVar [[s.WarnIfTimeLimitExceeded:0]]
[2026.02.11-02.11.34:232][  0]LogConfig: Setting CVar [[s.TimeLimitExceededMultiplier:1.5]]
[2026.02.11-02.11.34:232][  0]LogConfig: Setting CVar [[s.TimeLimitExceededMinTime:0.005]]
[2026.02.11-02.11.34:232][  0]LogConfig: Setting CVar [[s.UseBackgroundLevelStreaming:1]]
[2026.02.11-02.11.34:232][  0]LogConfig: Setting CVar [[s.PriorityAsyncLoadingExtraTime:15.0]]
[2026.02.11-02.11.34:232][  0]LogConfig: Setting CVar [[s.LevelStreamingActorsUpdateTimeLimit:5.0]]
[2026.02.11-02.11.34:232][  0]LogConfig: Setting CVar [[s.PriorityLevelStreamingActorsUpdateExtraTime:5.0]]
[2026.02.11-02.11.34:232][  0]LogConfig: Setting CVar [[s.LevelStreamingComponentsRegistrationGranularity:10]]
[2026.02.11-02.11.34:232][  0]LogConfig: Setting CVar [[s.UnregisterComponentsTimeLimit:1.0]]
[2026.02.11-02.11.34:232][  0]LogConfig: Setting CVar [[s.LevelStreamingComponentsUnregistrationGranularity:5]]
[2026.02.11-02.11.34:232][  0]LogConfig: Setting CVar [[s.FlushStreamingOnExit:1]]
[2026.02.11-02.11.34:232][  0]LogConfig: Applying CVar settings from Section [/Script/Engine.GarbageCollectionSettings] File [E:/F盘/上传官网/su-z2/Dormitory/Saved/Config/Windows/Engine.ini]
[2026.02.11-02.11.34:232][  0]LogConfig: Setting CVar [[gc.MaxObjectsNotConsideredByGC:1]]
[2026.02.11-02.11.34:232][  0]LogConfig: Setting CVar [[gc.SizeOfPermanentObjectPool:0]]
[2026.02.11-02.11.34:232][  0]LogConfig: Setting CVar [[gc.FlushStreamingOnGC:0]]
[2026.02.11-02.11.34:232][  0]LogConfig: Setting CVar [[gc.NumRetriesBeforeForcingGC:10]]
[2026.02.11-02.11.34:232][  0]LogConfig: Setting CVar [[gc.AllowParallelGC:1]]
[2026.02.11-02.11.34:232][  0]LogConfig: Setting CVar [[gc.TimeBetweenPurgingPendingKillObjects:61.1]]
[2026.02.11-02.11.34:232][  0]LogConfig: Setting CVar [[gc.MaxObjectsInEditor:25165824]]
[2026.02.11-02.11.34:232][  0]LogConfig: Setting CVar [[gc.IncrementalBeginDestroyEnabled:1]]
[2026.02.11-02.11.34:232][  0]LogConfig: Setting CVar [[gc.CreateGCClusters:1]]
[2026.02.11-02.11.34:232][  0]LogConfig: Setting CVar [[gc.MinGCClusterSize:5]]
[2026.02.11-02.11.34:232][  0]LogConfig: Setting CVar [[gc.ActorClusteringEnabled:0]]
[2026.02.11-02.11.34:232][  0]LogConfig: Setting CVar [[gc.BlueprintClusteringEnabled:0]]
[2026.02.11-02.11.34:232][  0]LogConfig: Setting CVar [[gc.UseDisregardForGCOnDedicatedServers:0]]
[2026.02.11-02.11.34:232][  0]LogConfig: Setting CVar [[gc.MultithreadedDestructionEnabled:1]]
[2026.02.11-02.11.34:232][  0]LogConfig: Applying CVar settings from Section [/Script/Engine.NetworkSettings] File [E:/F盘/上传官网/su-z2/Dormitory/Saved/Config/Windows/Engine.ini]
[2026.02.11-02.11.34:232][  0]LogConfig: Applying CVar settings from Section [/Script/UnrealEd.CookerSettings] File [E:/F盘/上传官网/su-z2/Dormitory/Saved/Config/Windows/Engine.ini]
[2026.02.11-02.11.34:240][  0]LogConfig: Applying CVar settings from Section [ViewDistanceQuality@3] File [E:/F盘/上传官网/su-z2/Dormitory/Saved/Config/Windows/Scalability.ini]
[2026.02.11-02.11.34:240][  0]LogConfig: Setting CVar [[r.SkeletalMeshLODBias:0]]
[2026.02.11-02.11.34:240][  0]LogConfig: Setting CVar [[r.ViewDistanceScale:1.0]]
[2026.02.11-02.11.34:240][  0]LogConfig: Applying CVar settings from Section [AntiAliasingQuality@3] File [E:/F盘/上传官网/su-z2/Dormitory/Saved/Config/Windows/Scalability.ini]
[2026.02.11-02.11.34:240][  0]LogConfig: Setting CVar [[r.PostProcessAAQuality:4]]
[2026.02.11-02.11.34:240][  0]LogConfig: Applying CVar settings from Section [ShadowQuality@3] File [E:/F盘/上传官网/su-z2/Dormitory/Saved/Config/Windows/Scalability.ini]
[2026.02.11-02.11.34:240][  0]LogConfig: Setting CVar [[r.LightFunctionQuality:1]]
[2026.02.11-02.11.34:240][  0]LogConfig: Setting CVar [[r.ShadowQuality:5]]
[2026.02.11-02.11.34:240][  0]LogConfig: Setting CVar [[r.Shadow.CSM.MaxCascades:10]]
[2026.02.11-02.11.34:240][  0]LogConfig: Setting CVar [[r.Shadow.MaxResolution:2048]]
[2026.02.11-02.11.34:240][  0]LogConfig: Setting CVar [[r.Shadow.MaxCSMResolution:2048]]
[2026.02.11-02.11.34:241][  0]LogConfig: Setting CVar [[r.Shadow.RadiusThreshold:0.01]]
[2026.02.11-02.11.34:241][  0]LogConfig: Setting CVar [[r.Shadow.DistanceScale:1.0]]
[2026.02.11-02.11.34:241][  0]LogConfig: Setting CVar [[r.Shadow.CSM.TransitionScale:1.0]]
[2026.02.11-02.11.34:241][  0]LogConfig: Setting CVar [[r.Shadow.PreShadowResolutionFactor:1.0]]
[2026.02.11-02.11.34:241][  0]LogConfig: Setting CVar [[r.DistanceFieldShadowing:1]]
[2026.02.11-02.11.34:241][  0]LogConfig: Setting CVar [[r.DistanceFieldAO:1]]
[2026.02.11-02.11.34:241][  0]LogConfig: Setting CVar [[r.AOQuality:2]]
[2026.02.11-02.11.34:241][  0]LogConfig: Setting CVar [[r.VolumetricFog:1]]
[2026.02.11-02.11.34:241][  0]LogConfig: Setting CVar [[r.VolumetricFog.GridPixelSize:8]]
[2026.02.11-02.11.34:241][  0]LogConfig: Setting CVar [[r.VolumetricFog.GridSizeZ:128]]
[2026.02.11-02.11.34:241][  0]LogConfig: Setting CVar [[r.VolumetricFog.HistoryMissSupersampleCount:4]]
[2026.02.11-02.11.34:241][  0]LogConfig: Setting CVar [[r.LightMaxDrawDistanceScale:1]]
[2026.02.11-02.11.34:241][  0]LogConfig: Setting CVar [[r.CapsuleShadows:1]]
[2026.02.11-02.11.34:241][  0]LogConfig: Applying CVar settings from Section [PostProcessQuality@3] File [E:/F盘/上传官网/su-z2/Dormitory/Saved/Config/Windows/Scalability.ini]
[2026.02.11-02.11.34:241][  0]LogConfig: Setting CVar [[r.MotionBlurQuality:4]]
[2026.02.11-02.11.34:241][  0]LogConfig: Setting CVar [[r.AmbientOcclusionMipLevelFactor:0.4]]
[2026.02.11-02.11.34:241][  0]LogConfig: Setting CVar [[r.AmbientOcclusionMaxQuality:100]]
[2026.02.11-02.11.34:241][  0]LogConfig: Setting CVar [[r.AmbientOcclusionLevels:-1]]
[2026.02.11-02.11.34:241][  0]LogConfig: Setting CVar [[r.AmbientOcclusionRadiusScale:1.0]]
[2026.02.11-02.11.34:241][  0]LogConfig: Setting CVar [[r.DepthOfFieldQuality:2]]
[2026.02.11-02.11.34:241][  0]LogConfig: Setting CVar [[r.RenderTargetPoolMin:400]]
[2026.02.11-02.11.34:241][  0]LogConfig: Setting CVar [[r.LensFlareQuality:2]]
[2026.02.11-02.11.34:241][  0]LogConfig: Setting CVar [[r.SceneColorFringeQuality:1]]
[2026.02.11-02.11.34:241][  0]LogConfig: Setting CVar [[r.EyeAdaptationQuality:2]]
[2026.02.11-02.11.34:241][  0]LogConfig: Setting CVar [[r.BloomQuality:5]]
[2026.02.11-02.11.34:241][  0]LogConfig: Setting CVar [[r.FastBlurThreshold:100]]
[2026.02.11-02.11.34:241][  0]LogConfig: Setting CVar [[r.Upscale.Quality:3]]
[2026.02.11-02.11.34:241][  0]LogConfig: Setting CVar [[r.Tonemapper.GrainQuantization:1]]
[2026.02.11-02.11.34:241][  0]LogConfig: Setting CVar [[r.LightShaftQuality:1]]
[2026.02.11-02.11.34:241][  0]LogConfig: Setting CVar [[r.Filter.SizeScale:1]]
[2026.02.11-02.11.34:241][  0]LogConfig: Setting CVar [[r.Tonemapper.Quality:5]]
[2026.02.11-02.11.34:241][  0]LogConfig: Setting CVar [[r.DOF.Gather.AccumulatorQuality:1        ; higher gathering accumulator quality]]
[2026.02.11-02.11.34:241][  0]LogConfig: Setting CVar [[r.DOF.Gather.PostfilterMethod:1          ; Median3x3 postfilering method]]
[2026.02.11-02.11.34:241][  0]LogConfig: Setting CVar [[r.DOF.Gather.EnableBokehSettings:0       ; no bokeh simulation when gathering]]
[2026.02.11-02.11.34:241][  0]LogConfig: Setting CVar [[r.DOF.Gather.RingCount:4                 ; medium number of samples when gathering]]
[2026.02.11-02.11.34:241][  0]LogConfig: Setting CVar [[r.DOF.Scatter.ForegroundCompositing:1    ; additive foreground scattering]]
[2026.02.11-02.11.34:241][  0]LogConfig: Setting CVar [[r.DOF.Scatter.BackgroundCompositing:2    ; additive background scattering]]
[2026.02.11-02.11.34:241][  0]LogConfig: Setting CVar [[r.DOF.Scatter.EnableBokehSettings:1      ; bokeh simulation when scattering]]
[2026.02.11-02.11.34:241][  0]LogConfig: Setting CVar [[r.DOF.Scatter.MaxSpriteRatio:0.1         ; only a maximum of 10% of scattered bokeh]]
[2026.02.11-02.11.34:241][  0]LogConfig: Setting CVar [[r.DOF.Recombine.Quality:1                ; cheap slight out of focus]]
[2026.02.11-02.11.34:241][  0]LogConfig: Setting CVar [[r.DOF.Recombine.EnableBokehSettings:0    ; no bokeh simulation on slight out of focus]]
[2026.02.11-02.11.34:241][  0]LogConfig: Setting CVar [[r.DOF.TemporalAAQuality:1                ; more stable temporal accumulation]]
[2026.02.11-02.11.34:241][  0]LogConfig: Setting CVar [[r.DOF.Kernel.MaxForegroundRadius:0.025]]
[2026.02.11-02.11.34:241][  0]LogConfig: Setting CVar [[r.DOF.Kernel.MaxBackgroundRadius:0.025]]
[2026.02.11-02.11.34:241][  0]LogConfig: Applying CVar settings from Section [TextureQuality@3] File [E:/F盘/上传官网/su-z2/Dormitory/Saved/Config/Windows/Scalability.ini]
[2026.02.11-02.11.34:241][  0]LogConfig: Setting CVar [[r.Streaming.MipBias:0]]
[2026.02.11-02.11.34:241][  0]LogConfig: Setting CVar [[r.Streaming.AmortizeCPUToGPUCopy:0]]
[2026.02.11-02.11.34:241][  0]LogConfig: Setting CVar [[r.Streaming.MaxNumTexturesToStreamPerFrame:0]]
[2026.02.11-02.11.34:241][  0]LogConfig: Setting CVar [[r.Streaming.Boost:1]]
[2026.02.11-02.11.34:241][  0]LogConfig: Setting CVar [[r.MaxAnisotropy:8]]
[2026.02.11-02.11.34:241][  0]LogConfig: Setting CVar [[r.VT.MaxAnisotropy:8]]
[2026.02.11-02.11.34:241][  0]LogConfig: Setting CVar [[r.Streaming.LimitPoolSizeToVRAM:0]]
[2026.02.11-02.11.34:241][  0]LogConfig: Setting CVar [[r.Streaming.PoolSize:1000]]
[2026.02.11-02.11.34:241][  0]LogConfig: Setting CVar [[r.Streaming.MaxEffectiveScreenSize:0]]
[2026.02.11-02.11.34:241][  0]LogConfig: Applying CVar settings from Section [EffectsQuality@3] File [E:/F盘/上传官网/su-z2/Dormitory/Saved/Config/Windows/Scalability.ini]
[2026.02.11-02.11.34:241][  0]LogConfig: Setting CVar [[r.TranslucencyLightingVolumeDim:64]]
[2026.02.11-02.11.34:241][  0]LogConfig: Setting CVar [[r.RefractionQuality:2]]
[2026.02.11-02.11.34:241][  0]LogConfig: Setting CVar [[r.SSR.Quality:3]]
[2026.02.11-02.11.34:241][  0]LogConfig: Setting CVar [[r.SSR.HalfResSceneColor:0]]
[2026.02.11-02.11.34:241][  0]LogConfig: Setting CVar [[r.SceneColorFormat:4]]
[2026.02.11-02.11.34:241][  0]LogConfig: Setting CVar [[r.DetailMode:2]]
[2026.02.11-02.11.34:241][  0]LogConfig: Setting CVar [[r.TranslucencyVolumeBlur:1]]
[2026.02.11-02.11.34:241][  0]LogConfig: Setting CVar [[r.MaterialQualityLevel:1 ; High quality]]
[2026.02.11-02.11.34:241][  0]LogConfig: Setting CVar [[r.AnisotropicMaterials:1]]
[2026.02.11-02.11.34:241][  0]LogConfig: Setting CVar [[r.SSS.Scale:1]]
[2026.02.11-02.11.34:241][  0]LogConfig: Setting CVar [[r.SSS.SampleSet:2]]
[2026.02.11-02.11.34:241][  0]LogConfig: Setting CVar [[r.SSS.Quality:1]]
[2026.02.11-02.11.34:242][  0]LogConfig: Setting CVar [[r.SSS.HalfRes:0]]
[2026.02.11-02.11.34:242][  0]LogConfig: Setting CVar [[r.SSGI.Quality:3]]
[2026.02.11-02.11.34:242][  0]LogConfig: Setting CVar [[r.EmitterSpawnRateScale:1.0]]
[2026.02.11-02.11.34:242][  0]LogConfig: Setting CVar [[r.ParticleLightQuality:2]]
[2026.02.11-02.11.34:242][  0]LogConfig: Setting CVar [[r.SkyAtmosphere.AerialPerspectiveLUT.FastApplyOnOpaque:1 ; Always have FastSkyLUT 1 in this case to avoid wrong sky]]
[2026.02.11-02.11.34:242][  0]LogConfig: Setting CVar [[r.SkyAtmosphere.AerialPerspectiveLUT.SampleCountMaxPerSlice:4]]
[2026.02.11-02.11.34:242][  0]LogConfig: Setting CVar [[r.SkyAtmosphere.AerialPerspectiveLUT.DepthResolution:16.0]]
[2026.02.11-02.11.34:242][  0]LogConfig: Setting CVar [[r.SkyAtmosphere.FastSkyLUT:1]]
[2026.02.11-02.11.34:242][  0]LogConfig: Setting CVar [[r.SkyAtmosphere.FastSkyLUT.SampleCountMin:4.0]]
[2026.02.11-02.11.34:242][  0]LogConfig: Setting CVar [[r.SkyAtmosphere.FastSkyLUT.SampleCountMax:128.0]]
[2026.02.11-02.11.34:242][  0]LogConfig: Setting CVar [[r.SkyAtmosphere.SampleCountMin:4.0]]
[2026.02.11-02.11.34:242][  0]LogConfig: Setting CVar [[r.SkyAtmosphere.SampleCountMax:128.0]]
[2026.02.11-02.11.34:242][  0]LogConfig: Setting CVar [[r.SkyAtmosphere.TransmittanceLUT.UseSmallFormat:0]]
[2026.02.11-02.11.34:242][  0]LogConfig: Setting CVar [[r.SkyAtmosphere.TransmittanceLUT.SampleCount:10.0]]
[2026.02.11-02.11.34:242][  0]LogConfig: Setting CVar [[r.SkyAtmosphere.MultiScatteringLUT.SampleCount:15.0]]
[2026.02.11-02.11.34:242][  0]LogConfig: Setting CVar [[r.SkyLight.RealTimeReflectionCapture:1]]
[2026.02.11-02.11.34:242][  0]LogConfig: Setting CVar [[fx.Niagara.QualityLevel:3]]
[2026.02.11-02.11.34:242][  0]LogConfig: Applying CVar settings from Section [FoliageQuality@3] File [E:/F盘/上传官网/su-z2/Dormitory/Saved/Config/Windows/Scalability.ini]
[2026.02.11-02.11.34:242][  0]LogConfig: Setting CVar [[foliage.DensityScale:1.0]]
[2026.02.11-02.11.34:242][  0]LogConfig: Setting CVar [[grass.DensityScale:1.0]]
[2026.02.11-02.11.34:242][  0]LogConfig: Applying CVar settings from Section [ShadingQuality@3] File [E:/F盘/上传官网/su-z2/Dormitory/Saved/Config/Windows/Scalability.ini]
[2026.02.11-02.11.34:242][  0]LogConfig: Setting CVar [[r.HairStrands.SkyLighting.IntegrationType:2]]
[2026.02.11-02.11.34:242][  0]LogConfig: Setting CVar [[r.HairStrands.SkyAO.SampleCount:4]]
[2026.02.11-02.11.34:242][  0]LogConfig: Setting CVar [[r.HairStrands.Visibility.MSAA.SamplePerPixel:4]]
[2026.02.11-02.11.34:242][  0]LogConfig: Setting CVar [[r.HairStrands.Interpolation.UseSingleGuide:0]]
[2026.02.11-02.11.34:242][  0]LogInit: Selected Device Profile: [Windows]
[2026.02.11-02.11.34:242][  0]LogInit: Applying CVar settings loaded from the selected device profile: [Windows]
[2026.02.11-02.11.34:242][  0]LogHAL: Display: Platform has ~ 32 GB [34160525312 / 34359738368 / 32], which maps to Largest [LargestMinGB=32, LargerMinGB=12, DefaultMinGB=8, SmallerMinGB=6, SmallestMinGB=0)
[2026.02.11-02.11.34:242][  0]LogInit: Going up to parent DeviceProfile []
[2026.02.11-02.11.34:242][  0]LogConfig: Applying CVar settings from Section [ViewDistanceQuality@3] File [E:/F盘/上传官网/su-z2/Dormitory/Saved/Config/Windows/Scalability.ini]
[2026.02.11-02.11.34:242][  0]LogConfig: Setting CVar [[r.SkeletalMeshLODBias:0]]
[2026.02.11-02.11.34:242][  0]LogConfig: Setting CVar [[r.ViewDistanceScale:1.0]]
[2026.02.11-02.11.34:242][  0]LogConfig: Applying CVar settings from Section [AntiAliasingQuality@3] File [E:/F盘/上传官网/su-z2/Dormitory/Saved/Config/Windows/Scalability.ini]
[2026.02.11-02.11.34:242][  0]LogConfig: Setting CVar [[r.PostProcessAAQuality:4]]
[2026.02.11-02.11.34:242][  0]LogConfig: Applying CVar settings from Section [ShadowQuality@3] File [E:/F盘/上传官网/su-z2/Dormitory/Saved/Config/Windows/Scalability.ini]
[2026.02.11-02.11.34:242][  0]LogConfig: Setting CVar [[r.LightFunctionQuality:1]]
[2026.02.11-02.11.34:242][  0]LogConfig: Setting CVar [[r.ShadowQuality:5]]
[2026.02.11-02.11.34:242][  0]LogConfig: Setting CVar [[r.Shadow.CSM.MaxCascades:10]]
[2026.02.11-02.11.34:242][  0]LogConfig: Setting CVar [[r.Shadow.MaxResolution:2048]]
[2026.02.11-02.11.34:242][  0]LogConfig: Setting CVar [[r.Shadow.MaxCSMResolution:2048]]
[2026.02.11-02.11.34:243][  0]LogConfig: Setting CVar [[r.Shadow.RadiusThreshold:0.01]]
[2026.02.11-02.11.34:243][  0]LogConfig: Setting CVar [[r.Shadow.DistanceScale:1.0]]
[2026.02.11-02.11.34:243][  0]LogConfig: Setting CVar [[r.Shadow.CSM.TransitionScale:1.0]]
[2026.02.11-02.11.34:243][  0]LogConfig: Setting CVar [[r.Shadow.PreShadowResolutionFactor:1.0]]
[2026.02.11-02.11.34:243][  0]LogConfig: Setting CVar [[r.DistanceFieldShadowing:1]]
[2026.02.11-02.11.34:243][  0]LogConfig: Setting CVar [[r.DistanceFieldAO:1]]
[2026.02.11-02.11.34:243][  0]LogConfig: Setting CVar [[r.AOQuality:2]]
[2026.02.11-02.11.34:243][  0]LogConfig: Setting CVar [[r.VolumetricFog:1]]
[2026.02.11-02.11.34:243][  0]LogConfig: Setting CVar [[r.VolumetricFog.GridPixelSize:8]]
[2026.02.11-02.11.34:243][  0]LogConfig: Setting CVar [[r.VolumetricFog.GridSizeZ:128]]
[2026.02.11-02.11.34:243][  0]LogConfig: Setting CVar [[r.VolumetricFog.HistoryMissSupersampleCount:4]]
[2026.02.11-02.11.34:243][  0]LogConfig: Setting CVar [[r.LightMaxDrawDistanceScale:1]]
[2026.02.11-02.11.34:243][  0]LogConfig: Setting CVar [[r.CapsuleShadows:1]]
[2026.02.11-02.11.34:243][  0]LogConfig: Applying CVar settings from Section [PostProcessQuality@3] File [E:/F盘/上传官网/su-z2/Dormitory/Saved/Config/Windows/Scalability.ini]
[2026.02.11-02.11.34:243][  0]LogConfig: Setting CVar [[r.MotionBlurQuality:4]]
[2026.02.11-02.11.34:243][  0]LogConfig: Setting CVar [[r.AmbientOcclusionMipLevelFactor:0.4]]
[2026.02.11-02.11.34:243][  0]LogConfig: Setting CVar [[r.AmbientOcclusionMaxQuality:100]]
[2026.02.11-02.11.34:243][  0]LogConfig: Setting CVar [[r.AmbientOcclusionLevels:-1]]
[2026.02.11-02.11.34:243][  0]LogConfig: Setting CVar [[r.AmbientOcclusionRadiusScale:1.0]]
[2026.02.11-02.11.34:243][  0]LogConfig: Setting CVar [[r.DepthOfFieldQuality:2]]
[2026.02.11-02.11.34:243][  0]LogConfig: Setting CVar [[r.RenderTargetPoolMin:400]]
[2026.02.11-02.11.34:243][  0]LogConfig: Setting CVar [[r.LensFlareQuality:2]]
[2026.02.11-02.11.34:243][  0]LogConfig: Setting CVar [[r.SceneColorFringeQuality:1]]
[2026.02.11-02.11.34:243][  0]LogConfig: Setting CVar [[r.EyeAdaptationQuality:2]]
[2026.02.11-02.11.34:243][  0]LogConfig: Setting CVar [[r.BloomQuality:5]]
[2026.02.11-02.11.34:243][  0]LogConfig: Setting CVar [[r.FastBlurThreshold:100]]
[2026.02.11-02.11.34:243][  0]LogConfig: Setting CVar [[r.Upscale.Quality:3]]
[2026.02.11-02.11.34:243][  0]LogConfig: Setting CVar [[r.Tonemapper.GrainQuantization:1]]
[2026.02.11-02.11.34:243][  0]LogConfig: Setting CVar [[r.LightShaftQuality:1]]
[2026.02.11-02.11.34:243][  0]LogConfig: Setting CVar [[r.Filter.SizeScale:1]]
[2026.02.11-02.11.34:243][  0]LogConfig: Setting CVar [[r.Tonemapper.Quality:5]]
[2026.02.11-02.11.34:243][  0]LogConfig: Setting CVar [[r.DOF.Gather.AccumulatorQuality:1        ; higher gathering accumulator quality]]
[2026.02.11-02.11.34:243][  0]LogConfig: Setting CVar [[r.DOF.Gather.PostfilterMethod:1          ; Median3x3 postfilering method]]
[2026.02.11-02.11.34:243][  0]LogConfig: Setting CVar [[r.DOF.Gather.EnableBokehSettings:0       ; no bokeh simulation when gathering]]
[2026.02.11-02.11.34:243][  0]LogConfig: Setting CVar [[r.DOF.Gather.RingCount:4                 ; medium number of samples when gathering]]
[2026.02.11-02.11.34:243][  0]LogConfig: Setting CVar [[r.DOF.Scatter.ForegroundCompositing:1    ; additive foreground scattering]]
[2026.02.11-02.11.34:243][  0]LogConfig: Setting CVar [[r.DOF.Scatter.BackgroundCompositing:2    ; additive background scattering]]
[2026.02.11-02.11.34:243][  0]LogConfig: Setting CVar [[r.DOF.Scatter.EnableBokehSettings:1      ; bokeh simulation when scattering]]
[2026.02.11-02.11.34:243][  0]LogConfig: Setting CVar [[r.DOF.Scatter.MaxSpriteRatio:0.1         ; only a maximum of 10% of scattered bokeh]]
[2026.02.11-02.11.34:243][  0]LogConfig: Setting CVar [[r.DOF.Recombine.Quality:1                ; cheap slight out of focus]]
[2026.02.11-02.11.34:243][  0]LogConfig: Setting CVar [[r.DOF.Recombine.EnableBokehSettings:0    ; no bokeh simulation on slight out of focus]]
[2026.02.11-02.11.34:243][  0]LogConfig: Setting CVar [[r.DOF.TemporalAAQuality:1                ; more stable temporal accumulation]]
[2026.02.11-02.11.34:243][  0]LogConfig: Setting CVar [[r.DOF.Kernel.MaxForegroundRadius:0.025]]
[2026.02.11-02.11.34:243][  0]LogConfig: Setting CVar [[r.DOF.Kernel.MaxBackgroundRadius:0.025]]
[2026.02.11-02.11.34:243][  0]LogConfig: Applying CVar settings from Section [TextureQuality@3] File [E:/F盘/上传官网/su-z2/Dormitory/Saved/Config/Windows/Scalability.ini]
[2026.02.11-02.11.34:243][  0]LogConfig: Setting CVar [[r.Streaming.MipBias:0]]
[2026.02.11-02.11.34:243][  0]LogConfig: Setting CVar [[r.Streaming.AmortizeCPUToGPUCopy:0]]
[2026.02.11-02.11.34:243][  0]LogConfig: Setting CVar [[r.Streaming.MaxNumTexturesToStreamPerFrame:0]]
[2026.02.11-02.11.34:243][  0]LogConfig: Setting CVar [[r.Streaming.Boost:1]]
[2026.02.11-02.11.34:243][  0]LogConfig: Setting CVar [[r.MaxAnisotropy:8]]
[2026.02.11-02.11.34:243][  0]LogConfig: Setting CVar [[r.VT.MaxAnisotropy:8]]
[2026.02.11-02.11.34:243][  0]LogConfig: Setting CVar [[r.Streaming.LimitPoolSizeToVRAM:0]]
[2026.02.11-02.11.34:243][  0]LogConfig: Setting CVar [[r.Streaming.PoolSize:1000]]
[2026.02.11-02.11.34:243][  0]LogConfig: Setting CVar [[r.Streaming.MaxEffectiveScreenSize:0]]
[2026.02.11-02.11.34:243][  0]LogConfig: Applying CVar settings from Section [EffectsQuality@3] File [E:/F盘/上传官网/su-z2/Dormitory/Saved/Config/Windows/Scalability.ini]
[2026.02.11-02.11.34:243][  0]LogConfig: Setting CVar [[r.TranslucencyLightingVolumeDim:64]]
[2026.02.11-02.11.34:244][  0]LogConfig: Setting CVar [[r.RefractionQuality:2]]
[2026.02.11-02.11.34:244][  0]LogConfig: Setting CVar [[r.SSR.Quality:3]]
[2026.02.11-02.11.34:244][  0]LogConfig: Setting CVar [[r.SSR.HalfResSceneColor:0]]
[2026.02.11-02.11.34:244][  0]LogConfig: Setting CVar [[r.SceneColorFormat:4]]
[2026.02.11-02.11.34:244][  0]LogConfig: Setting CVar [[r.DetailMode:2]]
[2026.02.11-02.11.34:244][  0]LogConfig: Setting CVar [[r.TranslucencyVolumeBlur:1]]
[2026.02.11-02.11.34:244][  0]LogConfig: Setting CVar [[r.MaterialQualityLevel:1 ; High quality]]
[2026.02.11-02.11.34:244][  0]LogConfig: Setting CVar [[r.AnisotropicMaterials:1]]
[2026.02.11-02.11.34:244][  0]LogConfig: Setting CVar [[r.SSS.Scale:1]]
[2026.02.11-02.11.34:244][  0]LogConfig: Setting CVar [[r.SSS.SampleSet:2]]
[2026.02.11-02.11.34:244][  0]LogConfig: Setting CVar [[r.SSS.Quality:1]]
[2026.02.11-02.11.34:244][  0]LogConfig: Setting CVar [[r.SSS.HalfRes:0]]
[2026.02.11-02.11.34:244][  0]LogConfig: Setting CVar [[r.SSGI.Quality:3]]
[2026.02.11-02.11.34:244][  0]LogConfig: Setting CVar [[r.EmitterSpawnRateScale:1.0]]
[2026.02.11-02.11.34:244][  0]LogConfig: Setting CVar [[r.ParticleLightQuality:2]]
[2026.02.11-02.11.34:244][  0]LogConfig: Setting CVar [[r.SkyAtmosphere.AerialPerspectiveLUT.FastApplyOnOpaque:1 ; Always have FastSkyLUT 1 in this case to avoid wrong sky]]
[2026.02.11-02.11.34:244][  0]LogConfig: Setting CVar [[r.SkyAtmosphere.AerialPerspectiveLUT.SampleCountMaxPerSlice:4]]
[2026.02.11-02.11.34:244][  0]LogConfig: Setting CVar [[r.SkyAtmosphere.AerialPerspectiveLUT.DepthResolution:16.0]]
[2026.02.11-02.11.34:244][  0]LogConfig: Setting CVar [[r.SkyAtmosphere.FastSkyLUT:1]]
[2026.02.11-02.11.34:244][  0]LogConfig: Setting CVar [[r.SkyAtmosphere.FastSkyLUT.SampleCountMin:4.0]]
[2026.02.11-02.11.34:244][  0]LogConfig: Setting CVar [[r.SkyAtmosphere.FastSkyLUT.SampleCountMax:128.0]]
[2026.02.11-02.11.34:244][  0]LogConfig: Setting CVar [[r.SkyAtmosphere.SampleCountMin:4.0]]
[2026.02.11-02.11.34:244][  0]LogConfig: Setting CVar [[r.SkyAtmosphere.SampleCountMax:128.0]]
[2026.02.11-02.11.34:244][  0]LogConfig: Setting CVar [[r.SkyAtmosphere.TransmittanceLUT.UseSmallFormat:0]]
[2026.02.11-02.11.34:244][  0]LogConfig: Setting CVar [[r.SkyAtmosphere.TransmittanceLUT.SampleCount:10.0]]
[2026.02.11-02.11.34:244][  0]LogConfig: Setting CVar [[r.SkyAtmosphere.MultiScatteringLUT.SampleCount:15.0]]
[2026.02.11-02.11.34:244][  0]LogConfig: Setting CVar [[r.SkyLight.RealTimeReflectionCapture:1]]
[2026.02.11-02.11.34:244][  0]LogConfig: Setting CVar [[fx.Niagara.QualityLevel:3]]
[2026.02.11-02.11.34:244][  0]LogConfig: Applying CVar settings from Section [FoliageQuality@3] File [E:/F盘/上传官网/su-z2/Dormitory/Saved/Config/Windows/Scalability.ini]
[2026.02.11-02.11.34:244][  0]LogConfig: Setting CVar [[foliage.DensityScale:1.0]]
[2026.02.11-02.11.34:244][  0]LogConfig: Setting CVar [[grass.DensityScale:1.0]]
[2026.02.11-02.11.34:244][  0]LogConfig: Applying CVar settings from Section [ShadingQuality@3] File [E:/F盘/上传官网/su-z2/Dormitory/Saved/Config/Windows/Scalability.ini]
[2026.02.11-02.11.34:244][  0]LogConfig: Setting CVar [[r.HairStrands.SkyLighting.IntegrationType:2]]
[2026.02.11-02.11.34:244][  0]LogConfig: Setting CVar [[r.HairStrands.SkyAO.SampleCount:4]]
[2026.02.11-02.11.34:244][  0]LogConfig: Setting CVar [[r.HairStrands.Visibility.MSAA.SamplePerPixel:4]]
[2026.02.11-02.11.34:244][  0]LogConfig: Setting CVar [[r.HairStrands.Interpolation.UseSingleGuide:0]]
[2026.02.11-02.11.34:244][  0]LogConfig: Applying CVar settings from Section [Startup] File [../../../Engine/Config/ConsoleVariables.ini]
[2026.02.11-02.11.34:245][  0]LogConfig: Setting CVar [[net.UseAdaptiveNetUpdateFrequency:0]]
[2026.02.11-02.11.34:245][  0]LogConfig: Setting CVar [[p.chaos.AllowCreatePhysxBodies:1]]
[2026.02.11-02.11.34:245][  0]LogConfig: Setting CVar [[fx.SkipVectorVMBackendOptimizations:1]]
[2026.02.11-02.11.34:245][  0]LogConfig: Applying CVar settings from Section [ConsoleVariables] File [E:/F盘/上传官网/su-z2/Dormitory/Saved/Config/Windows/Engine.ini]
[2026.02.11-02.11.34:245][  0]LogConfig: Applying CVar settings from Section [ConsoleVariables] File [E:/F盘/上传官网/su-z2/Dormitory/Saved/Config/Windows/Editor.ini]
[2026.02.11-02.11.34:245][  0]LogInit: Computer: NEW
[2026.02.11-02.11.34:245][  0]LogInit: User: zhang
[2026.02.11-02.11.34:245][  0]LogInit: CPU Page size=4096, Cores=6
[2026.02.11-02.11.34:245][  0]LogInit: High frequency timer resolution =10.000000 MHz
[2026.02.11-02.11.34:245][  0]LogMemory: Memory total: Physical=31.8GB (32GB approx)
[2026.02.11-02.11.34:245][  0]LogMemory: Platform Memory Stats for Windows
[2026.02.11-02.11.34:245][  0]LogMemory: Process Physical Memory: 150.90 MB used, 150.91 MB peak
[2026.02.11-02.11.34:245][  0]LogMemory: Process Virtual Memory: 130.38 MB used, 130.38 MB peak
[2026.02.11-02.11.34:245][  0]LogMemory: Physical Memory: 11069.00 MB used,  21509.01 MB free, 32578.02 MB total
[2026.02.11-02.11.34:245][  0]LogMemory: Virtual Memory: 134170656.00 MB used,  47073.66 MB free, 134217728.00 MB total
[2026.02.11-02.11.34:254][  0]LogWindows: WindowsPlatformFeatures enabled
[2026.02.11-02.11.34:298][  0]LogInit: Physics initialised using underlying interface: PhysX
[2026.02.11-02.11.34:300][  0]LogInit: Using OS detected language (zh-CN).
[2026.02.11-02.11.34:300][  0]LogInit: Using OS detected locale (zh-CN).
[2026.02.11-02.11.34:307][  0]LogTextLocalizationManager: No specific localization for 'zh-CN' exists, so the 'zh-Hans' localization will be used.
[2026.02.11-02.11.34:480][  0]LogTextLocalizationResource: LocRes '../../../Engine/Content/Localization/Editor/zh/Editor.locres' could not be opened for reading!
[2026.02.11-02.11.34:480][  0]LogTextLocalizationResource: LocRes '../../../Engine/Content/Localization/EditorTutorials/zh/EditorTutorials.locres' could not be opened for reading!
[2026.02.11-02.11.34:480][  0]LogTextLocalizationResource: LocRes '../../../Engine/Content/Localization/Keywords/zh/Keywords.locres' could not be opened for reading!
[2026.02.11-02.11.34:480][  0]LogTextLocalizationResource: LocRes '../../../Engine/Content/Localization/Category/zh/Category.locres' could not be opened for reading!
[2026.02.11-02.11.34:481][  0]LogTextLocalizationResource: LocRes '../../../Engine/Content/Localization/ToolTips/zh/ToolTips.locres' could not be opened for reading!
[2026.02.11-02.11.34:481][  0]LogTextLocalizationResource: LocRes '../../../Engine/Content/Localization/PropertyNames/zh/PropertyNames.locres' could not be opened for reading!
[2026.02.11-02.11.34:481][  0]LogTextLocalizationResource: LocRes '../../../Engine/Content/Localization/Engine/zh/Engine.locres' could not be opened for reading!
[2026.02.11-02.11.34:481][  0]LogTextLocalizationResource: LocRes '../../../Engine/Plugins/Online/OnlineSubsystem/Content/Localization/OnlineSubsystem/zh/OnlineSubsystem.locres' could not be opened for reading!
[2026.02.11-02.11.34:482][  0]LogTextLocalizationResource: LocRes '../../../Engine/Plugins/Online/OnlineSubsystemUtils/Content/Localization/OnlineSubsystemUtils/zh/OnlineSubsystemUtils.locres' could not be opened for reading!
[2026.02.11-02.11.34:482][  0]LogTextLocalizationResource: LocRes '../../../Engine/Plugins/Online/Android/OnlineSubsystemGooglePlay/Content/Localization/OnlineSubsystemGooglePlay/zh/OnlineSubsystemGooglePlay.locres' could not be opened for reading!
[2026.02.11-02.11.34:482][  0]LogTextLocalizationResource: LocRes '../../../Engine/Plugins/Online/IOS/OnlineSubsystemIOS/Content/Localization/OnlineSubsystemIOS/zh/OnlineSubsystemIOS.locres' could not be opened for reading!
[2026.02.11-02.11.34:566][  0]LogInit: Setting process to per monitor DPI aware
[2026.02.11-02.11.34:589][  0]LogWindowsTextInputMethodSystem: Display: IME system deactivated.
[2026.02.11-02.11.34:610][  0]LogSlate: New Slate User Created.  User Index 0, Is Virtual User: 0
[2026.02.11-02.11.34:610][  0]LogSlate: Slate User Registered.  User Index 0, Is Virtual User: 0
[2026.02.11-02.11.34:851][  0]LogD3D11RHI: Loaded GFSDK_Aftermath_Lib.x64.dll
[2026.02.11-02.11.34:856][  0]LogHMD: Failed to initialize OpenVR with code 110
[2026.02.11-02.11.34:856][  0]LogD3D11RHI: D3D11 min allowed feature level: 11_0
[2026.02.11-02.11.34:856][  0]LogD3D11RHI: D3D11 max allowed feature level: 11_0
[2026.02.11-02.11.34:856][  0]LogD3D11RHI: D3D11 adapters:
[2026.02.11-02.11.35:081][  0]LogD3D11RHI:    0. 'NVIDIA GeForce GTX 1660' (Feature Level 11_0)
[2026.02.11-02.11.35:081][  0]LogD3D11RHI:       5966/0/16289 MB DedicatedVideo/DedicatedSystem/SharedSystem, Outputs:1, VendorId:0x10de
[2026.02.11-02.11.35:084][  0]LogD3D11RHI:    1. 'Microsoft Basic Render Driver' (Feature Level 11_0)
[2026.02.11-02.11.35:084][  0]LogD3D11RHI:       0/0/16289 MB DedicatedVideo/DedicatedSystem/SharedSystem, Outputs:0, VendorId:0x1414
[2026.02.11-02.11.35:240][  0]LogD3D11RHI:    2. 'NVIDIA GeForce GTX 1660' (Feature Level 11_0)
[2026.02.11-02.11.35:240][  0]LogD3D11RHI:       5966/0/16289 MB DedicatedVideo/DedicatedSystem/SharedSystem, Outputs:0, VendorId:0x10de
[2026.02.11-02.11.35:240][  0]LogD3D11RHI: Chosen D3D11 Adapter:
[2026.02.11-02.11.35:240][  0]LogD3D11RHI:     Description : NVIDIA GeForce GTX 1660
[2026.02.11-02.11.35:240][  0]LogD3D11RHI:     VendorId    : 10de
[2026.02.11-02.11.35:240][  0]LogD3D11RHI:     DeviceId    : 2184
[2026.02.11-02.11.35:240][  0]LogD3D11RHI:     SubSysId    : 155119da
[2026.02.11-02.11.35:240][  0]LogD3D11RHI:     Revision    : 00a1
[2026.02.11-02.11.35:240][  0]LogD3D11RHI:     DedicatedVideoMemory : 6255804416 bytes
[2026.02.11-02.11.35:240][  0]LogD3D11RHI:     DedicatedSystemMemory : 0 bytes
[2026.02.11-02.11.35:240][  0]LogD3D11RHI:     SharedSystemMemory : 17080262656 bytes
[2026.02.11-02.11.35:240][  0]LogD3D11RHI:     AdapterLuid : 0 62019
[2026.02.11-02.11.35:250][  0]LogD3D11RHI: Creating new Direct3DDevice
[2026.02.11-02.11.35:250][  0]LogD3D11RHI:     GPU DeviceId: 0x2184 (for the marketing name, search the web for "GPU Device Id")
[2026.02.11-02.11.35:250][  0]LogWindows: EnumDisplayDevices:
[2026.02.11-02.11.35:251][  0]LogWindows:    0. 'NVIDIA GeForce GTX 1660' (P:1 D:1)
[2026.02.11-02.11.35:251][  0]LogWindows:    1. 'NVIDIA GeForce GTX 1660' (P:0 D:0)
[2026.02.11-02.11.35:251][  0]LogWindows:    2. 'NVIDIA GeForce GTX 1660' (P:0 D:0)
[2026.02.11-02.11.35:252][  0]LogWindows:    3. 'NVIDIA GeForce GTX 1660' (P:0 D:0)
[2026.02.11-02.11.35:252][  0]LogWindows:    4. 'OrayIddDriver Device' (P:0 D:0)
[2026.02.11-02.11.35:252][  0]LogWindows:    5. 'OrayIddDriver Device' (P:0 D:0)
[2026.02.11-02.11.35:253][  0]LogWindows:    6. 'OrayIddDriver Device' (P:0 D:0)
[2026.02.11-02.11.35:253][  0]LogWindows:    7. 'OrayIddDriver Device' (P:0 D:0)
[2026.02.11-02.11.35:253][  0]LogWindows:    8. 'OrayIddDriver Device' (P:0 D:0)
[2026.02.11-02.11.35:254][  0]LogWindows:    9. 'OrayIddDriver Device' (P:0 D:0)
[2026.02.11-02.11.35:254][  0]LogWindows:    10. 'OrayIddDriver Device' (P:0 D:0)
[2026.02.11-02.11.35:254][  0]LogWindows:    11. 'OrayIddDriver Device' (P:0 D:0)
[2026.02.11-02.11.35:255][  0]LogWindows:    12. 'OrayIddDriver Device' (P:0 D:0)
[2026.02.11-02.11.35:255][  0]LogWindows:    13. 'OrayIddDriver Device' (P:0 D:0)
[2026.02.11-02.11.35:255][  0]LogWindows: DebugString: GetVideoDriverDetailsInvalid PrimaryIsNotTheChoosenAdapter GetVideoDriverDetailsInvalid PrimaryIsNotTheChoosenAdapter GetVideoDriverDetailsInvalid PrimaryIsNotTheChoosenAdapter GetVideoDriverDetailsInvalid PrimaryIsNotTheChoosenAdapter GetVideoDriverDetailsInvalid PrimaryIsNotTheChoosenAdapter GetVideoDriverDetailsInvalid PrimaryIsNotTheChoosenAdapter GetVideoDriverDetailsInvalid PrimaryIsNotTheChoosenAdapter GetVideoDriverDetailsInvalid PrimaryIsNotTheChoosenAdapter GetVideoDriverDetailsInvalid PrimaryIsNotTheChoosenAdapter GetVideoDriverDetailsInvalid PrimaryIsNotTheChoosenAdapter FoundDriverCount:4 
[2026.02.11-02.11.35:255][  0]LogD3D11RHI:     Adapter Name: NVIDIA GeForce GTX 1660
[2026.02.11-02.11.35:255][  0]LogD3D11RHI:   Driver Version: 560.94 (internal:32.0.15.6094, unified:560.94)
[2026.02.11-02.11.35:255][  0]LogD3D11RHI:      Driver Date: 8-14-2024
[2026.02.11-02.11.35:255][  0]LogRHI: Texture pool is 4176 MB (70% of 5966 MB)
[2026.02.11-02.11.35:255][  0]LogD3D11RHI: Creating D3DDevice using adapter:
[2026.02.11-02.11.35:255][  0]LogD3D11RHI:     Description : NVIDIA GeForce GTX 1660
[2026.02.11-02.11.35:255][  0]LogD3D11RHI:     VendorId    : 10de
[2026.02.11-02.11.35:255][  0]LogD3D11RHI:     DeviceId    : 2184
[2026.02.11-02.11.35:255][  0]LogD3D11RHI:     SubSysId    : 155119da
[2026.02.11-02.11.35:255][  0]LogD3D11RHI:     Revision    : 00a1
[2026.02.11-02.11.35:255][  0]LogD3D11RHI:     DedicatedVideoMemory : 6255804416 bytes
[2026.02.11-02.11.35:255][  0]LogD3D11RHI:     DedicatedSystemMemory : 0 bytes
[2026.02.11-02.11.35:255][  0]LogD3D11RHI:     SharedSystemMemory : 17080262656 bytes
[2026.02.11-02.11.35:255][  0]LogD3D11RHI:     AdapterLuid : 0 62019
[2026.02.11-02.11.35:389][  0]LogD3D11RHI: RHI has support for 64 bit atomics
[2026.02.11-02.11.35:390][  0]LogD3D11RHI: Async texture creation enabled
[2026.02.11-02.11.35:390][  0]LogD3D11RHI: Array index from any shader is supported
[2026.02.11-02.11.35:408][  0]LogD3D11RHI: GPU Timing Frequency: 1000.000000 (Debug: 2 1)
[2026.02.11-02.11.35:469][  0]LogRHI: GeForceNow SDK initialized: 1
[2026.02.11-02.11.35:932][  0]LogTargetPlatformManager: Display: Loaded TargetPlatform 'AllDesktop'
[2026.02.11-02.11.35:961][  0]LogTargetPlatformManager: Display: Loaded TargetPlatform 'Android'
[2026.02.11-02.11.35:961][  0]LogTargetPlatformManager: Display: Loaded TargetPlatform 'Android_ASTC'
[2026.02.11-02.11.35:961][  0]LogTargetPlatformManager: Display: Loaded TargetPlatform 'Android_DXT'
[2026.02.11-02.11.35:961][  0]LogTargetPlatformManager: Display: Loaded TargetPlatform 'Android_ETC2'
[2026.02.11-02.11.35:961][  0]LogTargetPlatformManager: Display: Loaded TargetPlatform 'AndroidClient'
[2026.02.11-02.11.35:961][  0]LogTargetPlatformManager: Display: Loaded TargetPlatform 'Android_ASTCClient'
[2026.02.11-02.11.35:961][  0]LogTargetPlatformManager: Display: Loaded TargetPlatform 'Android_DXTClient'
[2026.02.11-02.11.35:961][  0]LogTargetPlatformManager: Display: Loaded TargetPlatform 'Android_ETC2Client'
[2026.02.11-02.11.35:961][  0]LogTargetPlatformManager: Display: Loaded TargetPlatform 'Android_Multi'
[2026.02.11-02.11.35:961][  0]LogTargetPlatformManager: Display: Loaded TargetPlatform 'Android_MultiClient'
[2026.02.11-02.11.35:987][  0]LogTargetPlatformManager: Display: Loaded TargetPlatform 'IOSClient'
[2026.02.11-02.11.35:987][  0]LogTargetPlatformManager: Display: Loaded TargetPlatform 'IOS'
[2026.02.11-02.11.36:001][  0]LogTargetPlatformManager: Display: Loaded TargetPlatform 'Linux'
[2026.02.11-02.11.36:009][  0]LogTargetPlatformManager: Display: Loaded TargetPlatform 'LinuxNoEditor'
[2026.02.11-02.11.36:016][  0]LogTargetPlatformManager: Display: Loaded TargetPlatform 'LinuxClient'
[2026.02.11-02.11.36:023][  0]LogTargetPlatformManager: Display: Loaded TargetPlatform 'LinuxServer'
[2026.02.11-02.11.36:038][  0]LogTargetPlatformManager: Display: Loaded TargetPlatform 'LinuxAArch64NoEditor'
[2026.02.11-02.11.36:047][  0]LogTargetPlatformManager: Display: Loaded TargetPlatform 'LinuxAArch64Client'
[2026.02.11-02.11.36:054][  0]LogTargetPlatformManager: Display: Loaded TargetPlatform 'LinuxAArch64Server'
[2026.02.11-02.11.36:089][  0]LogTargetPlatformManager: Display: Loaded TargetPlatform 'Lumin'
[2026.02.11-02.11.36:090][  0]LogTargetPlatformManager: Display: Loaded TargetPlatform 'LuminClient'
[2026.02.11-02.11.36:104][  0]LogTargetPlatformManager: Display: Loaded TargetPlatform 'MacNoEditor'
[2026.02.11-02.11.36:111][  0]LogTargetPlatformManager: Display: Loaded TargetPlatform 'Mac'
[2026.02.11-02.11.36:118][  0]LogTargetPlatformManager: Display: Loaded TargetPlatform 'MacClient'
[2026.02.11-02.11.36:124][  0]LogTargetPlatformManager: Display: Loaded TargetPlatform 'MacServer'
[2026.02.11-02.11.36:139][  0]LogTargetPlatformManager: Display: Loaded TargetPlatform 'TVOSClient'
[2026.02.11-02.11.36:139][  0]LogTargetPlatformManager: Display: Loaded TargetPlatform 'TVOS'
[2026.02.11-02.11.36:151][  0]LogTargetPlatformManager: Display: Loaded TargetPlatform 'WindowsNoEditor'
[2026.02.11-02.11.36:159][  0]LogTargetPlatformManager: Display: Loaded TargetPlatform 'Windows'
[2026.02.11-02.11.36:166][  0]LogTargetPlatformManager: Display: Loaded TargetPlatform 'WindowsClient'
[2026.02.11-02.11.36:173][  0]LogTargetPlatformManager: Display: Loaded TargetPlatform 'WindowsServer'
[2026.02.11-02.11.36:173][  0]LogTargetPlatformManager: Display: Building Assets For Windows
[2026.02.11-02.11.36:186][  0]LogAudioDebug: Display: Lib vorbis DLL was dynamically loaded.
[2026.02.11-02.11.36:255][  0]LogTextureFormatOodle: Display: Oodle Texture 2.9.0 init RDO Off
[2026.02.11-02.11.36:306][  0]LogRendererCore: Ray tracing is disabled. Reason: r.RayTracing=0.
[2026.02.11-02.11.36:306][  0]LogShaderCompilers: Guid format shader working directory is 19 characters bigger than the processId version (E:/F盘/上传官网/su-z2/Dormitory/Intermediate/Shaders/WorkingDirectory/19168/).
[2026.02.11-02.11.36:306][  0]LogShaderCompilers: Cleaned the shader compiler working directory 'C:/Users/zhang/AppData/Local/Temp/UnrealShaderWorkingDir/CB5EB8FC46934C32EAA50A941C773487/'.
[2026.02.11-02.11.36:307][  0]LogXGEController: Cannot use XGE Controller as Incredibuild is not installed on this machine.
[2026.02.11-02.11.36:307][  0]LogShaderCompilers: Cannot use XGE Shader Compiler as Incredibuild is not installed on this machine.
[2026.02.11-02.11.36:307][  0]LogShaderCompilers: Display: Using Local Shader Compiler.
[2026.02.11-02.11.37:297][  0]LogDerivedDataCache: Display: Max Cache Size: 512 MB
[2026.02.11-02.11.37:399][  0]LogDerivedDataCache: Loaded boot cache 0.10s 94MB C:/Users/zhang/AppData/Local/UnrealEngine/4.27/DerivedDataCache/Boot.ddc.
[2026.02.11-02.11.37:399][  0]LogDerivedDataCache: Display: Loaded Boot cache: C:/Users/zhang/AppData/Local/UnrealEngine/4.27/DerivedDataCache/Boot.ddc
[2026.02.11-02.11.37:399][  0]LogDerivedDataCache: FDerivedDataBackendGraph:  Pak pak cache file E:/F盘/上传官网/su-z2/Dormitory/DerivedDataCache/DDC.ddp not found, will not use a pak cache.
[2026.02.11-02.11.37:399][  0]LogDerivedDataCache: Unable to find inner node Pak for hierarchical cache Hierarchy.
[2026.02.11-02.11.37:399][  0]LogDerivedDataCache: FDerivedDataBackendGraph:  CompressedPak pak cache file E:/F盘/上传官网/su-z2/Dormitory/DerivedDataCache/Compressed.ddp not found, will not use a pak cache.
[2026.02.11-02.11.37:399][  0]LogDerivedDataCache: Unable to find inner node CompressedPak for hierarchical cache Hierarchy.
[2026.02.11-02.11.37:418][  0]LogDerivedDataCache: Display: Pak cache opened for reading ../../../Engine/DerivedDataCache/Compressed.ddp.
[2026.02.11-02.11.37:418][  0]LogDerivedDataCache: FDerivedDataBackendGraph:  EnterprisePak pak cache file ../../../Enterprise/DerivedDataCache/Compressed.ddp not found, will not use a pak cache.
[2026.02.11-02.11.37:418][  0]LogDerivedDataCache: Unable to find inner node EnterprisePak for hierarchical cache Hierarchy.
[2026.02.11-02.11.37:430][  0]LogDerivedDataCache: Speed tests for C:/Users/zhang/AppData/Local/UnrealEngine/Common/DerivedDataCache took 0.01 seconds
[2026.02.11-02.11.37:430][  0]LogDerivedDataCache: Display: Performance to C:/Users/zhang/AppData/Local/UnrealEngine/Common/DerivedDataCache: Latency=0.08ms. RandomReadSpeed=644.41MBs, RandomWriteSpeed=94.81MBs. Assigned SpeedClass 'Local'
[2026.02.11-02.11.37:431][  0]LogDerivedDataCache: Using Local data cache path C:/Users/zhang/AppData/Local/UnrealEngine/Common/DerivedDataCache: Writable
[2026.02.11-02.11.37:431][  0]LogDerivedDataCache: Shared data cache path not found in *engine.ini, will not use an Shared cache.
[2026.02.11-02.11.37:431][  0]LogDerivedDataCache: Unable to find inner node Shared for hierarchical cache Hierarchy.
[2026.02.11-02.11.37:492][  0]LogSlate: Using FreeType 2.10.0
[2026.02.11-02.11.37:493][  0]LogSlate: SlateFontServices - WITH_FREETYPE: 1, WITH_HARFBUZZ: 1
[2026.02.11-02.11.37:524][  0]LogAssetRegistry: FAssetRegistry took 0.0035 seconds to start up
[2026.02.11-02.11.37:812][  0]LogInit: Selected Device Profile: [Windows]
[2026.02.11-02.11.37:812][  0]LogInit: Active device profile: [00000237DBFF1300][00000237DA105000 49] Windows
[2026.02.11-02.11.37:812][  0]LogInit: Profiles: [00000237DBFF1300][00000237DA105000 49] Windows, [00000237DBFDAF00][00000237DA10D180 49] WindowsNoEditor, [00000237DBFF2400][00000237DA111300 49] WindowsServer, [00000237DBFDBE00][00000237DA115480 49] WindowsClient, [00000237DBFF3300][00000237DA119600 49] IOS, [00000237DBFD9200][00000237DA11D780 49] iPadAir, [00000237DBFF3E00][00000237DA121900 49] iPadAir2, [00000237DBF8A100][00000237DA125B40 49] IPadPro, [00000237DBF8A200][00000237DA109B80 49] iPadAir3, [00000237DBFD9B00][00000237DA128140 49] iPadAir4, [00000237DBF8B100][00000237DC9042C0 49] iPadMini2, [00000237DBFDB200][00000237DC908440 49] iPadMini3, [00000237DBF8BD00][00000237DC90C5C0 49] iPadMini4, [00000237DBFDA300][00000237DC910740 49] iPadMini5, [00000237DBFBDA00][00000237DC918A00 49] iPhone6, [00000237DBFBDB00][00000237DC914A40 49] iPodTouch6, [00000237DBFF2F00][00000237DC920D00 49] iPhone7, [00000237DBFF3000][00000237DC91CD40 49] iPodTouch7, [00000237DBF89C00][00000237DC924EC0 49] iPhone5S, [00000237DBFF1100][00000237DC929040 49] iPhone6Plus, [00000237DBF89800][00000237DC92D1C0 49] iPhone6S, [00000237DBFF0400][00000237DC931340 49] iPhone6SPlus, [00000237DBF88E00][00000237DC9354C0 49] iPhone7Plus, [00000237DBFF1700][00000237DC939640 49] iPhoneSE, [00000237DBF88A00][00000237DC93D7C0 49] iPhone8, [00000237DBFF0800][00000237DC941940 49] iPhone8Plus, [00000237DBF89A00][00000237DC945AC0 49] iPhoneX, [00000237DBFF3D00][00000237DC901C00 49] iPhoneXS, [00000237DBFBC200][00000237DC9481C0 49] iPhoneXSMax, [00000237DBF88D00][00000237DC94C300 49] iPhoneXR, [00000237DBFBCC00][00000237DC950440 49] iPhone11, [00000237DBF8AE00][00000237DC9585C0 49] iPhone11Pro, [00000237DBFBD500][00000237DC95C740 49] iPhone11ProMax, [00000237DBF8BA00][00000237DC9608C0 49] iPhoneSE2, [00000237DBFBC400][00000237DC964A40 49] iPhone12Mini, [00000237DBF89200][00000237DC968BC0 49] iPhone12, [00000237DBFBFC00][00000237DC96CD40 49] iPhone12Pro, [00000237DBF8A000][00000237DC970EC0 49] iPhone12ProMax, [00000237DBFBEC00][00000237DC975040 49] iPadPro105, [00000237DBFF2100][00000237DC9791C0 49] iPadPro129, [00000237DBFBD100][00000237DC97D340 49] iPadPro97, [00000237DBFF1000][00000237DC9814C0 49] iPadPro2_129, [00000237DBFBCD00][00000237DC985640 49] iPad5, [00000237DBFF1D00][00000237DC9897C0 49] iPad6, [00000237DBFBC600][00000237DC98D940 49] iPad7, [00000237DBFF2E00][00000237DC991AC0 49] iPad8, [00000237DBFBF000][00000237DC9940C0 49] iPadPro11, [00000237DBFF1B00][00000237DC954200 49] iPadPro2_11, [00000237DBFBCA00][00000237DC998340 49] iPadPro3_129, [00000237DBFF0500][00000237DC99C480 49] iPadPro4_129, [00000237DBFBED00][00000237DC9A05C0 49] AppleTV, [00000237DBFF0700][00000237DC9A8740 49] AppleTV4K, [00000237DBFBE600][00000237DC9AC8C0 49] TVOS, [00000237DBFF3100][00000237DC9B0A40 49] Mac, [00000237DBFBF600][00000237DC9B4BC0 49] MacClient, [00000237DBFF3900][00000237DC9B8D40 49] MacNoEditor, [00000237DBFBFF00][00000237DC9BCEC0 49] MacServer, [00000237DBFF0E00][00000237DC9C1040 49] Linux, [00000237DBFBDC00][00000237DC9C51C0 49] LinuxAArch64, [00000237DBFF3700][00000237DC9C9340 49] LinuxNoEditor, [00000237DBFBE400][00000237DC9CD4C0 49] LinuxAArch64NoEditor, [00000237DBFF0F00][00000237DC9D1640 49] LinuxClient, [00000237DBFBD300][00000237DC9D57C0 49] LinuxAArch64Client, [00000237DBFF3500][00000237DC9D9940 49] LinuxServer, [00000237DBFBD200][00000237DC9DDAC0 49] LinuxAArch64Server, [00000237DBFF2500][00000237DC9E00C0 49] Android, [00000237DBFBD900][00000237DC9E4240 49] Android_Low, [00000237DBFF0D00][00000237DC9E83C0 49] Android_Mid, [00000237DBFBEE00][00000237DC9A4500 49] Android_High, [00000237DBFF2000][00000237DC9EC640 49] Android_Default, [00000237DBFBE800][00000237DC9F0780 49] Android_Adreno4xx, [00000237DBFF3C00][00000237DC9F8900 49] Android_Adreno5xx_Low, [00000237DBFBEF00][00000237DC9FCA80 49] Android_Adreno5xx, [00000237DBFF3F00][00000237DCA00C00 49] Android_Adreno6xx, [00000237DBFBF200][00000237DCA04D80 49] Android_Adreno6xx_Vulkan, [00000237DBFF2700][00000237DCA08F00 49] Android_Mali_T6xx, [00000237DBFBCE00][00000237DCA0D080 49] Android_Mali_T7xx, [00000237DBFF2200][00000237DCA11200 49] Android_Mali_T8xx, [00000237DBFBD600][00000237DCA15380 49] Android_Mali_G71, [00000237DBFF0C00][00000237DCA19500 49] Android_Mali_G72, [00000237DBFBDF00][00000237DCA1D680 49] Android_Mali_G72_Vulkan, [00000237DBFF3400][00000237DCA21800 49] Android_Mali_G76, [00000237DBFBF700][00000237DCA25980 49] Android_Mali_G76_Vulkan, [00000237DBFF0A00][00000237DCA29B00 49] Android_Mali_G77, [00000237DBFBC900][00000237DCA2C100 49] Android_Mali_G77_Vulkan, [00000237DBFF2D00][00000237DCA30280 49] Android_Mali_G78, [00000237DBFBFD00][00000237DCA34400 49] Android_Mali_G78_Vulkan, [00000237DBFDA600][00000237DCA38580 49] Android_Mali_G710, [00000237DBF8AF00][00000237DC9F46C0 49] Android_Mali_G710_Vulkan, [00000237DBFDBB00][00000237DCA3C800 49] Android_Vulkan_SM5, [00000237DBF8AA00][00000237DCA40940 49] Android_PowerVR_G6xxx, [00000237DBFD8400][00000237DCA48AC0 49] Android_PowerVR_GT7xxx, [00000237DBF8A700][00000237DCA4CC40 49] Android_PowerVR_GE8xxx, [00000237DBFD8600][00000237DCA50DC0 49] Android_PowerVR_GM9xxx, [00000237DBF8A800][00000237DCA54F40 49] Android_PowerVR_GM9xxx_Vulkan, [00000237DBFD9700][00000237DCA590C0 49] Android_TegraK1, [00000237DBF8B400][00000237DCA5D240 49] Android_Unknown_Vulkan, [00000237DBFD8700][00000237DCA613C0 49] Lumin, [00000237DBF8AD00][00000237DCA65540 49] Lumin_Desktop, [00000237DBFD9F00][00000237DCA696C0 49] HoloLens, 
[2026.02.11-02.11.38:017][  0]LogMeshReduction: Using QuadricMeshReduction for automatic static mesh reduction
[2026.02.11-02.11.38:017][  0]LogMeshReduction: Using SimplygonMeshReduction for automatic skeletal mesh reduction
[2026.02.11-02.11.38:017][  0]LogMeshReduction: Using ProxyLODMeshReduction for automatic mesh merging
[2026.02.11-02.11.38:017][  0]LogMeshReduction: No distributed automatic mesh merging module available
[2026.02.11-02.11.38:017][  0]LogMeshMerging: No distributed automatic mesh merging module available
[2026.02.11-02.11.38:041][  0]LogNetVersion: model 1.0.0, NetCL: 17155196, EngineNetVer: 17, GameNetVer: 0 (Checksum: 3530826561)
[2026.02.11-02.11.38:635][  0]LogTexture: Default maximum texture size for cubemaps generated from long-lat sources has been changed from 512 to unlimited. In order to preserve old behaiour for '/Engine/MapTemplates/Sky/DaylightAmbientCubemap.DaylightAmbientCubemap', its maximum texture size has been explicitly set to 512.
[2026.02.11-02.11.38:798][  0]LogHMD: PokeAHoleMaterial loaded successfully
[2026.02.11-02.11.38:808][  0]LogUObjectArray: 18050 objects as part of root set at end of initial load.
[2026.02.11-02.11.38:808][  0]LogUObjectAllocator: 4611168 out of 0 bytes used by permanent object pool.
[2026.02.11-02.11.38:808][  0]LogUObjectArray: CloseDisregardForGC: 0/0 objects in disregard for GC pool
[2026.02.11-02.11.39:318][  0]LogNiagaraDebuggerClient: Niagara Debugger Client Initialized | Session: 124263E349B8E8FF5826F89F64F84495 | Instance: CC68F9294A6F37E2CAF794A65FC36F96 (NEW-19168).
[2026.02.11-02.11.39:570][  0]LogPython: Using Python 3.7.7
[2026.02.11-02.11.40:382][  0]LogUdpMessaging: Initializing bridge on interface 0.0.0.0:0 to multicast group 230.0.0.1:6666.
[2026.02.11-02.11.40:401][  0]LogTcpMessaging: Initializing TcpMessaging bridge
[2026.02.11-02.11.40:741][  0]SourceControl: 源码管理已禁用
[2026.02.11-02.11.40:741][  0]SourceControl: 源码管理已禁用
[2026.02.11-02.11.40:748][  0]SourceControl: 源码管理已禁用
[2026.02.11-02.11.40:774][  0]SourceControl: 源码管理已禁用
[2026.02.11-02.11.40:786][  0]SourceControl: 源码管理已禁用
[2026.02.11-02.11.40:791][  0]LogUProjectInfo: Found projects:
[2026.02.11-02.11.40:802][  0]LogVSAccessor: Display: Unable to create Visual Studio setup instance: 80040154
[2026.02.11-02.11.40:803][  0]LogVSAccessor: Display: Unable to create Visual Studio setup instance: 80040154
[2026.02.11-02.11.40:804][  0]LogVSAccessor: Display: Unable to create Visual Studio setup instance: 80040154
[2026.02.11-02.11.41:314][  0]LogOpenImageDenoise: OIDN starting up
[2026.02.11-02.11.41:416][  0]LogAndroidPermission: UAndroidPermissionCallbackProxy::GetInstance
[2026.02.11-02.11.41:449][  0]LogAudioCaptureCore: Display: No Audio Capture implementations found. Audio input will be silent.
[2026.02.11-02.11.41:450][  0]LogAudioCaptureCore: Display: No Audio Capture implementations found. Audio input will be silent.
[2026.02.11-02.11.41:686][  0]LogCollectionManager: Loaded 0 collections in 0.001875 seconds
[2026.02.11-02.11.41:743][  0]LogFileCache: Scanning file cache for directory 'E:/F盘/上传官网/su-z2/Dormitory/Saved/Collections/' took 0.00s
[2026.02.11-02.11.41:743][  0]LogFileCache: Scanning file cache for directory 'E:/F盘/上传官网/su-z2/Dormitory/Content/Developers/zhang/Collections/' took 0.00s
[2026.02.11-02.11.41:743][  0]LogFileCache: Scanning file cache for directory 'E:/F盘/上传官网/su-z2/Dormitory/Content/Collections/' took 0.00s
[2026.02.11-02.11.41:743][  0]LogOcInput: OculusInput pre-init called
[2026.02.11-02.11.42:083][  0]LogClass: Display: IntProperty FPhysicsConvexData::NumVertices is not initialized properly. Module:MeshModelingTools File:Public/Physics/CollisionPropertySets.h
[2026.02.11-02.11.42:083][  0]LogClass: Display: IntProperty FPhysicsConvexData::NumFaces is not initialized properly. Module:MeshModelingTools File:Public/Physics/CollisionPropertySets.h
[2026.02.11-02.11.42:083][  0]LogClass: Display: FloatProperty FPhysicsCapsuleData::Radius is not initialized properly. Module:MeshModelingTools File:Public/Physics/CollisionPropertySets.h
[2026.02.11-02.11.42:083][  0]LogClass: Display: FloatProperty FPhysicsCapsuleData::Length is not initialized properly. Module:MeshModelingTools File:Public/Physics/CollisionPropertySets.h
[2026.02.11-02.11.42:084][  0]LogClass: Display: StructProperty FPhysicsBoxData::Dimensions is not initialized properly. Module:MeshModelingTools File:Public/Physics/CollisionPropertySets.h
[2026.02.11-02.11.42:084][  0]LogClass: Display: FloatProperty FPhysicsSphereData::Radius is not initialized properly. Module:MeshModelingTools File:Public/Physics/CollisionPropertySets.h
[2026.02.11-02.11.42:084][  0]LogClass: Display: EnumProperty FLODLevelGenerateSettings::TargetMode is not initialized properly. Module:MeshModelingToolsEditorOnly File:Public/GenerateLODMeshesTool.h
[2026.02.11-02.11.42:084][  0]LogClass: Display: IntProperty FLODLevelGenerateSettings::TargetPercentage is not initialized properly. Module:MeshModelingToolsEditorOnly File:Public/GenerateLODMeshesTool.h
[2026.02.11-02.11.42:084][  0]LogClass: Display: IntProperty FLODLevelGenerateSettings::TargetCount is not initialized properly. Module:MeshModelingToolsEditorOnly File:Public/GenerateLODMeshesTool.h
[2026.02.11-02.11.42:084][  0]LogClass: Display: 9 Uninitialized script struct members found including 0 object properties
[2026.02.11-02.11.42:086][  0]LogEngine: Initializing Engine...
[2026.02.11-02.11.42:091][  0]LogHMD: Failed to enumerate extensions. Please check that you have a valid OpenXR runtime installed.
[2026.02.11-02.11.42:093][  0]LogHMD: Failed to initialize OpenVR with code 110
[2026.02.11-02.11.42:093][  0]LogMagicLeap: Warning: VR disabled because ZI is not enabled.  To enable, in the editor, Edit -> Project Settings -> Plugins -> Magic Leap Plugin -> Enable Zero Iteration
[2026.02.11-02.11.42:094][  0]LogStylusInput: Initializing StylusInput subsystem.
[2026.02.11-02.11.42:098][  0]LogStats: UGameplayTagsManager::InitializeManager -  0.000 s
[2026.02.11-02.11.42:339][  0]LogInit: Initializing FReadOnlyCVARCache
[2026.02.11-02.11.42:353][  0]LogAIModule: Creating AISystem for world Untitled
[2026.02.11-02.11.42:362][  0]LogAudio: Display: Initializing Audio Device Manager...
[2026.02.11-02.11.42:369][  0]LogAudio: Display: Loading Default Audio Settings Objects...
[2026.02.11-02.11.42:370][  0]LogAudio: Display: No default SoundConcurrencyObject specified (or failed to load).
[2026.02.11-02.11.42:371][  0]LogAudio: Display: Audio Device Manager Initialized
[2026.02.11-02.11.42:371][  0]LogAudio: Display: Creating Audio Device:                 Id: 1, Scope: Shared, Realtime: True
[2026.02.11-02.11.42:371][  0]LogAudioMixer: Display: Audio Mixer Platform Settings:
[2026.02.11-02.11.42:371][  0]LogAudioMixer: Display: 	Sample Rate:						  48000
[2026.02.11-02.11.42:371][  0]LogAudioMixer: Display: 	Callback Buffer Frame Size Requested: 1024
[2026.02.11-02.11.42:371][  0]LogAudioMixer: Display: 	Callback Buffer Frame Size To Use:	  1024
[2026.02.11-02.11.42:371][  0]LogAudioMixer: Display: 	Number of buffers to queue:			  2
[2026.02.11-02.11.42:371][  0]LogAudioMixer: Display: 	Max Channels (voices):				  32
[2026.02.11-02.11.42:371][  0]LogAudioMixer: Display: 	Number of Async Source Workers:		  0
[2026.02.11-02.11.42:371][  0]LogAudio: Display: AudioDevice MaxSources: 32
[2026.02.11-02.11.42:372][  0]LogAudio: Display: Audio Spatialization Plugin: None (built-in).
[2026.02.11-02.11.42:372][  0]LogAudio: Display: Audio Reverb Plugin: None (built-in).
[2026.02.11-02.11.42:372][  0]LogAudio: Display: Audio Occlusion Plugin: None (built-in).
[2026.02.11-02.11.42:372][  0]LogAudioMixer: Display: Initializing audio mixer.
[2026.02.11-02.11.42:399][  0]LogAudioMixer: Display: 0: FrontLeft
[2026.02.11-02.11.42:399][  0]LogAudioMixer: Display: 1: FrontRight
[2026.02.11-02.11.42:531][  0]LogAudioMixer: Display: Using Audio Device DELL E1914H (NVIDIA High Definition Audio)
[2026.02.11-02.11.42:533][  0]LogAudioMixer: Display: Initializing Sound Submixes...
[2026.02.11-02.11.42:538][  0]LogAudioMixer: Display: Creating Master Submix 'MasterSubmixDefault'
[2026.02.11-02.11.42:538][  0]LogAudioMixer: Display: Creating Master Submix 'MasterReverbSubmixDefault'
[2026.02.11-02.11.42:539][  0]LogAudioMixer: Display: Creating Master Submix 'MasterEQSubmixDefault'
[2026.02.11-02.11.42:539][  0]LogAudioMixer: FMixerPlatformXAudio2::StartAudioStream() called
[2026.02.11-02.11.42:539][  0]LogAudioMixer: Display: Output buffers initialized: Frames=1024, Channels=2, Samples=2048
[2026.02.11-02.11.42:541][  0]LogAudioMixer: Display: Starting AudioMixerPlatformInterface::RunInternal()
[2026.02.11-02.11.42:541][  0]LogAudioMixer: Display: FMixerPlatformXAudio2::SubmitBuffer() called for the first time
[2026.02.11-02.11.42:541][  0]LogInit: FAudioDevice initialized.
[2026.02.11-02.11.42:542][  0]LogAudio: Display: Audio Device (ID: 1) registered with world 'Untitled'.
[2026.02.11-02.11.42:542][  0]LogNetVersion: Set ProjectVersion to 1.0.0.0. Version Checksum will be recalculated on next use.
[2026.02.11-02.11.42:657][  0]LogDerivedDataCache: Saved boot cache 0.12s 112MB C:/Users/zhang/AppData/Local/UnrealEngine/4.27/DerivedDataCache/Boot.ddc.
[2026.02.11-02.11.42:660][  0]LogInit: Texture streaming: Enabled
[2026.02.11-02.11.42:682][  0]LogAnalytics: Display: [UEEditor.Rocket.Release] APIServer = https://datarouter.ol.epicgames.com/. AppVersion = 4.27.2-18319896+++UE4+Release-4.27
[2026.02.11-02.11.42:689][  0]LogEngineSessionManager: EngineSessionManager initialized
[2026.02.11-02.11.42:689][  0]LogEditorSessionSummary: Verbose: Initializing EditorSessionSummaryWriter for editor session tracking
[2026.02.11-02.11.42:694][  0]LogEditorSessionSummary: EditorSessionSummaryWriter initialized
[2026.02.11-02.11.42:722][  0]LogInit: Transaction tracking system initialized
[2026.02.11-02.11.42:761][  0]BlueprintLog: New page: 编辑器加载
[2026.02.11-02.11.42:886][  0]LocalizationService: 本地化服务已禁用
[2026.02.11-02.11.42:931][  0]TimingProfiler: Initialize
[2026.02.11-02.11.42:931][  0]TimingProfiler: OnSessionChanged
[2026.02.11-02.11.42:931][  0]LoadingProfiler: Initialize
[2026.02.11-02.11.42:931][  0]LoadingProfiler: OnSessionChanged
[2026.02.11-02.11.42:931][  0]NetworkingProfiler: Initialize
[2026.02.11-02.11.42:931][  0]NetworkingProfiler: OnSessionChanged
[2026.02.11-02.11.42:931][  0]MemoryProfiler: Initialize
[2026.02.11-02.11.42:931][  0]MemoryProfiler: OnSessionChanged
[2026.02.11-02.11.43:057][  0]LogVSAccessor: Display: Unable to create Visual Studio setup instance: 80040154
[2026.02.11-02.11.43:057][  0]LogVSAccessor: Display: Unable to create Visual Studio setup instance: 80040154
[2026.02.11-02.11.43:058][  0]LogVSAccessor: Display: Unable to create Visual Studio setup instance: 80040154
[2026.02.11-02.11.43:227][  0]LogCook: Display: CookSettings for Memory: MemoryMaxUsedVirtual 0MiB, MemoryMaxUsedPhysical 16384MiB, MemoryMinFreeVirtual 0MiB, MemoryMinFreePhysical 1024MiB
[2026.02.11-02.11.43:227][  0]LogCook: Display: Mobile HDR setting 1
[2026.02.11-02.11.43:575][  0]LogFileCache: Scanning file cache for directory 'E:/F盘/上传官网/su-z2/Dormitory/Content/' took 0.08s
[2026.02.11-02.11.43:808][  0]LogInit: Display: Engine is initialized. Leaving FEngineLoop::Init()
[2026.02.11-02.11.43:817][  0]SourceControl: 源码管理已禁用
[2026.02.11-02.11.43:817][  0]LogUnrealEdMisc: Loading editor; pre map load, took 11.182
[2026.02.11-02.11.43:817][  0]Cmd: MAP LOAD FILE="E:/F盘/上传官网/su-z2/Dormitory/Content/CityColor/Map/model.umap" TEMPLATE=0 SHOWPROGRESS=1 FEATURELEVEL=3
[2026.02.11-02.11.43:818][  0]LightingResults: New page: 光照构建
[2026.02.11-02.11.43:821][  0]LogWorld: UWorld::CleanupWorld for Untitled, bSessionEnded=true, bCleanupResources=true
[2026.02.11-02.11.43:821][  0]LogSlate: InvalidateAllWidgets triggered.  All widgets were invalidated
[2026.02.11-02.11.43:821][  0]MapCheck: New page: 地图检测
[2026.02.11-02.11.43:821][  0]LightingResults: New page: 光照构建
[2026.02.11-02.11.46:575][  0]LogAudio: Display: Audio Device unregistered from world 'None'.
[2026.02.11-02.11.46:581][  0]LogUObjectHash: Compacting FUObjectHashTables data took   1.51ms
[2026.02.11-02.11.48:791][  0]LogStaticMesh: 正在构建静态网格体SM_Pano……
[2026.02.11-02.11.48:894][  0]LogStaticMesh: Built static mesh [0.10s] /Game/CityColor/Mesh/SM_Pano.SM_Pano
[2026.02.11-02.11.58:250][  0]LogAudio: Display: Audio Device (ID: 1) registered with world 'model'.
[2026.02.11-02.11.58:252][  0]LogAIModule: Creating AISystem for world model
[2026.02.11-02.11.58:262][  0]LogEditorServer: Finished looking for orphan Actors (0.000 secs)
[2026.02.11-02.11.58:269][  0]LogUObjectHash: Compacting FUObjectHashTables data took   1.09ms
[2026.02.11-02.11.58:270][  0]Cmd: MAP CHECKDEP NOCLEARLOG
[2026.02.11-02.11.58:271][  0]MapCheck: 地图检测完成：0个错误、0个警告、完成用时0.13毫秒。
[2026.02.11-02.11.58:271][  0]LogFileHelpers: Loading map 'model' took 14.454
[2026.02.11-02.11.58:274][  0]LogUnrealEdMisc: Total Editor Startup Time, took 25.639
[2026.02.11-02.11.58:350][  0]LogWindowsTextInputMethodSystem: Display: IME system activated using TSF (微软拼音).
[2026.02.11-02.11.58:417][  0]LogSlate: Updating window title bar state: overlay mode, drag disabled, window buttons hidden, title bar hidden
[2026.02.11-02.11.58:425][  0]LogSlate: Updating window title bar state: overlay mode, drag disabled, window buttons hidden, title bar hidden
[2026.02.11-02.11.58:434][  0]LogSlate: Updating window title bar state: overlay mode, drag disabled, window buttons hidden, title bar hidden
[2026.02.11-02.11.58:444][  0]LogSlate: Updating window title bar state: overlay mode, drag disabled, window buttons hidden, title bar hidden
[2026.02.11-02.11.58:464][  0]LogNativeClassHierarchy: Verbose: Native class hierarchy populated in 0.0126 seconds. Added 4202 classes and 960 folders.
[2026.02.11-02.11.58:468][  0]LogNativeClassHierarchy: Verbose: Native class hierarchy updated for 'WidgetCarousel' in 0.0003 seconds. Added 0 classes and 0 folders.
[2026.02.11-02.11.58:471][  0]LogPakFile: PakFile PrimaryIndexSize=187
[2026.02.11-02.11.58:471][  0]LogPakFile: PakFile PathHashIndexSize=101
[2026.02.11-02.11.58:471][  0]LogPakFile: PakFile FullDirectoryIndexSize=148
[2026.02.11-02.11.58:471][  0]LogShaderLibrary: Display: ShaderCodeLibraryPakFileMountedCallback: PakFile 'C:/Program Files/Epic Games/UE_4.27/FeaturePacks/FP_FirstPerson.upack' (chunk index -1, root 'root:/') mounted
[2026.02.11-02.11.58:471][  0]LogShaderLibrary: Display: ShaderCodeLibraryPakFileMountedCallback: pending pak file info (ChunkID:-1 Root:root:/ File:C:/Program Files/Epic Games/UE_4.27/FeaturePacks/FP_FirstPerson.upack)
[2026.02.11-02.11.58:471][  0]LogPakFile: OnPakFileMounted2Time == 0.000073
[2026.02.11-02.11.58:472][  0]LogPakFile: PakFile PrimaryIndexSize=189
[2026.02.11-02.11.58:472][  0]LogPakFile: PakFile PathHashIndexSize=101
[2026.02.11-02.11.58:472][  0]LogPakFile: PakFile FullDirectoryIndexSize=152
[2026.02.11-02.11.58:472][  0]LogShaderLibrary: Display: ShaderCodeLibraryPakFileMountedCallback: PakFile 'C:/Program Files/Epic Games/UE_4.27/FeaturePacks/FP_FirstPersonBP.upack' (chunk index -1, root 'root:/') mounted
[2026.02.11-02.11.58:472][  0]LogShaderLibrary: Display: ShaderCodeLibraryPakFileMountedCallback: pending pak file info (ChunkID:-1 Root:root:/ File:C:/Program Files/Epic Games/UE_4.27/FeaturePacks/FP_FirstPersonBP.upack)
[2026.02.11-02.11.58:472][  0]LogPakFile: OnPakFileMounted2Time == 0.000047
[2026.02.11-02.11.58:473][  0]LogPakFile: PakFile PrimaryIndexSize=191
[2026.02.11-02.11.58:473][  0]LogPakFile: PakFile PathHashIndexSize=101
[2026.02.11-02.11.58:473][  0]LogPakFile: PakFile FullDirectoryIndexSize=160
[2026.02.11-02.11.58:473][  0]LogShaderLibrary: Display: ShaderCodeLibraryPakFileMountedCallback: PakFile 'C:/Program Files/Epic Games/UE_4.27/FeaturePacks/MobileStarterContent.upack' (chunk index -1, root 'root:/') mounted
[2026.02.11-02.11.58:473][  0]LogShaderLibrary: Display: ShaderCodeLibraryPakFileMountedCallback: pending pak file info (ChunkID:-1 Root:root:/ File:C:/Program Files/Epic Games/UE_4.27/FeaturePacks/MobileStarterContent.upack)
[2026.02.11-02.11.58:473][  0]LogPakFile: OnPakFileMounted2Time == 0.000043
[2026.02.11-02.11.58:473][  0]LogPakFile: PakFile PrimaryIndexSize=185
[2026.02.11-02.11.58:473][  0]LogPakFile: PakFile PathHashIndexSize=101
[2026.02.11-02.11.58:473][  0]LogPakFile: PakFile FullDirectoryIndexSize=148
[2026.02.11-02.11.58:473][  0]LogShaderLibrary: Display: ShaderCodeLibraryPakFileMountedCallback: PakFile 'C:/Program Files/Epic Games/UE_4.27/FeaturePacks/StarterContent.upack' (chunk index -1, root 'root:/') mounted
[2026.02.11-02.11.58:473][  0]LogShaderLibrary: Display: ShaderCodeLibraryPakFileMountedCallback: pending pak file info (ChunkID:-1 Root:root:/ File:C:/Program Files/Epic Games/UE_4.27/FeaturePacks/StarterContent.upack)
[2026.02.11-02.11.58:473][  0]LogPakFile: OnPakFileMounted2Time == 0.000040
[2026.02.11-02.11.58:474][  0]LogPakFile: PakFile PrimaryIndexSize=190
[2026.02.11-02.11.58:474][  0]LogPakFile: PakFile PathHashIndexSize=101
[2026.02.11-02.11.58:474][  0]LogPakFile: PakFile FullDirectoryIndexSize=154
[2026.02.11-02.11.58:474][  0]LogShaderLibrary: Display: ShaderCodeLibraryPakFileMountedCallback: PakFile 'C:/Program Files/Epic Games/UE_4.27/FeaturePacks/TP_2DSideScroller.upack' (chunk index -1, root 'root:/') mounted
[2026.02.11-02.11.58:474][  0]LogShaderLibrary: Display: ShaderCodeLibraryPakFileMountedCallback: pending pak file info (ChunkID:-1 Root:root:/ File:C:/Program Files/Epic Games/UE_4.27/FeaturePacks/TP_2DSideScroller.upack)
[2026.02.11-02.11.58:474][  0]LogPakFile: OnPakFileMounted2Time == 0.000043
[2026.02.11-02.11.58:475][  0]LogPakFile: PakFile PrimaryIndexSize=192
[2026.02.11-02.11.58:475][  0]LogPakFile: PakFile PathHashIndexSize=101
[2026.02.11-02.11.58:475][  0]LogPakFile: PakFile FullDirectoryIndexSize=158
[2026.02.11-02.11.58:475][  0]LogShaderLibrary: Display: ShaderCodeLibraryPakFileMountedCallback: PakFile 'C:/Program Files/Epic Games/UE_4.27/FeaturePacks/TP_2DSideScrollerBP.upack' (chunk index -1, root 'root:/') mounted
[2026.02.11-02.11.58:475][  0]LogShaderLibrary: Display: ShaderCodeLibraryPakFileMountedCallback: pending pak file info (ChunkID:-1 Root:root:/ File:C:/Program Files/Epic Games/UE_4.27/FeaturePacks/TP_2DSideScrollerBP.upack)
[2026.02.11-02.11.58:475][  0]LogPakFile: OnPakFileMounted2Time == 0.000061
[2026.02.11-02.11.58:477][  0]LogPakFile: PakFile PrimaryIndexSize=182
[2026.02.11-02.11.58:477][  0]LogPakFile: PakFile PathHashIndexSize=101
[2026.02.11-02.11.58:477][  0]LogPakFile: PakFile FullDirectoryIndexSize=138
[2026.02.11-02.11.58:477][  0]LogShaderLibrary: Display: ShaderCodeLibraryPakFileMountedCallback: PakFile 'C:/Program Files/Epic Games/UE_4.27/FeaturePacks/TP_Flying.upack' (chunk index -1, root 'root:/') mounted
[2026.02.11-02.11.58:477][  0]LogShaderLibrary: Display: ShaderCodeLibraryPakFileMountedCallback: pending pak file info (ChunkID:-1 Root:root:/ File:C:/Program Files/Epic Games/UE_4.27/FeaturePacks/TP_Flying.upack)
[2026.02.11-02.11.58:477][  0]LogPakFile: OnPakFileMounted2Time == 0.000046
[2026.02.11-02.11.58:478][  0]LogPakFile: PakFile PrimaryIndexSize=184
[2026.02.11-02.11.58:478][  0]LogPakFile: PakFile PathHashIndexSize=101
[2026.02.11-02.11.58:478][  0]LogPakFile: PakFile FullDirectoryIndexSize=142
[2026.02.11-02.11.58:478][  0]LogShaderLibrary: Display: ShaderCodeLibraryPakFileMountedCallback: PakFile 'C:/Program Files/Epic Games/UE_4.27/FeaturePacks/TP_FlyingBP.upack' (chunk index -1, root 'root:/') mounted
[2026.02.11-02.11.58:478][  0]LogShaderLibrary: Display: ShaderCodeLibraryPakFileMountedCallback: pending pak file info (ChunkID:-1 Root:root:/ File:C:/Program Files/Epic Games/UE_4.27/FeaturePacks/TP_FlyingBP.upack)
[2026.02.11-02.11.58:478][  0]LogPakFile: OnPakFileMounted2Time == 0.000050
[2026.02.11-02.11.58:479][  0]LogPakFile: PakFile PrimaryIndexSize=188
[2026.02.11-02.11.58:479][  0]LogPakFile: PakFile PathHashIndexSize=101
[2026.02.11-02.11.58:479][  0]LogPakFile: PakFile FullDirectoryIndexSize=150
[2026.02.11-02.11.58:479][  0]LogShaderLibrary: Display: ShaderCodeLibraryPakFileMountedCallback: PakFile 'C:/Program Files/Epic Games/UE_4.27/FeaturePacks/TP_HandheldARBP.upack' (chunk index -1, root 'root:/') mounted
[2026.02.11-02.11.58:479][  0]LogShaderLibrary: Display: ShaderCodeLibraryPakFileMountedCallback: pending pak file info (ChunkID:-1 Root:root:/ File:C:/Program Files/Epic Games/UE_4.27/FeaturePacks/TP_HandheldARBP.upack)
[2026.02.11-02.11.58:479][  0]LogPakFile: OnPakFileMounted2Time == 0.000059
[2026.02.11-02.11.58:481][  0]LogPakFile: PakFile PrimaryIndexSize=182
[2026.02.11-02.11.58:481][  0]LogPakFile: PakFile PathHashIndexSize=101
[2026.02.11-02.11.58:481][  0]LogPakFile: PakFile FullDirectoryIndexSize=138
[2026.02.11-02.11.58:481][  0]LogShaderLibrary: Display: ShaderCodeLibraryPakFileMountedCallback: PakFile 'C:/Program Files/Epic Games/UE_4.27/FeaturePacks/TP_Puzzle.upack' (chunk index -1, root 'root:/') mounted
[2026.02.11-02.11.58:481][  0]LogShaderLibrary: Display: ShaderCodeLibraryPakFileMountedCallback: pending pak file info (ChunkID:-1 Root:root:/ File:C:/Program Files/Epic Games/UE_4.27/FeaturePacks/TP_Puzzle.upack)
[2026.02.11-02.11.58:481][  0]LogPakFile: OnPakFileMounted2Time == 0.000046
[2026.02.11-02.11.58:481][  0]LogPakFile: PakFile PrimaryIndexSize=184
[2026.02.11-02.11.58:481][  0]LogPakFile: PakFile PathHashIndexSize=101
[2026.02.11-02.11.58:481][  0]LogPakFile: PakFile FullDirectoryIndexSize=142
[2026.02.11-02.11.58:481][  0]LogShaderLibrary: Display: ShaderCodeLibraryPakFileMountedCallback: PakFile 'C:/Program Files/Epic Games/UE_4.27/FeaturePacks/TP_PuzzleBP.upack' (chunk index -1, root 'root:/') mounted
[2026.02.11-02.11.58:481][  0]LogShaderLibrary: Display: ShaderCodeLibraryPakFileMountedCallback: pending pak file info (ChunkID:-1 Root:root:/ File:C:/Program Files/Epic Games/UE_4.27/FeaturePacks/TP_PuzzleBP.upack)
[2026.02.11-02.11.58:481][  0]LogPakFile: OnPakFileMounted2Time == 0.000053
[2026.02.11-02.11.58:482][  0]LogPakFile: PakFile PrimaryIndexSize=183
[2026.02.11-02.11.58:482][  0]LogPakFile: PakFile PathHashIndexSize=101
[2026.02.11-02.11.58:482][  0]LogPakFile: PakFile FullDirectoryIndexSize=140
[2026.02.11-02.11.58:482][  0]LogShaderLibrary: Display: ShaderCodeLibraryPakFileMountedCallback: PakFile 'C:/Program Files/Epic Games/UE_4.27/FeaturePacks/TP_Rolling.upack' (chunk index -1, root 'root:/') mounted
[2026.02.11-02.11.58:482][  0]LogShaderLibrary: Display: ShaderCodeLibraryPakFileMountedCallback: pending pak file info (ChunkID:-1 Root:root:/ File:C:/Program Files/Epic Games/UE_4.27/FeaturePacks/TP_Rolling.upack)
[2026.02.11-02.11.58:482][  0]LogPakFile: OnPakFileMounted2Time == 0.000045
[2026.02.11-02.11.58:483][  0]LogPakFile: PakFile PrimaryIndexSize=185
[2026.02.11-02.11.58:483][  0]LogPakFile: PakFile PathHashIndexSize=101
[2026.02.11-02.11.58:483][  0]LogPakFile: PakFile FullDirectoryIndexSize=144
[2026.02.11-02.11.58:483][  0]LogShaderLibrary: Display: ShaderCodeLibraryPakFileMountedCallback: PakFile 'C:/Program Files/Epic Games/UE_4.27/FeaturePacks/TP_RollingBP.upack' (chunk index -1, root 'root:/') mounted
[2026.02.11-02.11.58:483][  0]LogShaderLibrary: Display: ShaderCodeLibraryPakFileMountedCallback: pending pak file info (ChunkID:-1 Root:root:/ File:C:/Program Files/Epic Games/UE_4.27/FeaturePacks/TP_RollingBP.upack)
[2026.02.11-02.11.58:483][  0]LogPakFile: OnPakFileMounted2Time == 0.000040
[2026.02.11-02.11.58:484][  0]LogPakFile: PakFile PrimaryIndexSize=188
[2026.02.11-02.11.58:484][  0]LogPakFile: PakFile PathHashIndexSize=101
[2026.02.11-02.11.58:484][  0]LogPakFile: PakFile FullDirectoryIndexSize=150
[2026.02.11-02.11.58:484][  0]LogShaderLibrary: Display: ShaderCodeLibraryPakFileMountedCallback: PakFile 'C:/Program Files/Epic Games/UE_4.27/FeaturePacks/TP_SideScroller.upack' (chunk index -1, root 'root:/') mounted
[2026.02.11-02.11.58:484][  0]LogShaderLibrary: Display: ShaderCodeLibraryPakFileMountedCallback: pending pak file info (ChunkID:-1 Root:root:/ File:C:/Program Files/Epic Games/UE_4.27/FeaturePacks/TP_SideScroller.upack)
[2026.02.11-02.11.58:484][  0]LogPakFile: OnPakFileMounted2Time == 0.000041
[2026.02.11-02.11.58:485][  0]LogPakFile: PakFile PrimaryIndexSize=190
[2026.02.11-02.11.58:485][  0]LogPakFile: PakFile PathHashIndexSize=101
[2026.02.11-02.11.58:485][  0]LogPakFile: PakFile FullDirectoryIndexSize=154
[2026.02.11-02.11.58:485][  0]LogShaderLibrary: Display: ShaderCodeLibraryPakFileMountedCallback: PakFile 'C:/Program Files/Epic Games/UE_4.27/FeaturePacks/TP_SideScrollerBP.upack' (chunk index -1, root 'root:/') mounted
[2026.02.11-02.11.58:485][  0]LogShaderLibrary: Display: ShaderCodeLibraryPakFileMountedCallback: pending pak file info (ChunkID:-1 Root:root:/ File:C:/Program Files/Epic Games/UE_4.27/FeaturePacks/TP_SideScrollerBP.upack)
[2026.02.11-02.11.58:485][  0]LogPakFile: OnPakFileMounted2Time == 0.000156
[2026.02.11-02.11.58:486][  0]LogPakFile: PakFile PrimaryIndexSize=187
[2026.02.11-02.11.58:486][  0]LogPakFile: PakFile PathHashIndexSize=101
[2026.02.11-02.11.58:486][  0]LogPakFile: PakFile FullDirectoryIndexSize=148
[2026.02.11-02.11.58:486][  0]LogShaderLibrary: Display: ShaderCodeLibraryPakFileMountedCallback: PakFile 'C:/Program Files/Epic Games/UE_4.27/FeaturePacks/TP_ThirdPerson.upack' (chunk index -1, root 'root:/') mounted
[2026.02.11-02.11.58:486][  0]LogShaderLibrary: Display: ShaderCodeLibraryPakFileMountedCallback: pending pak file info (ChunkID:-1 Root:root:/ File:C:/Program Files/Epic Games/UE_4.27/FeaturePacks/TP_ThirdPerson.upack)
[2026.02.11-02.11.58:486][  0]LogPakFile: OnPakFileMounted2Time == 0.000046
[2026.02.11-02.11.58:487][  0]LogPakFile: PakFile PrimaryIndexSize=189
[2026.02.11-02.11.58:487][  0]LogPakFile: PakFile PathHashIndexSize=101
[2026.02.11-02.11.58:487][  0]LogPakFile: PakFile FullDirectoryIndexSize=152
[2026.02.11-02.11.58:487][  0]LogShaderLibrary: Display: ShaderCodeLibraryPakFileMountedCallback: PakFile 'C:/Program Files/Epic Games/UE_4.27/FeaturePacks/TP_ThirdPersonBP.upack' (chunk index -1, root 'root:/') mounted
[2026.02.11-02.11.58:487][  0]LogShaderLibrary: Display: ShaderCodeLibraryPakFileMountedCallback: pending pak file info (ChunkID:-1 Root:root:/ File:C:/Program Files/Epic Games/UE_4.27/FeaturePacks/TP_ThirdPersonBP.upack)
[2026.02.11-02.11.58:487][  0]LogPakFile: OnPakFileMounted2Time == 0.000042
[2026.02.11-02.11.58:488][  0]LogPakFile: PakFile PrimaryIndexSize=183
[2026.02.11-02.11.58:488][  0]LogPakFile: PakFile PathHashIndexSize=101
[2026.02.11-02.11.58:488][  0]LogPakFile: PakFile FullDirectoryIndexSize=140
[2026.02.11-02.11.58:488][  0]LogShaderLibrary: Display: ShaderCodeLibraryPakFileMountedCallback: PakFile 'C:/Program Files/Epic Games/UE_4.27/FeaturePacks/TP_TopDown.upack' (chunk index -1, root 'root:/') mounted
[2026.02.11-02.11.58:488][  0]LogShaderLibrary: Display: ShaderCodeLibraryPakFileMountedCallback: pending pak file info (ChunkID:-1 Root:root:/ File:C:/Program Files/Epic Games/UE_4.27/FeaturePacks/TP_TopDown.upack)
[2026.02.11-02.11.58:488][  0]LogPakFile: OnPakFileMounted2Time == 0.000049
[2026.02.11-02.11.58:488][  0]LogPakFile: PakFile PrimaryIndexSize=185
[2026.02.11-02.11.58:489][  0]LogPakFile: PakFile PathHashIndexSize=101
[2026.02.11-02.11.58:489][  0]LogPakFile: PakFile FullDirectoryIndexSize=144
[2026.02.11-02.11.58:489][  0]LogShaderLibrary: Display: ShaderCodeLibraryPakFileMountedCallback: PakFile 'C:/Program Files/Epic Games/UE_4.27/FeaturePacks/TP_TopDownBP.upack' (chunk index -1, root 'root:/') mounted
[2026.02.11-02.11.58:489][  0]LogShaderLibrary: Display: ShaderCodeLibraryPakFileMountedCallback: pending pak file info (ChunkID:-1 Root:root:/ File:C:/Program Files/Epic Games/UE_4.27/FeaturePacks/TP_TopDownBP.upack)
[2026.02.11-02.11.58:489][  0]LogPakFile: OnPakFileMounted2Time == 0.000048
[2026.02.11-02.11.58:489][  0]LogPakFile: PakFile PrimaryIndexSize=185
[2026.02.11-02.11.58:489][  0]LogPakFile: PakFile PathHashIndexSize=101
[2026.02.11-02.11.58:489][  0]LogPakFile: PakFile FullDirectoryIndexSize=144
[2026.02.11-02.11.58:489][  0]LogShaderLibrary: Display: ShaderCodeLibraryPakFileMountedCallback: PakFile 'C:/Program Files/Epic Games/UE_4.27/FeaturePacks/TP_TwinStick.upack' (chunk index -1, root 'root:/') mounted
[2026.02.11-02.11.58:490][  0]LogShaderLibrary: Display: ShaderCodeLibraryPakFileMountedCallback: pending pak file info (ChunkID:-1 Root:root:/ File:C:/Program Files/Epic Games/UE_4.27/FeaturePacks/TP_TwinStick.upack)
[2026.02.11-02.11.58:490][  0]LogPakFile: OnPakFileMounted2Time == 0.000058
[2026.02.11-02.11.58:490][  0]LogPakFile: PakFile PrimaryIndexSize=187
[2026.02.11-02.11.58:490][  0]LogPakFile: PakFile PathHashIndexSize=101
[2026.02.11-02.11.58:490][  0]LogPakFile: PakFile FullDirectoryIndexSize=148
[2026.02.11-02.11.58:490][  0]LogShaderLibrary: Display: ShaderCodeLibraryPakFileMountedCallback: PakFile 'C:/Program Files/Epic Games/UE_4.27/FeaturePacks/TP_TwinStickBP.upack' (chunk index -1, root 'root:/') mounted
[2026.02.11-02.11.58:490][  0]LogShaderLibrary: Display: ShaderCodeLibraryPakFileMountedCallback: pending pak file info (ChunkID:-1 Root:root:/ File:C:/Program Files/Epic Games/UE_4.27/FeaturePacks/TP_TwinStickBP.upack)
[2026.02.11-02.11.58:490][  0]LogPakFile: OnPakFileMounted2Time == 0.000042
[2026.02.11-02.11.58:491][  0]LogPakFile: PakFile PrimaryIndexSize=183
[2026.02.11-02.11.58:491][  0]LogPakFile: PakFile PathHashIndexSize=101
[2026.02.11-02.11.58:491][  0]LogPakFile: PakFile FullDirectoryIndexSize=140
[2026.02.11-02.11.58:491][  0]LogShaderLibrary: Display: ShaderCodeLibraryPakFileMountedCallback: PakFile 'C:/Program Files/Epic Games/UE_4.27/FeaturePacks/TP_Vehicle.upack' (chunk index -1, root 'root:/') mounted
[2026.02.11-02.11.58:491][  0]LogShaderLibrary: Display: ShaderCodeLibraryPakFileMountedCallback: pending pak file info (ChunkID:-1 Root:root:/ File:C:/Program Files/Epic Games/UE_4.27/FeaturePacks/TP_Vehicle.upack)
[2026.02.11-02.11.58:491][  0]LogPakFile: OnPakFileMounted2Time == 0.000042
[2026.02.11-02.11.58:492][  0]LogPakFile: PakFile PrimaryIndexSize=186
[2026.02.11-02.11.58:492][  0]LogPakFile: PakFile PathHashIndexSize=101
[2026.02.11-02.11.58:492][  0]LogPakFile: PakFile FullDirectoryIndexSize=146
[2026.02.11-02.11.58:492][  0]LogShaderLibrary: Display: ShaderCodeLibraryPakFileMountedCallback: PakFile 'C:/Program Files/Epic Games/UE_4.27/FeaturePacks/TP_VehicleAdv.upack' (chunk index -1, root 'root:/') mounted
[2026.02.11-02.11.58:492][  0]LogShaderLibrary: Display: ShaderCodeLibraryPakFileMountedCallback: pending pak file info (ChunkID:-1 Root:root:/ File:C:/Program Files/Epic Games/UE_4.27/FeaturePacks/TP_VehicleAdv.upack)
[2026.02.11-02.11.58:492][  0]LogPakFile: OnPakFileMounted2Time == 0.000050
[2026.02.11-02.11.58:493][  0]LogPakFile: PakFile PrimaryIndexSize=188
[2026.02.11-02.11.58:493][  0]LogPakFile: PakFile PathHashIndexSize=101
[2026.02.11-02.11.58:493][  0]LogPakFile: PakFile FullDirectoryIndexSize=150
[2026.02.11-02.11.58:493][  0]LogShaderLibrary: Display: ShaderCodeLibraryPakFileMountedCallback: PakFile 'C:/Program Files/Epic Games/UE_4.27/FeaturePacks/TP_VehicleAdvBP.upack' (chunk index -1, root 'root:/') mounted
[2026.02.11-02.11.58:493][  0]LogShaderLibrary: Display: ShaderCodeLibraryPakFileMountedCallback: pending pak file info (ChunkID:-1 Root:root:/ File:C:/Program Files/Epic Games/UE_4.27/FeaturePacks/TP_VehicleAdvBP.upack)
[2026.02.11-02.11.58:493][  0]LogPakFile: OnPakFileMounted2Time == 0.000043
[2026.02.11-02.11.58:494][  0]LogPakFile: PakFile PrimaryIndexSize=185
[2026.02.11-02.11.58:494][  0]LogPakFile: PakFile PathHashIndexSize=101
[2026.02.11-02.11.58:494][  0]LogPakFile: PakFile FullDirectoryIndexSize=144
[2026.02.11-02.11.58:494][  0]LogShaderLibrary: Display: ShaderCodeLibraryPakFileMountedCallback: PakFile 'C:/Program Files/Epic Games/UE_4.27/FeaturePacks/TP_VehicleBP.upack' (chunk index -1, root 'root:/') mounted
[2026.02.11-02.11.58:494][  0]LogShaderLibrary: Display: ShaderCodeLibraryPakFileMountedCallback: pending pak file info (ChunkID:-1 Root:root:/ File:C:/Program Files/Epic Games/UE_4.27/FeaturePacks/TP_VehicleBP.upack)
[2026.02.11-02.11.58:494][  0]LogPakFile: OnPakFileMounted2Time == 0.000049
[2026.02.11-02.11.58:495][  0]LogPakFile: PakFile PrimaryIndexSize=192
[2026.02.11-02.11.58:495][  0]LogPakFile: PakFile PathHashIndexSize=101
[2026.02.11-02.11.58:495][  0]LogPakFile: PakFile FullDirectoryIndexSize=158
[2026.02.11-02.11.58:495][  0]LogShaderLibrary: Display: ShaderCodeLibraryPakFileMountedCallback: PakFile 'C:/Program Files/Epic Games/UE_4.27/FeaturePacks/TP_VirtualRealityBP.upack' (chunk index -1, root 'root:/') mounted
[2026.02.11-02.11.58:495][  0]LogShaderLibrary: Display: ShaderCodeLibraryPakFileMountedCallback: pending pak file info (ChunkID:-1 Root:root:/ File:C:/Program Files/Epic Games/UE_4.27/FeaturePacks/TP_VirtualRealityBP.upack)
[2026.02.11-02.11.58:495][  0]LogPakFile: OnPakFileMounted2Time == 0.000044
[2026.02.11-02.11.58:564][  0]LogNativeClassHierarchy: Verbose: Native class hierarchy updated for 'AddContentDialog' in 0.0003 seconds. Added 0 classes and 0 folders.
[2026.02.11-02.11.58:565][  0]LogNativeClassHierarchy: Verbose: Native class hierarchy updated for 'SceneOutliner' in 0.0003 seconds. Added 2 classes and 0 folders.
[2026.02.11-02.11.58:611][  0]LogSlate: Took 0.000343 seconds to synchronously load lazily loaded font '../../../Engine/Content/Slate/Fonts/Roboto-Regular.ttf' (155K)
[2026.02.11-02.11.58:612][  0]LogSlate: Took 0.000321 seconds to synchronously load lazily loaded font '../../../Engine/Content/Editor/Slate/Fonts/FontAwesome.ttf' (139K)
[2026.02.11-02.11.58:614][  0]LogSlate: Took 0.001541 seconds to synchronously load lazily loaded font '../../../Engine/Content/Slate/Fonts/DroidSansFallback.ttf' (3848K)
[2026.02.11-02.11.58:614][  0]LogSlate: Took 0.000363 seconds to synchronously load lazily loaded font '../../../Engine/Content/Slate/Fonts/Roboto-Bold.ttf' (160K)
[2026.02.11-02.11.58:745][  0]LogRenderer: Reallocating scene render targets to support 940x408 Format 10 NumSamples 1 (Frame:1).
[2026.02.11-02.11.59:881][  0]LogNativeClassHierarchy: Verbose: Native class hierarchy updated for 'HierarchicalLODOutliner' in 0.0004 seconds. Added 0 classes and 0 folders.
[2026.02.11-02.11.59:881][  0]LogLoad: (Engine Initialization) Total time: 27.25 seconds
[2026.02.11-02.11.59:882][  0]LogLoad: (Engine Initialization) Total Blueprint compile time: 0.00 seconds
[2026.02.11-02.11.59:971][  0]LogAssetRegistry: Asset discovery search completed in 22.4486 seconds
[2026.02.11-02.11.59:981][  0]LogCollectionManager: Fixed up redirectors for 0 collections in 0.000006 seconds (updated 0 objects)
[2026.02.11-02.11.59:983][  0]LogContentStreaming: Texture pool size now 1000 MB
[2026.02.11-02.12.00:105][  2]LogSlate: Took 0.000379 seconds to synchronously load lazily loaded font '../../../Engine/Content/Slate/Fonts/Roboto-Light.ttf' (167K)
[2026.02.11-02.12.29:609][392]LogUObjectHash: Compacting FUObjectHashTables data took   1.17ms
[2026.02.11-02.12.29:624][392]LogSlate: Window 'model - 虚幻编辑器' being destroyed
[2026.02.11-02.12.29:725][393]Cmd: QUIT_EDITOR
[2026.02.11-02.12.29:725][393]LogCore: Engine exit requested (reason: UUnrealEdEngine::CloseEditor())
[2026.02.11-02.12.29:735][393]LogCore: Engine exit requested (reason: EngineExit() was called; note: exit was already requested)
[2026.02.11-02.12.29:739][393]LogAudio: Display: Beginning Audio Device Manager Shutdown (Module: AudioMixerXAudio2)...
[2026.02.11-02.12.29:739][393]LogAudio: Display: Destroying 1 Remaining Audio Device(s)...
[2026.02.11-02.12.29:739][393]LogAudio: Display: Audio Device unregistered from world 'model'.
[2026.02.11-02.12.29:739][393]LogAudioMixer: FMixerPlatformXAudio2::StopAudioStream() called
[2026.02.11-02.12.29:741][393]LogAudioMixer: FMixerPlatformXAudio2::StopAudioStream() called
[2026.02.11-02.12.29:752][393]LogAudio: Display: Audio Device Manager Shutdown
[2026.02.11-02.12.29:756][393]LogExit: Preparing to exit.
[2026.02.11-02.12.30:422][393]LogUObjectHash: Compacting FUObjectHashTables data took   1.12ms
[2026.02.11-02.12.30:671][393]LogDemo: Cleaned up 0 splitscreen connections with owner deletion
[2026.02.11-02.12.30:740][393]LogStylusInput: Shutting down StylusInput subsystem.
[2026.02.11-02.12.30:740][393]LogWorld: UWorld::CleanupWorld for None, bSessionEnded=true, bCleanupResources=true
[2026.02.11-02.12.30:741][393]LogExit: Editor shut down
[2026.02.11-02.12.30:773][393]LogExit: Transaction tracking system shut down
[2026.02.11-02.12.31:370][393]LogExit: Object subsystem successfully closed.
[2026.02.11-02.12.31:621][393]LogShaderCompilers: Display: === FShaderJobCache stats ===
[2026.02.11-02.12.31:621][393]LogShaderCompilers: Display: Total job queries 0, among them cache hits 0 (0.00%)
[2026.02.11-02.12.31:621][393]LogShaderCompilers: Display: Tracking 0 distinct input hashes that result in 0 distinct outputs (0.00%)
[2026.02.11-02.12.31:621][393]LogShaderCompilers: Display: RAM used: 0.00 MB (0.00 GB) of 1638.40 MB (1.60 GB) budget. Usage: 0.00%
[2026.02.11-02.12.31:621][393]LogShaderCompilers: Display: ================================================
[2026.02.11-02.12.31:654][393]LogShaderCompilers: Display: Shaders left to compile 0
[2026.02.11-02.12.31:762][393]LogModuleManager: Shutting down and abandoning module HierarchicalLODOutliner (888)
[2026.02.11-02.12.31:762][393]LogModuleManager: Shutting down and abandoning module SceneOutliner (886)
[2026.02.11-02.12.31:762][393]LogModuleManager: Shutting down and abandoning module AddContentDialog (884)
[2026.02.11-02.12.31:763][393]LogModuleManager: Shutting down and abandoning module WidgetCarousel (883)
[2026.02.11-02.12.31:763][393]LogModuleManager: Shutting down and abandoning module EditorWidgets (880)
[2026.02.11-02.12.31:763][393]LogModuleManager: Shutting down and abandoning module StatsViewer (878)
[2026.02.11-02.12.31:763][393]LogModuleManager: Shutting down and abandoning module PIEPreviewDeviceProfileSelector (876)
[2026.02.11-02.12.31:763][393]LogModuleManager: Shutting down and abandoning module SequenceRecorderSections (874)
[2026.02.11-02.12.31:763][393]LogModuleManager: Shutting down and abandoning module AutomationWorker (872)
[2026.02.11-02.12.31:763][393]LogModuleManager: Shutting down and abandoning module SteamVREditor (870)
[2026.02.11-02.12.31:763][393]LogModuleManager: Shutting down and abandoning module OculusMR (868)
[2026.02.11-02.12.31:763][393]LogModuleManager: Shutting down and abandoning module TakeRecorderSources (866)
[2026.02.11-02.12.31:763][393]LogModuleManager: Shutting down and abandoning module TakeRecorder (865)
[2026.02.11-02.12.31:763][393]LogModuleManager: Shutting down and abandoning module TakeTrackRecorders (862)
[2026.02.11-02.12.31:763][393]LogModuleManager: Shutting down and abandoning module TakesCore (860)
[2026.02.11-02.12.31:763][393]LogModuleManager: Shutting down and abandoning module OpenXRInput (858)
[2026.02.11-02.12.31:763][393]LogModuleManager: Shutting down and abandoning module GooglePADEditor (856)
[2026.02.11-02.12.31:763][393]LogModuleManager: Shutting down and abandoning module AudioCaptureEditor (854)
[2026.02.11-02.12.31:763][393]LogModuleManager: Shutting down and abandoning module WmfMediaFactory (852)
[2026.02.11-02.12.31:763][393]LogModuleManager: Shutting down and abandoning module WmfMediaEditor (850)
[2026.02.11-02.12.31:763][393]LogModuleManager: Shutting down and abandoning module WebMMediaFactory (848)
[2026.02.11-02.12.31:763][393]LogModuleManager: Shutting down and abandoning module WebMMediaEditor (846)
[2026.02.11-02.12.31:763][393]LogModuleManager: Shutting down and abandoning module WebMMedia (844)
[2026.02.11-02.12.31:764][393]LogModuleManager: Shutting down and abandoning module MediaPlayerEditor (842)
[2026.02.11-02.12.31:764][393]LogModuleManager: Shutting down and abandoning module MediaCompositingEditor (840)
[2026.02.11-02.12.31:764][393]LogModuleManager: Shutting down and abandoning module SequenceRecorder (839)
[2026.02.11-02.12.31:764][393]LogModuleManager: Shutting down and abandoning module OpenExrWrapper (836)
[2026.02.11-02.12.31:764][393]LogModuleManager: Shutting down and abandoning module ImgMediaFactory (834)
[2026.02.11-02.12.31:764][393]LogModuleManager: Shutting down and abandoning module ImgMediaEditor (832)
[2026.02.11-02.12.31:764][393]LogModuleManager: Shutting down and abandoning module AvfMediaFactory (830)
[2026.02.11-02.12.31:764][393]LogModuleManager: Shutting down and abandoning module AvfMediaEditor (828)
[2026.02.11-02.12.31:764][393]LogModuleManager: Shutting down and abandoning module AndroidMediaFactory (826)
[2026.02.11-02.12.31:764][393]LogModuleManager: Shutting down and abandoning module AndroidMediaEditor (824)
[2026.02.11-02.12.31:764][393]LogModuleManager: Shutting down and abandoning module TemplateSequenceEditor (822)
[2026.02.11-02.12.31:764][393]LogModuleManager: Shutting down and abandoning module MatineeToLevelSequence (820)
[2026.02.11-02.12.31:764][393]LogModuleManager: Shutting down and abandoning module LevelSequenceEditor (818)
[2026.02.11-02.12.31:764][393]LogModuleManager: Shutting down and abandoning module ActorSequenceEditor (816)
[2026.02.11-02.12.31:764][393]LogModuleManager: Shutting down and abandoning module MagicLeapMediaCodecFactory (814)
[2026.02.11-02.12.31:764][393]LogModuleManager: Shutting down and abandoning module MagicLeapMediaFactory (812)
[2026.02.11-02.12.31:764][393]LogModuleManager: Shutting down and abandoning module MagicLeapMediaEditor (810)
[2026.02.11-02.12.31:764][393]LogModuleManager: Shutting down and abandoning module PlanarCut (808)
[2026.02.11-02.12.31:764][393]LogModuleManager: Shutting down and abandoning module CharacterAI (806)
[2026.02.11-02.12.31:764][393]LogModuleManager: Shutting down and abandoning module TextureAlignMode (804)
[2026.02.11-02.12.31:764][393]LogModuleManager: Shutting down and abandoning module BspMode (802)
[2026.02.11-02.12.31:764][393]LogModuleManager: Shutting down and abandoning module GeometryMode (800)
[2026.02.11-02.12.31:764][393]LogModuleManager: Shutting down and abandoning module CameraShakePreviewer (798)
[2026.02.11-02.12.31:764][393]LogModuleManager: Shutting down and abandoning module SmartSnapping (796)
[2026.02.11-02.12.31:764][393]LogModuleManager: Shutting down and abandoning module SessionServices (794)
[2026.02.11-02.12.31:764][393]LogModuleManager: Shutting down and abandoning module MeshPaint (792)
[2026.02.11-02.12.31:764][393]LogModuleManager: Shutting down and abandoning module VirtualTexturingEditor (790)
[2026.02.11-02.12.31:764][393]LogModuleManager: Shutting down and abandoning module FoliageEdit (788)
[2026.02.11-02.12.31:764][393]LogModuleManager: Shutting down and abandoning module LandscapeEditor (786)
[2026.02.11-02.12.31:764][393]LogModuleManager: Shutting down and abandoning module MeshPaintMode (784)
[2026.02.11-02.12.31:764][393]LogModuleManager: Shutting down and abandoning module SceneDepthPickerMode (782)
[2026.02.11-02.12.31:764][393]LogModuleManager: Shutting down and abandoning module ActorPickerMode (780)
[2026.02.11-02.12.31:764][393]LogModuleManager: Shutting down and abandoning module PlacementMode (778)
[2026.02.11-02.12.31:764][393]LogModuleManager: Shutting down and abandoning module ViewportSnapping (776)
[2026.02.11-02.12.31:764][393]LogModuleManager: Shutting down and abandoning module ViewportInteraction (774)
[2026.02.11-02.12.31:764][393]LogModuleManager: Shutting down and abandoning module ClothPainter (772)
[2026.02.11-02.12.31:764][393]LogModuleManager: Shutting down and abandoning module SkeletalMeshEditor (771)
[2026.02.11-02.12.31:764][393]LogModuleManager: Shutting down and abandoning module LogVisualizer (768)
[2026.02.11-02.12.31:765][393]LogModuleManager: Shutting down and abandoning module IntroTutorials (766)
[2026.02.11-02.12.31:765][393]LogModuleManager: Shutting down and abandoning module GameProjectGeneration (765)
[2026.02.11-02.12.31:765][393]LogModuleManager: Shutting down and abandoning module LuminPlatformEditor (762)
[2026.02.11-02.12.31:765][393]LogModuleManager: Shutting down and abandoning module IOSPlatformEditor (760)
[2026.02.11-02.12.31:765][393]LogModuleManager: Shutting down and abandoning module AndroidPlatformEditor (758)
[2026.02.11-02.12.31:765][393]LogModuleManager: Shutting down and abandoning module AndroidDeviceDetection (757)
[2026.02.11-02.12.33:029][393]LogModuleManager: Shutting down and abandoning module WindowsPlatformEditor (754)
[2026.02.11-02.12.33:037][393]LogModuleManager: Shutting down and abandoning module LuminRuntimeSettings (752)
[2026.02.11-02.12.33:037][393]LogModuleManager: Shutting down and abandoning module IOSRuntimeSettings (750)
[2026.02.11-02.12.33:037][393]LogModuleManager: Shutting down and abandoning module AndroidRuntimeSettings (748)
[2026.02.11-02.12.33:037][393]LogModuleManager: Shutting down and abandoning module TraceInsights (746)
[2026.02.11-02.12.33:037][393]MemoryProfiler: Shutdown
[2026.02.11-02.12.33:037][393]NetworkingProfiler: Shutdown
[2026.02.11-02.12.33:037][393]LoadingProfiler: Shutdown
[2026.02.11-02.12.33:037][393]TimingProfiler: Shutdown
[2026.02.11-02.12.33:038][393]LogModuleManager: Shutting down and abandoning module TraceServices (745)
[2026.02.11-02.12.33:038][393]LogModuleManager: Shutting down and abandoning module EditorInteractiveToolsFramework (742)
[2026.02.11-02.12.33:038][393]LogModuleManager: Shutting down and abandoning module TimeManagementEditor (740)
[2026.02.11-02.12.33:038][393]LogModuleManager: Shutting down and abandoning module InputBindingEditor (738)
[2026.02.11-02.12.33:038][393]LogModuleManager: Shutting down and abandoning module MergeActors (736)
[2026.02.11-02.12.33:038][393]LogModuleManager: Shutting down and abandoning module LocalizationDashboard (734)
[2026.02.11-02.12.33:039][393]LogModuleManager: Shutting down and abandoning module LocalizationService (733)
[2026.02.11-02.12.33:039][393]LogModuleManager: Shutting down and abandoning module HardwareTargeting (730)
[2026.02.11-02.12.33:039][393]LogModuleManager: Shutting down and abandoning module DeviceProfileEditor (728)
[2026.02.11-02.12.33:039][393]LogModuleManager: Shutting down and abandoning module UndoHistory (726)
[2026.02.11-02.12.33:039][393]LogModuleManager: Shutting down and abandoning module XmlParser (724)
[2026.02.11-02.12.33:039][393]LogModuleManager: Shutting down and abandoning module Blutility (722)
[2026.02.11-02.12.33:039][393]LogModuleManager: Shutting down and abandoning module ProjectSettingsViewer (720)
[2026.02.11-02.12.33:039][393]LogModuleManager: Shutting down and abandoning module ProjectTargetPlatformEditor (719)
[2026.02.11-02.12.33:039][393]LogModuleManager: Shutting down and abandoning module EditorSettingsViewer (716)
[2026.02.11-02.12.33:039][393]LogModuleManager: Shutting down and abandoning module InternationalizationSettings (715)
[2026.02.11-02.12.33:039][393]LogModuleManager: Shutting down and abandoning module SettingsEditor (712)
[2026.02.11-02.12.33:039][393]LogModuleManager: Shutting down and abandoning module ProjectLauncher (710)
[2026.02.11-02.12.33:039][393]LogModuleManager: Shutting down and abandoning module SessionFrontend (708)
[2026.02.11-02.12.33:039][393]LogModuleManager: Shutting down and abandoning module ProfilerClient (706)
[2026.02.11-02.12.33:039][393]LogModuleManager: Shutting down and abandoning module DeviceManager (704)
[2026.02.11-02.12.33:039][393]LogModuleManager: Shutting down and abandoning module TargetDeviceServices (703)
[2026.02.11-02.12.33:074][393]LogModuleManager: Shutting down and abandoning module AutomationController (700)
[2026.02.11-02.12.33:074][393]LogModuleManager: Shutting down and abandoning module AutomationWindow (698)
[2026.02.11-02.12.33:074][393]LogModuleManager: Shutting down and abandoning module Layers (696)
[2026.02.11-02.12.33:074][393]LogModuleManager: Shutting down and abandoning module ComponentVisualizers (694)
[2026.02.11-02.12.33:074][393]LogModuleManager: Shutting down and abandoning module DetailCustomizations (692)
[2026.02.11-02.12.33:074][393]LogModuleManager: Shutting down and abandoning module PackagesDialog (690)
[2026.02.11-02.12.33:074][393]LogModuleManager: Shutting down and abandoning module AnimationBlueprintEditor (688)
[2026.02.11-02.12.33:074][393]LogModuleManager: Shutting down and abandoning module Persona (686)
[2026.02.11-02.12.33:074][393]LogModuleManager: Shutting down and abandoning module AdvancedPreviewScene (685)
[2026.02.11-02.12.33:074][393]LogModuleManager: Shutting down and abandoning module AnimGraph (683)
[2026.02.11-02.12.33:074][393]LogModuleManager: Shutting down and abandoning module Kismet (680)
[2026.02.11-02.12.33:075][393]LogModuleManager: Shutting down and abandoning module KismetWidgets (679)
[2026.02.11-02.12.33:075][393]LogModuleManager: Shutting down and abandoning module GraphEditor (676)
[2026.02.11-02.12.33:075][393]LogModuleManager: Shutting down and abandoning module StructViewer (674)
[2026.02.11-02.12.33:075][393]LogModuleManager: Shutting down and abandoning module ClassViewer (672)
[2026.02.11-02.12.33:076][393]LogModuleManager: Shutting down and abandoning module Toolbox (670)
[2026.02.11-02.12.33:076][393]LogModuleManager: Shutting down and abandoning module ModuleUI (668)
[2026.02.11-02.12.33:076][393]LogModuleManager: Shutting down and abandoning module OutputLog (666)
[2026.02.11-02.12.33:076][393]LogModuleManager: Shutting down and abandoning module GammaUI (664)
[2026.02.11-02.12.33:076][393]LogModuleManager: Shutting down and abandoning module Documentation (662)
[2026.02.11-02.12.33:076][393]LogModuleManager: Shutting down and abandoning module LiveCoding (660)
[2026.02.11-02.12.33:076][393]LogModuleManager: Shutting down and abandoning module LevelSequence (658)
[2026.02.11-02.12.33:076][393]LogModuleManager: Shutting down and abandoning module MovieSceneTracks (656)
[2026.02.11-02.12.33:076][393]LogModuleManager: Shutting down and abandoning module MovieScene (654)
[2026.02.11-02.12.33:076][393]LogModuleManager: Shutting down and abandoning module StreamingPauseRendering (652)
[2026.02.11-02.12.33:076][393]LogModuleManager: Shutting down and abandoning module LauncherPlatform (650)
[2026.02.11-02.12.33:076][393]LogModuleManager: Shutting down and abandoning module AnalyticsET (648)
[2026.02.11-02.12.33:076][393]LogModuleManager: Shutting down and abandoning module PortalServices (646)
[2026.02.11-02.12.33:076][393]LogModuleManager: Shutting down and abandoning module PortalRpc (644)
[2026.02.11-02.12.33:076][393]LogModuleManager: Shutting down and abandoning module MessagingRpc (642)
[2026.02.11-02.12.33:076][393]LogModuleManager: Shutting down and abandoning module AudioMixerXAudio2 (640)
[2026.02.11-02.12.33:076][393]LogModuleManager: Shutting down and abandoning module AudioMixerCore (639)
[2026.02.11-02.12.33:076][393]LogModuleManager: Shutting down and abandoning module AIModule (636)
[2026.02.11-02.12.33:076][393]LogModuleManager: Shutting down and abandoning module GameplayDebugger (635)
[2026.02.11-02.12.33:076][393]LogModuleManager: Shutting down and abandoning module AITestSuite (633)
[2026.02.11-02.12.33:076][393]LogModuleManager: Shutting down and abandoning module NavigationSystem (631)
[2026.02.11-02.12.33:076][393]LogModuleManager: Shutting down and abandoning module ImageWriteQueue (628)
[2026.02.11-02.12.33:089][393]LogModuleManager: Shutting down and abandoning module ProfilerService (626)
[2026.02.11-02.12.33:336][393]LogModuleManager: Shutting down and abandoning module TaskGraph (624)
[2026.02.11-02.12.33:336][393]LogModuleManager: Shutting down and abandoning module AudioSynesthesiaEditor (622)
[2026.02.11-02.12.33:336][393]LogModuleManager: Shutting down and abandoning module OculusEditor (620)
[2026.02.11-02.12.33:337][393]LogModuleManager: Shutting down and abandoning module OculusInput (618)
[2026.02.11-02.12.33:337][393]LogModuleManager: Shutting down and abandoning module ContentBrowserFileDataSource (616)
[2026.02.11-02.12.33:337][393]LogModuleManager: Shutting down and abandoning module ContentBrowserAssetDataSource (614)
[2026.02.11-02.12.33:337][393]LogModuleManager: Shutting down and abandoning module ContentBrowserClassDataSource (612)
[2026.02.11-02.12.33:337][393]LogModuleManager: Shutting down and abandoning module CollectionManager (611)
[2026.02.11-02.12.33:337][393]LogModuleManager: Shutting down and abandoning module TakeSequencer (608)
[2026.02.11-02.12.33:337][393]LogModuleManager: Shutting down and abandoning module TakeMovieScene (606)
[2026.02.11-02.12.33:337][393]LogModuleManager: Shutting down and abandoning module SynthesisEditor (604)
[2026.02.11-02.12.33:337][393]LogModuleManager: Shutting down and abandoning module Synthesis (602)
[2026.02.11-02.12.33:337][393]LogModuleManager: Shutting down and abandoning module ProceduralMeshComponentEditor (600)
[2026.02.11-02.12.33:337][393]LogModuleManager: Shutting down and abandoning module ProceduralMeshComponent (598)
[2026.02.11-02.12.33:337][393]LogModuleManager: Shutting down and abandoning module ScreenshotTools (596)
[2026.02.11-02.12.33:337][393]LogModuleManager: Shutting down and abandoning module OpenXREditor (594)
[2026.02.11-02.12.33:337][393]LogModuleManager: Shutting down and abandoning module MobilePatchingUtils (592)
[2026.02.11-02.12.33:337][393]LogModuleManager: Shutting down and abandoning module HairStrandsEditor (590)
[2026.02.11-02.12.33:337][393]LogModuleManager: Shutting down and abandoning module GooglePAD (588)
[2026.02.11-02.12.33:337][393]LogModuleManager: Shutting down and abandoning module EditableMesh (586)
[2026.02.11-02.12.33:337][393]LogModuleManager: Shutting down and abandoning module CustomMeshComponent (584)
[2026.02.11-02.12.33:338][393]LogModuleManager: Shutting down and abandoning module ArchVisCharacter (582)
[2026.02.11-02.12.33:338][393]LogModuleManager: Shutting down and abandoning module CableComponent (580)
[2026.02.11-02.12.33:338][393]LogModuleManager: Shutting down and abandoning module AudioCapture (578)
[2026.02.11-02.12.33:338][393]LogModuleManager: Shutting down and abandoning module AudioCaptureRtAudio (577)
[2026.02.11-02.12.33:338][393]LogModuleManager: Shutting down and abandoning module AssetTags (574)
[2026.02.11-02.12.33:338][393]LogModuleManager: Shutting down and abandoning module AppleImageUtilsBlueprintSupport (572)
[2026.02.11-02.12.33:338][393]LogModuleManager: Shutting down and abandoning module AppleImageUtils (570)
[2026.02.11-02.12.33:338][393]LogModuleManager: Shutting down and abandoning module AndroidPermission (568)
[2026.02.11-02.12.33:338][393]LogModuleManager: Shutting down and abandoning module ActorLayerUtilitiesEditor (566)
[2026.02.11-02.12.33:338][393]LogModuleManager: Shutting down and abandoning module ActorLayerUtilities (564)
[2026.02.11-02.12.33:338][393]LogModuleManager: Shutting down and abandoning module MediaCompositing (562)
[2026.02.11-02.12.33:338][393]LogModuleManager: Shutting down and abandoning module ImgMedia (560)
[2026.02.11-02.12.33:338][393]LogModuleManager: Shutting down and abandoning module TemplateSequence (558)
[2026.02.11-02.12.33:338][393]LogModuleManager: Shutting down and abandoning module MagicLeapSharedWorld (556)
[2026.02.11-02.12.33:338][393]LogModuleManager: Shutting down and abandoning module MagicLeapLightEstimation (554)
[2026.02.11-02.12.33:338][393]LogModuleManager: Shutting down and abandoning module MagicLeapHelperVulkan (552)
[2026.02.11-02.12.33:338][393]LogModuleManager: Shutting down and abandoning module MagicLeapHelperOpenGL (550)
[2026.02.11-02.12.33:338][393]LogModuleManager: Shutting down and abandoning module MagicLeapAudio (548)
[2026.02.11-02.12.33:338][393]LogModuleManager: Shutting down and abandoning module OpenImageDenoise (546)
[2026.02.11-02.12.33:338][393]LogOpenImageDenoise: OIDN shutting down
[2026.02.11-02.12.33:338][393]LogModuleManager: Shutting down and abandoning module MotoSynthEditor (544)
[2026.02.11-02.12.33:338][393]LogModuleManager: Shutting down and abandoning module MotoSynth (542)
[2026.02.11-02.12.33:338][393]LogModuleManager: Shutting down and abandoning module ModelingToolsEditorMode (540)
[2026.02.11-02.12.33:338][393]LogModuleManager: Shutting down and abandoning module MeshModelingToolsEditorOnly (538)
[2026.02.11-02.12.33:339][393]LogModuleManager: Shutting down and abandoning module MeshModelingTools (536)
[2026.02.11-02.12.33:339][393]LogModuleManager: Shutting down and abandoning module ModelingOperatorsEditorOnly (534)
[2026.02.11-02.12.33:339][393]LogModuleManager: Shutting down and abandoning module ModelingOperators (532)
[2026.02.11-02.12.33:340][393]LogModuleManager: Shutting down and abandoning module ModelingComponents (530)
[2026.02.11-02.12.33:340][393]LogModuleManager: Shutting down and abandoning module MeshConversion (528)
[2026.02.11-02.12.33:340][393]LogModuleManager: Shutting down and abandoning module DynamicMesh (526)
[2026.02.11-02.12.33:340][393]LogModuleManager: Shutting down and abandoning module GeometryAlgorithms (524)
[2026.02.11-02.12.33:340][393]LogModuleManager: Shutting down and abandoning module GeometricObjects (522)
[2026.02.11-02.12.33:340][393]LogModuleManager: Shutting down and abandoning module GeometryCollectionTracks (520)
[2026.02.11-02.12.33:340][393]LogModuleManager: Shutting down and abandoning module GeometryCollectionSequencer (519)
[2026.02.11-02.12.33:340][393]LogModuleManager: Shutting down and abandoning module GeometryCollectionEditor (516)
[2026.02.11-02.12.33:340][393]LogModuleManager: Shutting down and abandoning module GeometryCacheTracks (514)
[2026.02.11-02.12.33:341][393]LogModuleManager: Shutting down and abandoning module GeometryCacheStreamer (512)
[2026.02.11-02.12.33:341][393]LogModuleManager: Shutting down and abandoning module GeometryCacheSequencer (510)
[2026.02.11-02.12.33:341][393]LogModuleManager: Shutting down and abandoning module ChaosSolverEditor (508)
[2026.02.11-02.12.33:341][393]LogModuleManager: Shutting down and abandoning module ChaosNiagara (506)
[2026.02.11-02.12.33:341][393]LogModuleManager: Shutting down and abandoning module ChaosClothEditor (504)
[2026.02.11-02.12.33:341][393]LogModuleManager: Shutting down and abandoning module FractureEditor (502)
[2026.02.11-02.12.33:341][393]LogModuleManager: Shutting down and abandoning module FieldSystemEngine (501)
[2026.02.11-02.12.33:341][393]LogModuleManager: Shutting down and abandoning module BackChannel (498)
[2026.02.11-02.12.33:341][393]LogModuleManager: Shutting down and abandoning module AutomationUtilsEditor (496)
[2026.02.11-02.12.33:341][393]LogModuleManager: Shutting down and abandoning module AutomationUtils (494)
[2026.02.11-02.12.33:341][393]LogModuleManager: Shutting down and abandoning module SpeedTreeImporter (492)
[2026.02.11-02.12.33:341][393]LogModuleManager: Shutting down and abandoning module AlembicImporter (490)
[2026.02.11-02.12.33:341][393]LogModuleManager: Shutting down and abandoning module AlembicLibrary (489)
[2026.02.11-02.12.33:341][393]LogModuleManager: Shutting down and abandoning module GeometryCache (488)
[2026.02.11-02.12.33:341][393]LogModuleManager: Shutting down and abandoning module GeometryCacheEd (487)
[2026.02.11-02.12.33:341][393]LogModuleManager: Shutting down and abandoning module NiagaraEditorWidgets (482)
[2026.02.11-02.12.33:341][393]LogModuleManager: Shutting down and abandoning module StylusInput (480)
[2026.02.11-02.12.33:341][393]LogModuleManager: Shutting down and abandoning module PluginBrowser (478)
[2026.02.11-02.12.33:341][393]LogModuleManager: Shutting down and abandoning module MobileLauncherProfileWizard (476)
[2026.02.11-02.12.33:341][393]LogModuleManager: Shutting down and abandoning module MaterialAnalyzer (474)
[2026.02.11-02.12.33:341][393]LogModuleManager: Shutting down and abandoning module CurveEditorTools (472)
[2026.02.11-02.12.33:341][393]LogModuleManager: Shutting down and abandoning module CryptoKeysOpenSSL (470)
[2026.02.11-02.12.33:341][393]LogModuleManager: Shutting down and abandoning module CryptoKeys (468)
[2026.02.11-02.12.33:341][393]LogModuleManager: Shutting down and abandoning module VisualStudioSourceCodeAccess (466)
[2026.02.11-02.12.33:341][393]LogModuleManager: Shutting down and abandoning module VisualStudioCodeSourceCodeAccess (464)
[2026.02.11-02.12.33:341][393]LogModuleManager: Shutting down and abandoning module PlasticSourceControl (462)
[2026.02.11-02.12.33:341][393]LogModuleManager: Shutting down and abandoning module UObjectPlugin (460)
[2026.02.11-02.12.33:341][393]LogModuleManager: Shutting down and abandoning module SubversionSourceControl (458)
[2026.02.11-02.12.33:341][393]LogModuleManager: Shutting down and abandoning module RiderSourceCodeAccess (456)
[2026.02.11-02.12.33:341][393]LogModuleManager: Shutting down and abandoning module PluginUtils (454)
[2026.02.11-02.12.33:341][393]LogModuleManager: Shutting down and abandoning module AnimationSharingEd (452)
[2026.02.11-02.12.33:341][393]LogModuleManager: Shutting down and abandoning module PerforceSourceControl (450)
[2026.02.11-02.12.33:341][393]LogModuleManager: Shutting down and abandoning module GitSourceControl (448)
[2026.02.11-02.12.33:341][393]LogModuleManager: Shutting down and abandoning module SourceControl (447)
[2026.02.11-02.12.33:341][393]LogModuleManager: Shutting down and abandoning module CLionSourceCodeAccess (444)
[2026.02.11-02.12.33:341][393]LogModuleManager: Shutting down and abandoning module VariantManagerContentEditor (442)
[2026.02.11-02.12.33:341][393]LogModuleManager: Shutting down and abandoning module DatasmithContentEditor (440)
[2026.02.11-02.12.33:341][393]LogModuleManager: Shutting down and abandoning module OodleNetworkHandlerComponent (438)
[2026.02.11-02.12.33:341][393]LogModuleManager: Shutting down and abandoning module LightPropagationVolumeEditor (436)
[2026.02.11-02.12.33:341][393]LogModuleManager: Shutting down and abandoning module LiveLinkSequencer (434)
[2026.02.11-02.12.33:341][393]LogModuleManager: Shutting down and abandoning module LiveLinkMovieScene (432)
[2026.02.11-02.12.33:341][393]LogModuleManager: Shutting down and abandoning module LiveLinkGraphNode (430)
[2026.02.11-02.12.33:341][393]LogModuleManager: Shutting down and abandoning module LiveLinkEditor (428)
[2026.02.11-02.12.33:341][393]LogModuleManager: Shutting down and abandoning module LiveLinkComponents (426)
[2026.02.11-02.12.33:341][393]LogModuleManager: Shutting down and abandoning module LiveLink (424)
[2026.02.11-02.12.33:568][393]LogModuleManager: Shutting down and abandoning module PaperTiledImporter (422)
[2026.02.11-02.12.33:568][393]LogModuleManager: Shutting down and abandoning module PaperSpriteSheetImporter (420)
[2026.02.11-02.12.33:568][393]LogModuleManager: Shutting down and abandoning module Paper2DEditor (418)
[2026.02.11-02.12.33:568][393]LogModuleManager: Shutting down and abandoning module MeshPaintingToolset (416)
[2026.02.11-02.12.33:568][393]LogModuleManager: Shutting down and abandoning module MeshPaintEditorMode (414)
[2026.02.11-02.12.33:568][393]LogModuleManager: Shutting down and abandoning module SoundFields (412)
[2026.02.11-02.12.33:568][393]LogModuleManager: Shutting down and abandoning module SignificanceManager (410)
[2026.02.11-02.12.33:568][393]LogModuleManager: Shutting down and abandoning module RuntimePhysXCooking (408)
[2026.02.11-02.12.33:568][393]LogModuleManager: Shutting down and abandoning module PropertyAccessEditor (406)
[2026.02.11-02.12.33:568][393]LogModuleManager: Shutting down and abandoning module PhysXVehiclesEditor (404)
[2026.02.11-02.12.33:568][393]LogModuleManager: Shutting down and abandoning module LocationServicesBPLibrary (400)
[2026.02.11-02.12.33:568][393]LogModuleManager: Shutting down and abandoning module AudioSynesthesia (398)
[2026.02.11-02.12.33:568][393]LogModuleManager: Shutting down and abandoning module AudioSynesthesiaCore (396)
[2026.02.11-02.12.33:568][393]LogModuleManager: Shutting down and abandoning module ImgMediaEngine (394)
[2026.02.11-02.12.33:568][393]LogModuleManager: Shutting down and abandoning module TcpMessaging (392)
[2026.02.11-02.12.33:669][393]LogModuleManager: Shutting down and abandoning module MagicLeapARPin (390)
[2026.02.11-02.12.33:669][393]LogModuleManager: Shutting down and abandoning module ActorSequence (388)
[2026.02.11-02.12.33:669][393]LogModuleManager: Shutting down and abandoning module UdpMessaging (386)
[2026.02.11-02.12.33:770][393]LogModuleManager: Shutting down and abandoning module PythonScriptPlugin (384)
[2026.02.11-02.12.33:770][393]LogModuleManager: Shutting down and abandoning module MagicLeapHandMeshing (382)
[2026.02.11-02.12.33:770][393]LogModuleManager: Shutting down and abandoning module MagicLeapSecureStorage (380)
[2026.02.11-02.12.33:770][393]LogModuleManager: Shutting down and abandoning module MagicLeapPrivileges (378)
[2026.02.11-02.12.33:770][393]LogModuleManager: Shutting down and abandoning module MagicLeapPlanes (376)
[2026.02.11-02.12.33:770][393]LogMagicLeapPlanes: Planes tracker already destroyed.
[2026.02.11-02.12.33:770][393]LogModuleManager: Shutting down and abandoning module MagicLeapImageTracker (374)
[2026.02.11-02.12.33:770][393]LogModuleManager: Shutting down and abandoning module MagicLeapIdentity (372)
[2026.02.11-02.12.33:770][393]LogModuleManager: Shutting down and abandoning module MagicLeapHandTracking (370)
[2026.02.11-02.12.33:770][393]LogModuleManager: Shutting down and abandoning module MagicLeapEyeTracker (368)
[2026.02.11-02.12.33:770][393]LogModuleManager: Shutting down and abandoning module MagicLeapController (366)
[2026.02.11-02.12.33:770][393]LogModuleManager: Shutting down and abandoning module MagicLeapARPinImpl (364)
[2026.02.11-02.12.33:770][393]LogModuleManager: Shutting down and abandoning module MagicLeapAR (362)
[2026.02.11-02.12.33:770][393]LogModuleManager: Shutting down and abandoning module GameplayTagsEditor (360)
[2026.02.11-02.12.33:770][393]LogModuleManager: Shutting down and abandoning module NiagaraAnimNotifies (358)
[2026.02.11-02.12.33:770][393]LogModuleManager: Shutting down and abandoning module Niagara (356)
[2026.02.11-02.12.33:770][393]LogModuleManager: Shutting down and abandoning module SignalProcessing (355)
[2026.02.11-02.12.33:770][393]LogModuleManager: Shutting down and abandoning module NiagaraEditor (353)
[2026.02.11-02.12.33:770][393]LogModuleManager: Shutting down and abandoning module NiagaraCore (350)
[2026.02.11-02.12.33:770][393]LogModuleManager: Shutting down and abandoning module FacialAnimationEditor (348)
[2026.02.11-02.12.33:770][393]LogModuleManager: Shutting down and abandoning module FacialAnimation (346)
[2026.02.11-02.12.33:770][393]LogModuleManager: Shutting down and abandoning module DataValidation (344)
[2026.02.11-02.12.33:770][393]LogModuleManager: Shutting down and abandoning module AssetManagerEditor (342)
[2026.02.11-02.12.33:771][393]LogModuleManager: Shutting down and abandoning module LevelEditor (341)
[2026.02.11-02.12.33:772][393]LogModuleManager: Shutting down and abandoning module PixelInspectorModule (340)
[2026.02.11-02.12.33:772][393]LogModuleManager: Shutting down and abandoning module CommonMenuExtensions (338)
[2026.02.11-02.12.33:772][393]LogModuleManager: Shutting down and abandoning module MainFrame (336)
[2026.02.11-02.12.33:772][393]LogModuleManager: Shutting down and abandoning module HotReload (335)
[2026.02.11-02.12.33:773][393]LogModuleManager: Shutting down and abandoning module ToolMenus (331)
[2026.02.11-02.12.33:773][393]LogModuleManager: Shutting down and abandoning module ContentBrowser (329)
[2026.02.11-02.12.33:773][393]LogModuleManager: Shutting down and abandoning module ContentBrowserData (328)
[2026.02.11-02.12.33:773][393]LogModuleManager: Shutting down and abandoning module TreeMap (325)
[2026.02.11-02.12.33:773][393]LogModuleManager: Shutting down and abandoning module PropertyAccessNode (322)
[2026.02.11-02.12.33:773][393]LogModuleManager: Shutting down and abandoning module AnimationSharing (320)
[2026.02.11-02.12.33:773][393]LogModuleManager: Shutting down and abandoning module GameplayCameras (318)
[2026.02.11-02.12.33:773][393]LogModuleManager: Shutting down and abandoning module LightPropagationVolumeRuntime (316)
[2026.02.11-02.12.33:773][393]LogModuleManager: Shutting down and abandoning module EnvironmentQueryEditor (314)
[2026.02.11-02.12.33:773][393]LogModuleManager: Shutting down and abandoning module Paper2D (312)
[2026.02.11-02.12.33:773][393]LogModuleManager: Shutting down and abandoning module WindowsMoviePlayer (310)
[2026.02.11-02.12.33:773][393]LogModuleManager: Shutting down and abandoning module WebMMoviePlayer (308)
[2026.02.11-02.12.33:773][393]LogModuleManager: Shutting down and abandoning module NetworkReplayStreaming (306)
[2026.02.11-02.12.33:773][393]LogModuleManager: Shutting down and abandoning module PacketHandler (304)
[2026.02.11-02.12.33:773][393]LogModuleManager: Shutting down and abandoning module ClothingSystemEditor (302)
[2026.02.11-02.12.33:773][393]LogModuleManager: Shutting down and abandoning module ClothingSystemRuntimeNv (300)
[2026.02.11-02.12.33:773][393]LogModuleManager: Shutting down and abandoning module MediaAssets (298)
[2026.02.11-02.12.33:773][393]LogModuleManager: Shutting down and abandoning module Overlay (296)
[2026.02.11-02.12.33:773][393]LogModuleManager: Shutting down and abandoning module OverlayEditor (295)
[2026.02.11-02.12.33:773][393]LogModuleManager: Shutting down and abandoning module VREditor (292)
[2026.02.11-02.12.33:773][393]LogModuleManager: Shutting down and abandoning module StringTableEditor (290)
[2026.02.11-02.12.33:773][393]LogModuleManager: Shutting down and abandoning module GameplayTasksEditor (288)
[2026.02.11-02.12.33:773][393]LogModuleManager: Shutting down and abandoning module BehaviorTreeEditor (286)
[2026.02.11-02.12.33:773][393]LogModuleManager: Shutting down and abandoning module FunctionalTesting (284)
[2026.02.11-02.12.33:773][393]LogModuleManager: Shutting down and abandoning module CollisionAnalyzer (282)
[2026.02.11-02.12.33:773][393]LogModuleManager: Shutting down and abandoning module WorkspaceMenuStructure (281)
[2026.02.11-02.12.33:773][393]LogModuleManager: Shutting down and abandoning module UMG (278)
[2026.02.11-02.12.33:773][393]LogModuleManager: Shutting down and abandoning module UMGEditor (277)
[2026.02.11-02.12.33:773][393]LogModuleManager: Shutting down and abandoning module MessageLog (275)
[2026.02.11-02.12.33:773][393]LogModuleManager: Shutting down and abandoning module SlateReflector (270)
[2026.02.11-02.12.33:774][393]LogModuleManager: Shutting down and abandoning module Slate (268)
[2026.02.11-02.12.33:774][393]LogModuleManager: Shutting down and abandoning module SlateCore (266)
[2026.02.11-02.12.33:775][393]LogModuleManager: Shutting down and abandoning module LandscapeEditorUtilities (264)
[2026.02.11-02.12.33:775][393]LogModuleManager: Shutting down and abandoning module UnrealEd (262)
[2026.02.11-02.12.33:775][393]LogModuleManager: Shutting down and abandoning module MRMesh (260)
[2026.02.11-02.12.33:775][393]LogModuleManager: Shutting down and abandoning module SourceCodeAccess (258)
[2026.02.11-02.12.33:775][393]LogModuleManager: Shutting down and abandoning module HeadMountedDisplay (256)
[2026.02.11-02.12.33:775][393]LogModuleManager: Shutting down and abandoning module XAudio2 (254)
[2026.02.11-02.12.33:775][393]LogModuleManager: Shutting down and abandoning module Networking (252)
[2026.02.11-02.12.33:775][393]LogModuleManager: Shutting down and abandoning module Core (250)
[2026.02.11-02.12.33:775][393]LogModuleManager: Shutting down and abandoning module MaterialEditor (248)
[2026.02.11-02.12.33:775][393]LogModuleManager: Shutting down and abandoning module MovieSceneTools (246)
[2026.02.11-02.12.33:775][393]LogModuleManager: Shutting down and abandoning module CurveEditor (245)
[2026.02.11-02.12.33:775][393]LogModuleManager: Shutting down and abandoning module Sequencer (243)
[2026.02.11-02.12.33:775][393]LogModuleManager: Shutting down and abandoning module EditorStyle (242)
[2026.02.11-02.12.33:777][393]LogModuleManager: Shutting down and abandoning module KismetCompiler (238)
[2026.02.11-02.12.33:777][393]LogModuleManager: Shutting down and abandoning module MeshBuilder (236)
[2026.02.11-02.12.33:777][393]LogModuleManager: Shutting down and abandoning module MeshUtilities (234)
[2026.02.11-02.12.33:777][393]LogModuleManager: Shutting down and abandoning module MeshMergeUtilities (233)
[2026.02.11-02.12.33:777][393]LogModuleManager: Shutting down and abandoning module MeshReductionInterface (232)
[2026.02.11-02.12.33:777][393]LogModuleManager: Shutting down and abandoning module MeshBoneReduction (231)
[2026.02.11-02.12.33:777][393]LogModuleManager: Shutting down and abandoning module SkeletalMeshReduction (229)
[2026.02.11-02.12.33:777][393]LogModuleManager: Shutting down and abandoning module ProxyLODMeshReduction (227)
[2026.02.11-02.12.33:777][393]LogModuleManager: Shutting down and abandoning module QuadricMeshReduction (225)
[2026.02.11-02.12.33:777][393]LogModuleManager: Shutting down and abandoning module MaterialBaking (221)
[2026.02.11-02.12.33:777][393]LogModuleManager: Shutting down and abandoning module NullInstallBundleManager (216)
[2026.02.11-02.12.33:777][393]LogModuleManager: Shutting down and abandoning module DerivedDataCache (214)
[2026.02.11-02.12.33:777][393]LogModuleManager: Shutting down and abandoning module TargetPlatform (212)
[2026.02.11-02.12.33:777][393]LogModuleManager: Shutting down and abandoning module VulkanShaderFormat (211)
[2026.02.11-02.12.33:778][393]LogModuleManager: Shutting down and abandoning module ShaderFormatVectorVM (209)
[2026.02.11-02.12.33:778][393]LogModuleManager: Shutting down and abandoning module ShaderFormatOpenGL (207)
[2026.02.11-02.12.33:778][393]LogModuleManager: Shutting down and abandoning module ShaderFormatD3D (205)
[2026.02.11-02.12.33:778][393]LogModuleManager: Shutting down and abandoning module MetalShaderFormat (203)
[2026.02.11-02.12.33:778][393]LogModuleManager: Shutting down and abandoning module TextureFormatOodle (201)
[2026.02.11-02.12.33:778][393]LogModuleManager: Shutting down and abandoning module TextureFormatUncompressed (199)
[2026.02.11-02.12.33:778][393]LogModuleManager: Shutting down and abandoning module TextureFormatPVR (197)
[2026.02.11-02.12.33:778][393]LogModuleManager: Shutting down and abandoning module TextureFormatETC2 (195)
[2026.02.11-02.12.33:778][393]LogModuleManager: Shutting down and abandoning module TextureFormatDXT (193)
[2026.02.11-02.12.33:778][393]LogModuleManager: Shutting down and abandoning module TextureFormatIntelISPCTexComp (191)
[2026.02.11-02.12.33:778][393]LogModuleManager: Shutting down and abandoning module TextureFormatASTC (189)
[2026.02.11-02.12.33:778][393]LogModuleManager: Shutting down and abandoning module ImageWrapper (188)
[2026.02.11-02.12.33:778][393]LogModuleManager: Shutting down and abandoning module AudioFormatOpus (185)
[2026.02.11-02.12.33:778][393]LogModuleManager: Shutting down and abandoning module AudioFormatOgg (183)
[2026.02.11-02.12.33:778][393]LogModuleManager: Shutting down and abandoning module AudioFormatADPCM (181)
[2026.02.11-02.12.33:778][393]LogModuleManager: Shutting down and abandoning module WindowsServerTargetPlatform (179)
[2026.02.11-02.12.33:778][393]LogModuleManager: Shutting down and abandoning module WindowsClientTargetPlatform (177)
[2026.02.11-02.12.33:778][393]LogModuleManager: Shutting down and abandoning module WindowsTargetPlatform (175)
[2026.02.11-02.12.33:778][393]LogModuleManager: Shutting down and abandoning module WindowsNoEditorTargetPlatform (173)
[2026.02.11-02.12.33:778][393]LogModuleManager: Shutting down and abandoning module TVOSTargetPlatform (171)
[2026.02.11-02.12.33:779][393]LogModuleManager: Shutting down and abandoning module MacServerTargetPlatform (169)
[2026.02.11-02.12.33:779][393]LogModuleManager: Shutting down and abandoning module MacClientTargetPlatform (167)
[2026.02.11-02.12.33:779][393]LogModuleManager: Shutting down and abandoning module MacTargetPlatform (165)
[2026.02.11-02.12.33:779][393]LogModuleManager: Shutting down and abandoning module MacNoEditorTargetPlatform (163)
[2026.02.11-02.12.33:779][393]LogModuleManager: Shutting down and abandoning module LuminTargetPlatform (161)
[2026.02.11-02.12.33:781][393]LogModuleManager: Shutting down and abandoning module LinuxAArch64ServerTargetPlatform (159)
[2026.02.11-02.12.33:781][393]LogModuleManager: Shutting down and abandoning module LinuxAArch64ClientTargetPlatform (157)
[2026.02.11-02.12.33:781][393]LogModuleManager: Shutting down and abandoning module LinuxAArch64NoEditorTargetPlatform (155)
[2026.02.11-02.12.33:781][393]LogModuleManager: Shutting down and abandoning module LinuxServerTargetPlatform (153)
[2026.02.11-02.12.33:781][393]LogModuleManager: Shutting down and abandoning module LinuxClientTargetPlatform (151)
[2026.02.11-02.12.33:781][393]LogModuleManager: Shutting down and abandoning module LinuxNoEditorTargetPlatform (149)
[2026.02.11-02.12.33:781][393]LogModuleManager: Shutting down and abandoning module LinuxTargetPlatform (147)
[2026.02.11-02.12.33:781][393]LogModuleManager: Shutting down and abandoning module Messaging (145)
[2026.02.11-02.12.33:781][393]LogModuleManager: Shutting down and abandoning module IOSTargetPlatform (143)
[2026.02.11-02.12.33:782][393]LogModuleManager: Shutting down and abandoning module AndroidTargetPlatform (141)
[2026.02.11-02.12.33:786][393]LogModuleManager: Shutting down and abandoning module AllDesktopTargetPlatform (139)
[2026.02.11-02.12.33:787][393]LogModuleManager: Shutting down and abandoning module D3D11RHI (136)
[2026.02.11-02.12.33:787][393]LogModuleManager: Shutting down and abandoning module InputCore (134)
[2026.02.11-02.12.33:787][393]LogModuleManager: Shutting down and abandoning module Settings (132)
[2026.02.11-02.12.33:787][393]LogModuleManager: Shutting down and abandoning module DirectoryWatcher (130)
[2026.02.11-02.12.33:787][393]LogModuleManager: Shutting down and abandoning module PhysXCooking (128)
[2026.02.11-02.12.33:787][393]LogModuleManager: Shutting down and abandoning module Chaos (126)
[2026.02.11-02.12.33:787][393]LogModuleManager: Shutting down and abandoning module WindowsPlatformFeatures (124)
[2026.02.11-02.12.33:787][393]LogModuleManager: Shutting down and abandoning module GameplayMediaEncoder (123)
[2026.02.11-02.12.33:787][393]LogModuleManager: Shutting down and abandoning module AVEncoder (122)
[2026.02.11-02.12.33:787][393]LogModuleManager: Shutting down and abandoning module SteamVRInputDevice (118)
[2026.02.11-02.12.33:787][393]LogModuleManager: Shutting down and abandoning module SteamVRInput (116)
[2026.02.11-02.12.33:787][393]LogModuleManager: Shutting down and abandoning module SteamVR (114)
[2026.02.11-02.12.33:787][393]LogHMD: Freeing OpenVRDLLHandle.
[2026.02.11-02.12.33:787][393]LogModuleManager: Shutting down and abandoning module OculusHMD (112)
[2026.02.11-02.12.33:787][393]LogModuleManager: Shutting down and abandoning module OpenXRHandTracking (110)
[2026.02.11-02.12.33:787][393]LogSlate: Slate User Destroyed.  User Index 0, Is Virtual User: 0
[2026.02.11-02.12.33:787][393]LogModuleManager: Shutting down and abandoning module OpenXREyeTracker (108)
[2026.02.11-02.12.33:787][393]LogModuleManager: Shutting down and abandoning module OpenXRAR (106)
[2026.02.11-02.12.33:787][393]LogModuleManager: Shutting down and abandoning module AugmentedReality (105)
[2026.02.11-02.12.33:787][393]LogModuleManager: Shutting down and abandoning module OpenXRHMD (102)
[2026.02.11-02.12.33:787][393]LogModuleManager: Shutting down and abandoning module HairStrandsCore (100)
[2026.02.11-02.12.33:787][393]LogModuleManager: Shutting down and abandoning module ExampleDeviceProfileSelector (98)
[2026.02.11-02.12.33:787][393]LogModuleManager: Shutting down and abandoning module ChunkDownloader (96)
[2026.02.11-02.12.33:788][393]LogModuleManager: Shutting down and abandoning module WmfMedia (94)
[2026.02.11-02.12.33:791][393]LogModuleManager: Shutting down and abandoning module Media (93)
[2026.02.11-02.12.33:792][393]LogModuleManager: Shutting down and abandoning module MediaInfo (92)
[2026.02.11-02.12.33:792][393]LogModuleManager: Shutting down and abandoning module ExrReaderGpu (88)
[2026.02.11-02.12.33:792][393]LogModuleManager: Shutting down and abandoning module LauncherChunkInstaller (86)
[2026.02.11-02.12.33:792][393]LogModuleManager: Shutting down and abandoning module OnlineBlueprintSupport (84)
[2026.02.11-02.12.33:792][393]LogModuleManager: Shutting down and abandoning module OnlineSubsystem (80)
[2026.02.11-02.12.33:794][393]LogModuleManager: Shutting down and abandoning module XMPP (75)
[2026.02.11-02.12.33:794][393]LogModuleManager: Shutting down and abandoning module WebSockets (74)
[2026.02.11-02.12.33:830][393]LogModuleManager: Shutting down and abandoning module HTTP (71)
[2026.02.11-02.12.33:831][393]LogHttp: Display: Http module shutting down, but needs to wait on 1 outstanding Http requests:
[2026.02.11-02.12.33:831][393]LogHttp: Display: 	verb=[POST] url=[https://datarouter.ol.epicgames.com/datarouter/api/v1/public/data?SessionID=%7BCC3B463B-45B3-6EB6-6805-CBAA7001E591%7D&AppID=UEEditor.Rocket.Release&AppVersion=4.27.2-18319896%2B%2B%2BUE4%2BRelease-4.27&UserID=0453ca9343d345238c7566a86fa14d46%7Cf4dca9ad26044d4bb8e854493f27655c%7Cfec8be6a-ec3b-4d19-80eb-7c2df42cb4c7&AppEnvironment=datacollector-binary&UploadType=eteventstream] refs=[1] status=Processing
[2026.02.11-02.12.33:831][393]LogHttp: Display: cleaning up 1 outstanding Http requests.
[2026.02.11-02.12.33:838][393]LogModuleManager: Shutting down and abandoning module SSL (70)
[2026.02.11-02.12.33:839][393]LogModuleManager: Shutting down and abandoning module MLSDK (66)
[2026.02.11-02.12.33:839][393]LogModuleManager: Shutting down and abandoning module MagicLeap (64)
[2026.02.11-02.12.33:839][393]LogModuleManager: Shutting down and abandoning module ChaosCloth (62)
[2026.02.11-02.12.33:839][393]LogModuleManager: Shutting down and abandoning module NiagaraVertexFactories (60)
[2026.02.11-02.12.33:839][393]LogModuleManager: Shutting down and abandoning module NiagaraShader (58)
[2026.02.11-02.12.33:839][393]LogModuleManager: Shutting down and abandoning module PixWinPlugin (56)
[2026.02.11-02.12.33:839][393]LogModuleManager: Shutting down and abandoning module VariantManagerContent (54)
[2026.02.11-02.12.33:839][393]LogModuleManager: Shutting down and abandoning module DatasmithContent (52)
[2026.02.11-02.12.33:840][393]LogModuleManager: Shutting down and abandoning module AISupportModule (50)
[2026.02.11-02.12.33:840][393]LogModuleManager: Shutting down and abandoning module DesktopPlatform (48)
[2026.02.11-02.12.33:840][393]LogModuleManager: Shutting down and abandoning module PythonScriptPluginPreload (46)
[2026.02.11-02.12.33:840][393]LogModuleManager: Shutting down and abandoning module PlatformCryptoOpenSSL (44)
[2026.02.11-02.12.33:840][393]LogModuleManager: Shutting down and abandoning module PlatformCryptoTypes (42)
[2026.02.11-02.12.33:840][393]LogModuleManager: Shutting down and abandoning module PlatformCrypto (40)
[2026.02.11-02.12.33:840][393]LogModuleManager: Shutting down and abandoning module OodleDataCompressionFormat (38)
[2026.02.11-02.12.33:841][393]LogModuleManager: Shutting down and abandoning module XGEController (36)
[2026.02.11-02.12.33:841][393]LogModuleManager: Shutting down and abandoning module AnimationModifiers (34)
[2026.02.11-02.12.33:841][393]LogModuleManager: Shutting down and abandoning module AudioEditor (32)
[2026.02.11-02.12.33:841][393]LogModuleManager: Shutting down and abandoning module PropertyEditor (31)
[2026.02.11-02.12.33:841][393]LogModuleManager: Shutting down and abandoning module TextureCompressor (28)
[2026.02.11-02.12.33:841][393]LogModuleManager: Shutting down and abandoning module RenderCore (26)
[2026.02.11-02.12.33:841][393]LogModuleManager: Shutting down and abandoning module Landscape (24)
[2026.02.11-02.12.33:841][393]LogModuleManager: Shutting down and abandoning module SlateRHIRenderer (22)
[2026.02.11-02.12.33:842][393]LogModuleManager: Shutting down and abandoning module AnimGraphRuntime (20)
[2026.02.11-02.12.33:842][393]LogModuleManager: Shutting down and abandoning module Renderer (18)
[2026.02.11-02.12.33:843][393]LogModuleManager: Shutting down and abandoning module Engine (16)
[2026.02.11-02.12.33:843][393]LogModuleManager: Shutting down and abandoning module CoreUObject (14)
[2026.02.11-02.12.33:843][393]LogModuleManager: Shutting down and abandoning module NetworkFile (12)
[2026.02.11-02.12.33:843][393]LogModuleManager: Shutting down and abandoning module CookedIterativeFile (10)
[2026.02.11-02.12.33:843][393]LogModuleManager: Shutting down and abandoning module StreamingFile (8)
[2026.02.11-02.12.33:843][393]LogModuleManager: Shutting down and abandoning module SandboxFile (6)
[2026.02.11-02.12.33:843][393]LogModuleManager: Shutting down and abandoning module PakFile (4)
[2026.02.11-02.12.33:843][393]LogModuleManager: Shutting down and abandoning module RSA (3)
[2026.02.11-02.12.33:917][393]LogContentStreaming: Display: There are 1 unreleased StreamingManagers
[2026.02.11-02.12.33:943][393]LogD3D11RHI: Shutdown
[2026.02.11-02.12.33:943][393]LogD3D11RHI: CleanupD3DDevice
[2026.02.11-02.12.33:946][393]LogExit: Exiting.
[2026.02.11-02.12.33:956][393]Log file closed, 02/11/26 10:12:33
